artwork_id,title,artist_id,category_id,year_created,inventory_status,acquisition_date,retail_price
201,Artwork Title 2114,237,1,2014,Sold,2021-10-20,5964.54
202,Artwork Title 2387,430,1,2011,Sold,2022-11-05,7551.9
203,Artwork Title 2673,466,10,2009,Sold,2022-10-16,5600.01
204,Artwork Title 1294,284,4,2007,Sold,2022-01-04,4674.96
205,Artwork Title 1095,151,4,2015,Sold,2023-11-03,6254.29
206,Artwork Title 90,198,8,2018,Sold,2021-10-15,6021.86
207,Artwork Title 2689,425,1,2021,Sold,2023-04-21,6400.2
208,Artwork Title 1946,472,5,2021,Sold,2022-02-04,7478.66
209,Artwork Title 2506,268,10,2019,Sold,2021-06-09,5882.59
210,Artwork Title 1363,310,2,2017,Sold,2022-01-03,6197.26
211,Artwork Title 472,419,5,2003,Sold,2021-07-07,5048.69
212,Artwork Title 164,408,4,2016,Sold,2022-02-10,4748.65
213,Artwork Title 2187,253,4,2000,Sold,2021-07-09,9907.08
214,Artwork Title 2024,178,2,2005,Sold,2021-07-28,5683.9
215,Artwork Title 647,147,5,2010,Sold,2022-07-31,10052.03
216,Artwork Title 109,468,9,2007,Sold,2022-10-11,2128.16
217,Artwork Title 1366,184,5,2012,Sold,2021-09-21,5290.76
218,Artwork Title 2765,232,5,2000,Sold,2022-08-03,5636.17
219,Artwork Title 2143,470,3,2003,Sold,2021-09-17,5914.21
220,Artwork Title 2497,490,3,2019,Sold,2024-12-14,1156.82
221,Artwork Title 409,388,8,2001,Sold,2021-11-07,6755.71
222,Artwork Title 2450,271,7,2015,Sold,2021-02-22,4599.72
223,Artwork Title 916,479,3,2022,Sold,2022-04-27,5574.23
224,Artwork Title 2521,324,1,2003,Sold,2022-06-21,2645.94
225,Artwork Title 2568,303,5,2009,Sold,2021-06-14,4641.35
226,Artwork Title 1949,237,3,2012,Sold,2024-04-26,7193.13
227,Artwork Title 1752,441,1,2000,Sold,2021-07-22,7824.65
228,Artwork Title 1569,312,2,2007,Sold,2023-01-28,4976.65
229,Artwork Title 183,167,2,2018,Sold,2022-04-17,5256.74
230,Artwork Title 502,221,1,2009,In Stock,2019-05-10,8234.74
231,Artwork Title 1682,372,3,2018,In Stock,2025-04-07,9210.32
232,Artwork Title 2085,322,7,2016,Sold,2023-11-01,9600.17
233,Artwork Title 2296,108,4,2020,In Stock,2025-03-26,2712.63
234,Artwork Title 2080,236,3,2021,Sold,2023-05-28,5233.38
235,Artwork Title 2051,440,10,2009,Sold,2021-09-20,3126.24
236,Artwork Title 2320,203,8,2006,Sold,2022-05-03,3952.72
237,Artwork Title 2031,290,8,2009,Sold,2021-09-22,5906.34
238,Artwork Title 189,156,6,2001,Sold,2022-06-04,6635.83
239,Artwork Title 1705,359,6,2003,Sold,2022-11-09,6577.48
240,Artwork Title 2374,346,6,2007,Sold,2022-01-22,6090.0
241,Artwork Title 1715,210,3,2007,Sold,2021-08-28,5427.57
242,Artwork Title 2225,393,9,2007,Sold,2022-08-31,6239.84
243,Artwork Title 37,172,1,2003,Sold,2022-10-07,7087.53
244,Artwork Title 2486,354,9,2001,In Stock,2025-04-20,6716.47
245,Artwork Title 1361,282,7,2017,Sold,2021-11-05,6414.38
246,Artwork Title 901,417,4,2011,In Stock,2017-03-11,5036.45
247,Artwork Title 833,314,2,2019,Sold,2021-08-16,5285.9
248,Artwork Title 879,294,3,2008,Sold,2022-07-19,9047.11
249,Artwork Title 1322,218,7,2022,Sold,2024-03-09,7961.16
250,Artwork Title 2684,421,5,2007,Sold,2023-06-22,3255.25
251,Artwork Title 356,127,1,2023,Sold,2021-06-30,3922.32
252,Artwork Title 576,200,6,2007,In Stock,2023-04-28,9241.94
253,Artwork Title 702,388,1,2011,Sold,2024-05-24,10016.06
254,Artwork Title 1823,372,3,2017,Sold,2021-08-17,4991.38
255,Artwork Title 2047,118,2,2020,Sold,2021-10-20,6700.77
256,Artwork Title 1413,208,5,2002,Sold,2021-03-12,5319.18
257,Artwork Title 317,305,10,2010,Sold,2023-03-11,3396.68
258,Artwork Title 634,284,4,2001,Sold,2021-09-02,3039.32
259,Artwork Title 2364,173,9,2006,Sold,2022-05-06,5154.32
260,Artwork Title 761,331,7,2012,Sold,2025-01-10,8189.78
261,Artwork Title 491,468,5,2018,Sold,2022-09-06,9010.73
262,Artwork Title 1442,103,7,2008,Sold,2022-03-15,6863.85
263,Artwork Title 2464,288,2,2022,Sold,2023-07-30,5382.8
264,Artwork Title 302,128,2,2004,Sold,2023-03-13,1653.78
265,Artwork Title 1040,328,7,2000,Sold,2023-10-15,6457.55
266,Artwork Title 292,370,10,2018,Sold,2022-03-29,2850.35
267,Artwork Title 970,386,5,2012,Sold,2022-07-14,5871.41
268,Artwork Title 1507,400,4,2019,Sold,2022-02-01,5814.7
269,Artwork Title 655,248,6,2001,Sold,2022-08-06,5713.02
270,Artwork Title 260,456,3,2019,In Stock,2020-11-07,3029.24
271,Artwork Title 1321,136,7,2017,In Stock,2018-03-14,2678.02
272,Artwork Title 825,122,4,2022,Sold,2023-11-08,8021.17
273,Artwork Title 2204,272,6,2018,Sold,2023-07-10,7417.21
274,Artwork Title 2098,107,10,2006,In Stock,2019-02-14,9486.86
275,Artwork Title 624,163,10,2006,Sold,2022-03-20,4037.73
276,Artwork Title 305,337,7,2018,Sold,2024-08-14,5063.75
277,Artwork Title 1272,311,1,2016,Sold,2021-04-06,5560.04
278,Artwork Title 2685,217,4,2018,Sold,2022-07-27,5650.43
279,Artwork Title 2059,126,1,2019,Sold,2022-08-26,5246.12
280,Artwork Title 1951,138,5,2010,Sold,2022-02-10,1132.5
281,Artwork Title 2708,265,7,2023,Sold,2024-04-02,3399.28
282,Artwork Title 1522,166,5,2011,Sold,2021-07-11,6989.45
283,Artwork Title 2667,427,7,2011,Sold,2022-03-03,6980.34
284,Artwork Title 243,202,9,2008,Sold,2025-01-01,6977.71
285,Artwork Title 1340,199,10,2017,Sold,2022-03-31,8017.48
286,Artwork Title 1423,433,9,2018,Sold,2022-11-21,10183.72
287,Artwork Title 1335,380,7,2009,Sold,2023-06-09,8492.57
288,Artwork Title 92,189,4,2018,Sold,2023-10-13,4999.21
289,Artwork Title 1031,481,8,2014,Sold,2022-02-22,2855.72
290,Artwork Title 139,490,10,2018,Sold,2021-04-09,4602.17
291,Artwork Title 2306,476,7,2019,Sold,2024-04-06,10624.22
292,Artwork Title 315,349,9,2007,Sold,2021-08-18,5318.78
293,Artwork Title 2617,407,7,2005,Sold,2022-06-04,6508.16
294,Artwork Title 2234,371,1,2005,Sold,2023-10-05,7468.01
295,Artwork Title 2563,405,9,2001,Sold,2022-08-11,5388.92
296,Artwork Title 2153,469,7,2009,Sold,2022-11-26,7907.6
297,Artwork Title 729,123,8,2009,In Stock,2015-01-07,9512.29
298,Artwork Title 96,296,5,2017,Sold,2021-07-19,10039.22
299,Artwork Title 530,188,3,2009,Sold,2022-08-01,5927.95
300,Artwork Title 616,417,7,2001,Sold,2024-01-09,5693.71
301,Artwork Title 2767,429,1,2019,Sold,2025-07-23,8398.57
302,Artwork Title 2761,335,9,2011,Sold,2022-01-27,6921.55
303,Artwork Title 2618,247,7,2000,Sold,2022-02-21,1462.19
304,Artwork Title 666,476,5,2011,Sold,2021-04-14,6223.18
305,Artwork Title 2013,309,6,2009,Sold,2022-10-10,5313.22
306,Artwork Title 1144,186,10,2000,Sold,2023-09-11,3862.43
307,Artwork Title 1537,141,4,2002,Sold,2025-04-06,4551.84
308,Artwork Title 55,161,4,2019,Sold,2021-12-13,6213.73
309,Artwork Title 424,489,4,2022,Sold,2021-03-27,6779.14
310,Artwork Title 1456,230,4,2020,In Stock,2023-01-20,5794.51
311,Artwork Title 1580,115,10,2015,Sold,2021-07-27,7947.76
312,Artwork Title 2576,422,10,2020,Sold,2024-08-08,2714.64
313,Artwork Title 395,423,8,2019,Sold,2022-07-14,6320.85
314,Artwork Title 207,235,8,2020,Sold,2022-01-08,5507.99
315,Artwork Title 479,280,5,2013,Sold,2024-10-11,8094.54
316,Artwork Title 1737,379,3,2014,Sold,2023-07-26,3130.96
317,Artwork Title 796,283,1,2015,Sold,2021-11-30,4593.35
318,Artwork Title 2006,276,6,2009,Sold,2022-06-19,8092.45
319,Artwork Title 1534,341,7,2016,Sold,2022-09-10,5571.89
320,Artwork Title 1642,253,5,2009,Sold,2021-10-27,9254.54
321,Artwork Title 1124,366,4,2006,In Stock,2016-09-22,4276.41
322,Artwork Title 2446,333,2,2018,Sold,2021-11-14,5999.63
323,Artwork Title 200,414,4,2014,Sold,2023-05-17,6457.43
324,Artwork Title 1014,425,7,2001,Sold,2022-02-13,4458.72
325,Artwork Title 1579,485,9,2008,Sold,2021-11-06,1563.76
326,Artwork Title 420,280,9,2018,Sold,2021-12-26,4663.81
327,Artwork Title 642,173,2,2010,Sold,2022-10-08,3817.9
328,Artwork Title 462,419,7,2004,Sold,2021-04-12,5870.96
329,Artwork Title 487,378,3,2018,Sold,2023-01-14,6619.84
330,Artwork Title 308,426,5,2017,Sold,2022-05-10,7370.45
331,Artwork Title 2663,287,4,2005,Sold,2022-11-19,4851.97
332,Artwork Title 610,294,5,2009,Sold,2021-12-14,3811.67
333,Artwork Title 1609,220,10,2002,Sold,2023-03-06,9435.78
334,Artwork Title 2351,429,5,2020,Sold,2024-11-02,8100.56
335,Artwork Title 844,266,7,2002,Sold,2022-01-14,2879.95
336,Artwork Title 2649,114,4,2009,Sold,2024-04-17,8750.54
337,Artwork Title 2203,449,5,2003,Sold,2022-10-09,8065.31
338,Artwork Title 1550,481,7,2022,Sold,2024-02-05,5895.05
339,Artwork Title 161,487,2,2020,Sold,2021-03-02,6536.66
340,Artwork Title 307,484,5,2011,Sold,2022-04-22,4007.1
341,Artwork Title 2022,445,4,2009,Sold,2023-03-04,3150.05
342,Artwork Title 903,432,1,2006,Sold,2022-07-13,6538.12
343,Artwork Title 2316,289,3,2012,Sold,2021-07-23,6513.45
344,Artwork Title 2523,236,3,2003,Sold,2022-02-01,3517.36
345,Artwork Title 1776,447,1,2009,Sold,2022-12-06,6544.21
346,Artwork Title 2605,175,1,2010,Sold,2022-02-22,7699.58
347,Artwork Title 1811,406,8,2016,Sold,2021-07-15,3859.38
348,Artwork Title 2238,435,1,2022,Sold,2024-03-14,9046.37
349,Artwork Title 1858,453,6,2017,Sold,2021-04-15,6236.31
350,Artwork Title 262,106,3,2019,Sold,2022-06-09,5315.38
351,Artwork Title 1089,275,8,2008,Sold,2022-01-28,5385.38
352,Artwork Title 2038,129,5,2001,Sold,2021-11-02,6318.64
353,Artwork Title 2127,347,2,2002,Sold,2024-01-05,3045.11
354,Artwork Title 995,240,7,2018,Sold,2021-11-23,5864.82
355,Artwork Title 2380,396,6,2019,Sold,2023-01-27,2886.45
356,Artwork Title 2302,144,3,2001,Sold,2023-03-05,5342.05
357,Artwork Title 1218,214,4,2015,Sold,2022-09-27,3987.03
358,Artwork Title 711,130,7,2000,Sold,2022-07-31,6148.83
359,Artwork Title 1706,201,3,2012,Sold,2021-06-25,5049.57
360,Artwork Title 2736,309,8,2000,Sold,2021-03-08,2658.62
361,Artwork Title 1516,448,8,2013,Sold,2023-03-21,4488.77
362,Artwork Title 2375,398,4,2009,Sold,2021-11-18,7099.07
363,Artwork Title 950,187,1,2005,Sold,2021-08-19,4595.98
364,Artwork Title 1844,500,9,2002,Sold,2022-05-05,6384.68
365,Artwork Title 1285,117,5,2017,Sold,2021-08-08,4814.7
366,Artwork Title 2421,193,9,2005,Sold,2022-08-27,7042.82
367,Artwork Title 6,125,6,2008,Sold,2022-11-24,6126.55
368,Artwork Title 2049,476,2,2014,Sold,2025-04-06,3752.63
369,Artwork Title 2741,131,7,2014,Sold,2022-06-14,1948.96
370,Artwork Title 623,386,7,2006,Sold,2021-12-17,7398.35
371,Artwork Title 706,312,4,2011,In Stock,2025-04-10,7574.87
372,Artwork Title 1906,190,8,2001,Sold,2021-11-22,5461.92
373,Artwork Title 1545,315,5,2011,Sold,2022-09-06,7612.62
374,Artwork Title 811,419,6,2005,Sold,2024-01-16,4089.44
375,Artwork Title 1595,116,10,2020,In Stock,2022-09-29,8236.9
376,Artwork Title 2193,204,7,2011,In Stock,2024-06-26,2452.54
377,Artwork Title 1268,233,10,2001,Sold,2022-08-16,8083.43
378,Artwork Title 42,158,3,2021,In Stock,2024-03-17,9930.06
379,Artwork Title 358,163,7,2017,Sold,2022-04-21,6926.24
380,Artwork Title 1490,277,2,2010,In Stock,2022-03-01,9372.54
381,Artwork Title 2233,194,3,2012,Sold,2022-08-10,4567.94
382,Artwork Title 91,272,1,2005,Sold,2022-09-02,5886.01
383,Artwork Title 2164,407,8,2008,Sold,2021-08-26,6362.49
384,Artwork Title 2434,267,7,2005,Sold,2023-01-23,3336.56
385,Artwork Title 559,429,3,2011,In Stock,2021-03-03,8543.93
386,Artwork Title 275,129,5,2009,Sold,2023-03-04,5390.79
387,Artwork Title 973,276,5,2002,Sold,2021-09-21,5625.35
388,Artwork Title 1193,203,7,2019,Sold,2021-05-20,5707.14
389,Artwork Title 1544,121,8,2009,In Stock,2022-07-24,1732.71
390,Artwork Title 203,163,8,2004,Sold,2022-06-28,7524.55
391,Artwork Title 525,338,9,2011,Sold,2022-02-03,3199.91
392,Artwork Title 45,127,5,2011,Sold,2021-11-10,4849.29
393,Artwork Title 402,200,4,2011,In Stock,2019-12-05,2595.37
394,Artwork Title 1795,196,9,2023,Sold,2021-12-16,6958.77
395,Artwork Title 473,274,1,2010,Sold,2025-01-28,9300.04
396,Artwork Title 552,185,6,2000,Sold,2021-09-11,5075.86
397,Artwork Title 829,102,10,2020,In Stock,2015-03-18,4081.67
398,Artwork Title 1889,220,3,2016,Sold,2021-09-08,5074.28
399,Artwork Title 337,472,10,2005,Sold,2022-12-07,6651.04
400,Artwork Title 1924,223,7,2021,Sold,2023-12-29,10908.37
401,Artwork Title 999,171,4,2008,Sold,2022-03-16,4961.76
402,Artwork Title 594,486,2,2017,Sold,2022-05-02,5780.57
403,Artwork Title 541,305,4,2001,Sold,2021-12-14,7066.34
404,Artwork Title 1408,101,6,2017,In Stock,2025-12-26,6736.66
405,Artwork Title 1254,221,2,2003,Sold,2023-08-28,6414.39
406,Artwork Title 887,215,7,2009,Sold,2023-03-02,9274.68
407,Artwork Title 1927,173,10,2022,Sold,2025-04-13,6027.58
408,Artwork Title 1574,210,7,2005,Sold,2023-01-14,6799.65
409,Artwork Title 994,255,10,2016,Sold,2022-06-16,6218.14
410,Artwork Title 652,124,4,2017,Sold,2024-04-16,4211.16
411,Artwork Title 66,176,8,2014,Sold,2022-11-29,5067.96
412,Artwork Title 231,332,2,2020,In Stock,2025-03-12,2825.91
413,Artwork Title 864,385,5,2016,Sold,2022-04-24,4028.51
414,Artwork Title 1279,339,9,2018,Sold,2022-05-04,4353.23
415,Artwork Title 1328,121,10,2023,Sold,2021-10-27,10801.93
416,Artwork Title 2224,285,1,2003,Sold,2023-11-29,6034.35
417,Artwork Title 876,108,7,2005,Sold,2023-11-11,2864.72
418,Artwork Title 577,220,7,2006,Sold,2022-04-29,8935.42
419,Artwork Title 1247,255,6,2020,Sold,2025-05-02,10957.85
420,Artwork Title 191,382,5,2021,Sold,2021-07-02,7255.28
421,Artwork Title 2718,485,10,2004,In Stock,2023-03-04,4362.87
422,Artwork Title 862,197,6,2009,Sold,2023-04-01,4489.71
423,Artwork Title 1356,460,6,2015,Sold,2023-06-09,2808.06
424,Artwork Title 198,316,1,2018,Sold,2023-07-11,5829.17
425,Artwork Title 359,442,5,2019,Sold,2022-11-12,8027.17
426,Artwork Title 1311,345,10,2021,Sold,2022-01-11,5421.67
427,Artwork Title 115,227,9,2003,Sold,2022-09-28,7595.51
428,Artwork Title 2641,389,5,2014,Sold,2022-08-26,3670.83
429,Artwork Title 2776,199,2,2000,Sold,2022-07-10,5772.21
430,Artwork Title 1472,106,7,2002,Sold,2023-02-20,8409.53
431,Artwork Title 2020,423,4,2013,Sold,2021-08-22,4331.77
432,Artwork Title 2116,331,8,2005,Sold,2022-08-24,6480.12
433,Artwork Title 2766,430,2,2017,Sold,2023-04-16,5364.03
434,Artwork Title 27,182,9,2011,Sold,2022-03-05,2502.38
435,Artwork Title 2636,321,1,2001,Sold,2023-11-25,2558.43
436,Artwork Title 845,226,8,2006,Sold,2022-02-25,5365.85
437,Artwork Title 2259,206,10,2006,Sold,2024-12-26,4720.18
438,Artwork Title 1287,319,6,2008,Sold,2021-11-19,1841.73
439,Artwork Title 1576,450,9,2001,Sold,2024-02-14,10732.62
440,Artwork Title 2603,458,7,2002,In Stock,2024-11-18,9375.56
441,Artwork Title 2210,308,8,2011,In Stock,2024-12-12,3356.45
442,Artwork Title 631,178,8,2017,Sold,2022-10-24,6957.48
443,Artwork Title 2782,421,3,2009,Sold,2021-08-03,3198.93
444,Artwork Title 412,144,4,2001,Sold,2021-08-07,8508.66
445,Artwork Title 435,200,2,2016,Sold,2021-12-27,5992.71
446,Artwork Title 17,255,9,2016,Sold,2022-03-18,6841.92
447,Artwork Title 1033,186,10,2010,Sold,2024-02-03,4630.06
448,Artwork Title 392,165,10,2003,Sold,2022-12-07,4028.86
449,Artwork Title 1758,123,10,2010,Sold,2021-12-11,1018.14
450,Artwork Title 393,283,1,2019,Sold,2022-05-25,6330.43
451,Artwork Title 1238,254,5,2009,Sold,2022-05-24,7673.11
452,Artwork Title 2084,285,8,2005,In Stock,2024-06-19,9728.25
453,Artwork Title 210,261,6,2007,Sold,2021-10-17,5957.19
454,Artwork Title 2243,156,5,2002,Sold,2021-09-30,4607.37
455,Artwork Title 226,203,5,2023,In Stock,2021-05-21,7941.42
456,Artwork Title 1187,445,3,2008,Sold,2023-04-22,9996.64
457,Artwork Title 2662,354,8,2015,Sold,2024-12-08,3160.15
458,Artwork Title 943,286,5,2019,Sold,2022-11-09,6176.21
459,Artwork Title 716,102,3,2006,Sold,2021-08-16,7772.7
460,Artwork Title 227,283,5,2011,Sold,2024-02-28,8602.55
461,Artwork Title 2162,468,1,2001,Sold,2022-04-14,7605.58
462,Artwork Title 361,138,10,2015,Sold,2022-07-16,6692.24
463,Artwork Title 2393,341,8,2002,Sold,2021-12-28,6246.19
464,Artwork Title 1729,420,3,2018,Sold,2023-04-06,2926.65
465,Artwork Title 2633,475,9,2006,Sold,2021-05-09,6363.42
466,Artwork Title 2005,384,7,2009,Sold,2022-10-30,829.61
467,Artwork Title 658,339,8,2006,Sold,2021-06-12,3298.96
468,Artwork Title 941,248,4,2022,Sold,2023-05-02,7621.18
469,Artwork Title 830,388,3,2009,Sold,2022-03-08,4143.58
470,Artwork Title 1484,430,5,2000,Sold,2022-03-16,3591.38
471,Artwork Title 515,475,2,2014,In Stock,2015-02-14,2195.14
472,Artwork Title 1680,366,4,2004,Sold,2023-02-13,6152.52
473,Artwork Title 567,213,8,2006,Sold,2022-03-09,5236.42
474,Artwork Title 2634,108,2,2000,Sold,2023-10-09,8179.5
475,Artwork Title 1236,222,10,2017,Sold,2021-06-21,1236.75
476,Artwork Title 1332,449,9,2004,Sold,2023-11-11,11515.27
477,Artwork Title 1724,307,3,2011,Sold,2021-07-02,7447.9
478,Artwork Title 681,320,3,2019,Sold,2021-07-07,6894.76
479,Artwork Title 2172,235,3,2020,Sold,2023-08-22,6467.14
480,Artwork Title 2106,279,2,2011,Sold,2021-08-29,3885.64
481,Artwork Title 117,408,7,2022,Sold,2022-04-08,4768.16
482,Artwork Title 1441,189,7,2013,Sold,2021-04-13,1843.17
483,Artwork Title 2646,178,7,2015,Sold,2021-11-10,6394.8
484,Artwork Title 2209,181,4,2008,Sold,2021-05-16,7920.72
485,Artwork Title 1930,403,10,2009,Sold,2022-01-28,3830.62
486,Artwork Title 1746,162,3,2016,Sold,2023-01-03,8512.81
487,Artwork Title 1702,384,1,2020,Sold,2021-11-02,4089.69
488,Artwork Title 957,299,5,2005,Sold,2023-09-18,4874.33
489,Artwork Title 1410,328,9,2002,Sold,2022-05-09,6772.2
490,Artwork Title 691,121,10,2007,In Stock,2025-01-24,3118.47
491,Artwork Title 1867,104,7,2000,Sold,2024-08-23,3535.02
492,Artwork Title 2033,232,10,2003,In Stock,2025-04-03,9864.12
493,Artwork Title 1840,107,6,2002,Sold,2022-09-14,3345.47
494,Artwork Title 1599,406,10,2014,Sold,2023-04-18,7863.1
495,Artwork Title 291,340,3,2023,Sold,2022-03-21,3533.02
496,Artwork Title 440,105,3,2001,Sold,2022-04-25,8844.16
497,Artwork Title 2034,239,2,2011,In Stock,2022-04-09,644.84
498,Artwork Title 141,378,8,2000,Sold,2024-07-16,5916.24
499,Artwork Title 1970,352,5,2012,In Stock,2015-11-22,2790.58
500,Artwork Title 2409,368,1,2009,Sold,2023-10-15,6823.53
501,Artwork Title 2107,232,10,2013,Sold,2023-12-16,1498.36
502,Artwork Title 1770,330,5,2016,Sold,2021-04-29,4370.02
503,Artwork Title 2171,268,7,2001,Sold,2021-12-01,5237.18
504,Artwork Title 1669,190,3,2009,Sold,2025-08-28,8770.52
505,Artwork Title 1882,305,2,2012,Sold,2021-06-12,2742.1
506,Artwork Title 526,175,2,2021,Sold,2022-12-13,4949.05
507,Artwork Title 2546,103,9,2015,Sold,2022-04-26,4659.38
508,Artwork Title 2388,280,6,2017,Sold,2023-05-07,9044.35
509,Artwork Title 246,194,4,2013,Sold,2022-03-10,5766.29
510,Artwork Title 99,296,10,2004,In Stock,2015-05-18,6393.59
511,Artwork Title 626,114,8,2012,Sold,2022-10-01,5949.11
512,Artwork Title 1646,298,7,2013,Sold,2021-09-10,4397.62
513,Artwork Title 1621,413,7,2001,Sold,2023-02-16,5034.88
514,Artwork Title 2254,489,10,2013,Sold,2022-07-02,6815.22
515,Artwork Title 279,401,8,2002,Sold,2024-11-19,8580.32
516,Artwork Title 861,399,2,2008,Sold,2023-12-12,8178.85
517,Artwork Title 1618,250,1,2012,Sold,2022-12-17,8336.19
518,Artwork Title 891,269,4,2016,Sold,2021-09-08,5744.01
519,Artwork Title 522,418,8,2005,In Stock,2023-09-12,9100.37
520,Artwork Title 1749,221,10,2023,Sold,2022-01-01,7592.1
521,Artwork Title 1183,329,10,2016,Sold,2023-01-25,6750.07
522,Artwork Title 1290,298,5,2023,Sold,2024-12-20,5441.04
523,Artwork Title 797,384,5,2020,In Stock,2019-01-10,9555.75
524,Artwork Title 1094,108,4,2022,Sold,2022-06-04,4674.72
525,Artwork Title 1177,247,4,2011,Sold,2021-12-03,5492.68
526,Artwork Title 810,318,5,2007,Sold,2023-01-29,6184.94
527,Artwork Title 1333,355,10,2003,Sold,2022-03-01,4047.54
528,Artwork Title 1998,213,3,2018,Sold,2022-04-23,7267.35
529,Artwork Title 1463,213,10,2004,Sold,2021-03-05,6731.42
530,Artwork Title 676,143,3,2008,Sold,2022-01-23,3438.25
531,Artwork Title 38,261,8,2021,Sold,2023-06-03,5176.07
532,Artwork Title 2538,114,10,2013,Sold,2023-12-27,5876.18
533,Artwork Title 1781,409,6,2002,In Stock,2017-02-05,4317.77
534,Artwork Title 852,401,2,2018,Sold,2021-05-07,3555.43
535,Artwork Title 926,278,6,2006,Sold,2022-03-25,4879.57
536,Artwork Title 2414,439,7,2006,Sold,2021-04-23,6123.36
537,Artwork Title 467,424,1,2021,Sold,2023-08-19,9237.74
538,Artwork Title 1122,429,1,2000,Sold,2022-02-18,5746.58
539,Artwork Title 1581,253,8,2010,Sold,2022-12-14,3847.8
540,Artwork Title 1700,397,8,2009,Sold,2021-05-03,4656.36
541,Artwork Title 550,261,9,2000,Sold,2022-04-29,4912.79
542,Artwork Title 1902,234,6,2011,Sold,2021-06-12,5941.86
543,Artwork Title 2697,483,7,2019,Sold,2021-06-06,6498.21
544,Artwork Title 1741,373,8,2002,Sold,2022-11-21,5872.58
545,Artwork Title 1937,419,10,2009,Sold,2022-03-20,9858.5
546,Artwork Title 2192,319,5,2004,Sold,2021-09-26,8247.24
547,Artwork Title 592,439,5,2006,Sold,2022-11-01,6039.1
548,Artwork Title 1018,384,9,2001,Sold,2022-04-12,6059.02
549,Artwork Title 1096,473,2,2016,Sold,2022-08-07,5954.93
550,Artwork Title 1505,461,10,2011,Sold,2024-02-24,4640.64
551,Artwork Title 1775,297,5,2008,Sold,2023-08-21,9968.27
552,Artwork Title 2647,330,1,2018,In Stock,2018-06-22,8585.21
553,Artwork Title 1021,268,8,2022,Sold,2022-12-23,6668.93
554,Artwork Title 2496,264,4,2003,Sold,2025-07-01,8653.21
555,Artwork Title 1293,444,5,2010,In Stock,2018-01-29,9341.71
556,Artwork Title 1467,206,1,2004,Sold,2022-07-11,7234.52
557,Artwork Title 2783,477,5,2021,Sold,2022-02-14,8641.48
558,Artwork Title 2411,342,4,2006,Sold,2022-05-18,4885.02
559,Artwork Title 1135,345,7,2014,Sold,2024-12-29,805.24
560,Artwork Title 2030,171,6,2009,Sold,2022-09-21,7436.31
561,Artwork Title 1105,122,10,2021,Sold,2022-11-11,5894.26
562,Artwork Title 1457,500,5,2012,Sold,2022-08-21,8748.5
563,Artwork Title 2361,348,3,2017,Sold,2021-03-25,3698.94
564,Artwork Title 135,166,4,2014,Sold,2023-09-04,5910.71
565,Artwork Title 71,354,10,2009,Sold,2022-03-01,6993.13
566,Artwork Title 2319,125,8,2001,Sold,2022-05-17,4695.22
567,Artwork Title 2009,235,6,2018,In Stock,2025-08-25,6913.74
568,Artwork Title 712,367,10,2009,Sold,2021-06-18,7767.54
569,Artwork Title 428,334,2,2016,Sold,2022-09-19,3577.18
570,Artwork Title 1065,104,10,2000,Sold,2021-08-04,3887.86
571,Artwork Title 1093,297,2,2006,Sold,2022-05-14,8147.22
572,Artwork Title 2358,404,7,2001,Sold,2023-03-25,8483.14
573,Artwork Title 2016,355,3,2008,Sold,2021-11-03,5851.58
574,Artwork Title 1159,407,3,2012,Sold,2021-12-05,3912.56
575,Artwork Title 1554,367,2,2002,Sold,2021-08-24,5027.36
576,Artwork Title 961,342,1,2007,Sold,2023-02-12,5711.1
577,Artwork Title 2704,241,10,2007,Sold,2021-05-06,2374.11
578,Artwork Title 2551,267,3,2022,Sold,2021-10-01,5544.11
579,Artwork Title 295,320,6,2002,Sold,2022-04-26,6251.84
580,Artwork Title 754,362,2,2004,Sold,2023-05-25,5600.17
581,Artwork Title 1346,311,2,2017,Sold,2022-05-02,7824.5
582,Artwork Title 1921,433,5,2023,Sold,2022-03-14,6782.6
583,Artwork Title 917,480,2,2010,Sold,2022-02-19,9879.38
584,Artwork Title 1787,385,7,2022,Sold,2024-12-01,5311.94
585,Artwork Title 331,265,5,2021,Sold,2021-05-15,4083.6
586,Artwork Title 2386,208,1,2018,Sold,2022-02-20,4268.95
587,Artwork Title 1435,180,9,2018,Sold,2021-11-25,5344.06
588,Artwork Title 1623,268,10,2016,Sold,2024-05-20,3219.22
589,Artwork Title 1984,375,1,2004,Sold,2023-05-20,6963.72
590,Artwork Title 32,205,4,2014,Sold,2021-05-28,4477.01
591,Artwork Title 2088,294,9,2004,Sold,2022-11-05,8074.94
592,Artwork Title 1286,237,10,2005,Sold,2022-10-25,3503.04
593,Artwork Title 598,119,7,2003,Sold,2021-11-01,4896.79
594,Artwork Title 1005,320,7,2022,In Stock,2019-07-10,1299.25
595,Artwork Title 1807,287,2,2000,Sold,2022-11-05,3561.97
596,Artwork Title 2672,106,1,2003,Sold,2023-09-30,5841.43
597,Artwork Title 2342,266,7,2011,Sold,2022-03-04,5059.51
598,Artwork Title 1897,292,2,2008,Sold,2021-11-28,6785.38
599,Artwork Title 1353,396,7,2016,Sold,2021-11-04,7598.26
600,Artwork Title 1234,133,8,2012,Sold,2023-07-07,5257.37
601,Artwork Title 2542,307,9,2011,Sold,2022-01-10,5434.61
602,Artwork Title 1225,380,7,2016,Sold,2021-08-10,4513.41
603,Artwork Title 1641,471,2,2000,Sold,2023-04-30,5558.21
604,Artwork Title 2462,331,4,2020,Sold,2021-06-01,5045.13
605,Artwork Title 234,124,3,2006,Sold,2024-01-04,2441.8
606,Artwork Title 427,231,1,2009,Sold,2022-01-17,5460.76
607,Artwork Title 2240,157,1,2013,Sold,2021-07-31,5699.91
608,Artwork Title 747,378,2,2000,Sold,2021-10-01,3810.14
609,Artwork Title 1686,462,1,2020,In Stock,2017-07-29,4801.35
610,Artwork Title 2727,108,7,2009,Sold,2023-02-03,3470.11
611,Artwork Title 1577,314,3,2010,In Stock,2019-04-21,9562.26
612,Artwork Title 621,193,7,2009,Sold,2025-01-29,9183.74
613,Artwork Title 40,340,10,2012,Sold,2021-10-20,7975.54
614,Artwork Title 1668,433,3,2007,Sold,2022-09-23,7301.96
615,Artwork Title 955,235,3,2000,In Stock,2025-01-11,1348.27
616,Artwork Title 1754,442,8,2015,In Stock,2019-09-11,2404.89
617,Artwork Title 1157,455,1,2013,In Stock,2022-12-09,3407.77
618,Artwork Title 2424,101,6,2021,Sold,2024-02-19,6588.14
619,Artwork Title 1710,155,2,2005,Sold,2023-07-21,5401.89
620,Artwork Title 9,180,5,2000,Sold,2022-09-08,5426.23
621,Artwork Title 1647,436,4,2023,Sold,2022-04-13,5575.26
622,Artwork Title 1797,232,4,2014,Sold,2021-03-19,6059.85
623,Artwork Title 762,466,8,2004,Sold,2022-05-22,1822.08
624,Artwork Title 1865,426,5,2008,Sold,2023-02-21,6407.68
625,Artwork Title 1358,460,1,2001,Sold,2022-03-24,5647.28
626,Artwork Title 2104,201,5,2006,Sold,2025-06-03,5581.72
627,Artwork Title 1966,221,10,2002,Sold,2022-03-30,5208.16
628,Artwork Title 1869,361,1,2021,Sold,2022-07-02,2771.6
629,Artwork Title 1771,182,7,2000,Sold,2023-09-11,5020.59
630,Artwork Title 2777,476,8,2017,Sold,2025-07-07,1302.19
631,Artwork Title 1766,357,10,2002,Sold,2023-12-18,6769.95
632,Artwork Title 2344,176,8,2007,Sold,2024-02-21,6288.38
633,Artwork Title 579,403,1,2022,In Stock,2021-11-14,9494.77
634,Artwork Title 492,225,10,2017,In Stock,2018-03-09,4283.2
635,Artwork Title 89,397,3,2014,Sold,2021-12-30,5716.62
636,Artwork Title 1213,217,9,2022,Sold,2023-04-21,3195.91
637,Artwork Title 2644,245,3,2001,In Stock,2021-12-28,1036.0
638,Artwork Title 1396,446,2,2000,Sold,2021-12-30,5682.31
639,Artwork Title 2492,325,7,2008,In Stock,2020-04-18,2641.49
640,Artwork Title 657,198,2,2021,Sold,2022-08-18,1732.0
641,Artwork Title 144,303,2,2017,Sold,2022-08-04,11339.79
642,Artwork Title 1675,452,2,2005,Sold,2022-05-29,7671.28
643,Artwork Title 2785,190,1,2018,Sold,2022-06-15,5254.36
644,Artwork Title 669,337,1,2007,Sold,2022-07-02,5115.61
645,Artwork Title 1800,163,1,2022,Sold,2022-02-16,3336.85
646,Artwork Title 2713,152,10,2019,Sold,2022-10-02,7263.34
647,Artwork Title 2769,465,7,2016,Sold,2023-05-29,3841.55
648,Artwork Title 545,256,3,2006,Sold,2023-12-06,3026.52
649,Artwork Title 1681,234,2,2020,Sold,2023-03-06,4421.82
650,Artwork Title 2141,309,2,2003,Sold,2021-07-08,4759.28
651,Artwork Title 2677,420,5,2009,In Stock,2015-10-02,7194.43
652,Artwork Title 2178,124,1,2013,Sold,2024-03-26,10555.8
653,Artwork Title 2477,134,1,2003,Sold,2021-03-11,8074.72
654,Artwork Title 947,494,10,2000,Sold,2022-04-16,4832.55
655,Artwork Title 2323,458,3,2000,Sold,2021-07-08,9179.96
656,Artwork Title 801,400,9,2022,Sold,2022-02-09,5159.48
657,Artwork Title 1253,322,1,2005,Sold,2022-12-09,5952.41
658,Artwork Title 758,239,8,2004,In Stock,2019-08-01,7771.71
659,Artwork Title 1530,429,6,2011,Sold,2021-06-14,3038.72
660,Artwork Title 1778,477,8,2003,Sold,2022-06-09,4699.61
661,Artwork Title 1304,299,5,2017,Sold,2021-12-18,7571.26
662,Artwork Title 2591,322,6,2005,In Stock,2018-06-06,3120.57
663,Artwork Title 249,267,6,2003,Sold,2021-11-13,5188.6
664,Artwork Title 1674,489,9,2012,Sold,2023-10-16,5946.48
665,Artwork Title 301,138,5,2003,Sold,2022-12-02,5799.74
666,Artwork Title 1278,301,5,2015,Sold,2022-08-07,4024.31
667,Artwork Title 2606,140,6,2009,Sold,2022-07-09,7898.53
668,Artwork Title 1667,400,9,2010,Sold,2021-12-05,2031.83
669,Artwork Title 1401,140,3,2023,Sold,2024-04-25,8874.04
670,Artwork Title 1382,308,9,2021,Sold,2024-01-29,7182.87
671,Artwork Title 2513,262,6,2017,Sold,2024-05-24,1944.03
672,Artwork Title 1923,165,9,2016,In Stock,2020-07-05,4988.29
673,Artwork Title 2303,275,4,2014,Sold,2022-09-13,3725.12
674,Artwork Title 2003,459,7,2009,Sold,2022-08-10,7341.27
675,Artwork Title 2150,338,6,2008,Sold,2021-11-10,4595.57
676,Artwork Title 348,436,10,2017,Sold,2021-05-16,4206.78
677,Artwork Title 230,480,5,2006,Sold,2022-11-19,6253.93
678,Artwork Title 1301,338,3,2012,Sold,2022-11-05,5747.74
679,Artwork Title 2299,151,3,2020,In Stock,2016-05-28,6254.13
680,Artwork Title 1523,330,2,2010,Sold,2022-07-22,8248.87
681,Artwork Title 2443,263,1,2022,Sold,2022-04-26,3018.57
682,Artwork Title 2512,165,3,2012,Sold,2021-11-01,4949.39
683,Artwork Title 966,141,1,2009,Sold,2021-08-30,3314.19
684,Artwork Title 2093,172,1,2014,Sold,2024-08-02,4250.2
685,Artwork Title 73,463,6,2012,Sold,2022-11-09,4921.2
686,Artwork Title 709,466,3,2017,Sold,2022-12-05,1893.74
687,Artwork Title 518,324,2,2014,In Stock,2023-04-21,8022.2
688,Artwork Title 649,124,2,2010,Sold,2021-05-25,4908.65
689,Artwork Title 2596,256,7,2012,Sold,2023-01-22,5678.67
690,Artwork Title 611,277,8,2020,Sold,2023-01-31,4701.23
691,Artwork Title 233,363,10,2013,Sold,2025-08-17,2964.98
692,Artwork Title 284,300,9,2021,Sold,2022-10-15,7009.1
693,Artwork Title 78,331,2,2010,Sold,2022-06-04,5079.04
694,Artwork Title 219,424,10,2019,Sold,2021-07-18,7426.54
695,Artwork Title 2166,210,9,2017,Sold,2025-02-09,2236.12
696,Artwork Title 406,112,10,2018,In Stock,2021-03-23,4641.38
697,Artwork Title 1002,449,4,2021,Sold,2021-06-26,4568.94
698,Artwork Title 1479,219,1,2002,Sold,2022-07-24,6021.74
699,Artwork Title 1590,426,9,2001,Sold,2021-09-12,3860.44
700,Artwork Title 1764,206,2,2020,Sold,2021-12-29,7313.57
701,Artwork Title 1113,420,4,2007,Sold,2023-10-20,6750.31
702,Artwork Title 1500,306,5,2023,Sold,2022-12-05,9659.66
703,Artwork Title 956,428,9,2023,Sold,2021-11-29,6145.47
704,Artwork Title 972,152,1,2009,Sold,2021-12-13,6991.3
705,Artwork Title 1130,287,3,2009,Sold,2021-09-16,8039.76
706,Artwork Title 186,237,3,2000,Sold,2024-02-22,10797.11
707,Artwork Title 2304,219,1,2021,In Stock,2020-10-23,7715.25
708,Artwork Title 1829,395,6,2013,Sold,2024-01-15,2089.95
709,Artwork Title 854,112,10,2008,Sold,2021-06-08,3192.48
710,Artwork Title 68,311,6,2015,Sold,2023-06-09,3536.85
711,Artwork Title 520,164,10,2010,Sold,2023-06-22,4541.76
712,Artwork Title 1854,114,2,2009,Sold,2025-05-23,6813.18
713,Artwork Title 813,188,10,2022,Sold,2022-09-09,6671.2
714,Artwork Title 1240,443,8,2004,Sold,2021-12-02,6169.42
715,Artwork Title 562,210,7,2011,Sold,2021-12-22,8699.64
716,Artwork Title 1274,400,3,2021,Sold,2022-11-29,5592.31
717,Artwork Title 2330,264,4,2017,Sold,2021-09-20,5928.84
718,Artwork Title 1774,500,4,2005,Sold,2023-10-14,7737.91
719,Artwork Title 2173,210,5,2010,Sold,2021-09-11,6858.28
720,Artwork Title 749,185,9,2009,Sold,2023-05-17,5679.3
721,Artwork Title 859,447,4,2011,Sold,2022-04-05,4566.39
722,Artwork Title 2480,483,8,2015,Sold,2021-05-31,7066.86
723,Artwork Title 1543,396,3,2009,Sold,2023-03-11,8327.01
724,Artwork Title 2502,197,7,2015,Sold,2022-08-22,6177.82
725,Artwork Title 449,357,3,2018,Sold,2021-05-27,5859.75
726,Artwork Title 1001,252,5,2022,Sold,2021-06-12,4831.74
727,Artwork Title 1416,248,10,2009,Sold,2021-02-20,5932.71
728,Artwork Title 1794,181,9,2018,In Stock,2020-01-26,6547.86
729,Artwork Title 1832,118,6,2020,Sold,2024-06-11,10716.08
730,Artwork Title 1645,196,10,2023,Sold,2021-11-19,5269.53
731,Artwork Title 756,334,8,2007,Sold,2022-04-15,7998.92
732,Artwork Title 2227,218,7,2015,Sold,2021-12-22,5804.96
733,Artwork Title 1164,124,10,2007,Sold,2021-05-19,5865.87
734,Artwork Title 2382,184,10,2002,Sold,2021-10-06,6943.97
735,Artwork Title 2392,191,4,2020,Sold,2022-07-28,7399.38
736,Artwork Title 1078,429,10,2021,Sold,2022-04-03,4907.01
737,Artwork Title 1798,323,6,2006,Sold,2021-10-13,4760.76
738,Artwork Title 1019,365,8,2011,Sold,2025-10-12,2713.71
739,Artwork Title 812,177,10,2020,In Stock,2024-03-10,7966.37
740,Artwork Title 909,278,10,2013,Sold,2021-07-24,5428.17
741,Artwork Title 195,314,1,2005,Sold,2022-10-06,5021.0
742,Artwork Title 1915,405,5,2012,Sold,2022-12-13,5858.76
743,Artwork Title 2789,433,1,2004,Sold,2023-12-17,9860.92
744,Artwork Title 1061,343,1,2001,Sold,2024-08-16,3931.99
745,Artwork Title 786,197,10,2017,In Stock,2023-04-11,1761.97
746,Artwork Title 51,415,5,2019,Sold,2021-12-21,6622.32
747,Artwork Title 2110,175,7,2011,Sold,2021-05-30,7396.06
748,Artwork Title 1818,294,10,2017,Sold,2021-04-26,6410.78
749,Artwork Title 601,403,1,2015,Sold,2021-12-01,5489.98
750,Artwork Title 1384,280,2,2009,Sold,2022-08-06,5124.82
751,Artwork Title 1262,326,9,2019,Sold,2023-09-10,4251.85
752,Artwork Title 1593,450,2,2017,Sold,2023-11-06,11163.68
753,Artwork Title 282,180,10,2001,Sold,2023-10-19,7237.61
754,Artwork Title 965,209,5,2000,Sold,2022-07-11,4282.73
755,Artwork Title 53,209,8,2021,Sold,2022-03-30,3959.43
756,Artwork Title 95,243,5,2019,In Stock,2019-07-19,2126.33
757,Artwork Title 2177,480,5,2023,Sold,2022-09-16,6605.13
758,Artwork Title 872,231,2,2021,Sold,2022-12-22,2580.27
759,Artwork Title 2412,262,3,2014,Sold,2023-10-30,4820.36
760,Artwork Title 1289,106,5,2015,Sold,2021-10-15,6232.15
761,Artwork Title 2423,449,7,2022,Sold,2021-08-12,4947.96
762,Artwork Title 1851,365,10,2018,In Stock,2019-06-07,6248.29
763,Artwork Title 28,400,7,2006,Sold,2024-03-24,5977.15
764,Artwork Title 568,352,8,2004,Sold,2023-03-24,5542.41
765,Artwork Title 2089,412,4,2006,Sold,2022-12-08,7736.52
766,Artwork Title 423,269,10,2012,Sold,2022-01-19,8647.77
767,Artwork Title 1070,154,9,2013,Sold,2024-04-15,9588.97
768,Artwork Title 759,380,4,2020,In Stock,2022-04-18,9469.88
769,Artwork Title 153,117,2,2017,Sold,2024-04-04,6686.63
770,Artwork Title 971,491,5,2004,Sold,2021-08-23,7005.52
771,Artwork Title 1446,146,7,2018,Sold,2021-10-18,5441.51
772,Artwork Title 2643,361,6,2020,Sold,2022-03-02,3355.75
773,Artwork Title 1205,212,10,2020,Sold,2023-12-17,8374.0
774,Artwork Title 2722,229,1,2011,Sold,2023-02-04,5468.06
775,Artwork Title 1481,200,1,2013,Sold,2021-07-31,6806.58
776,Artwork Title 717,269,7,2011,Sold,2022-10-23,7815.71
777,Artwork Title 668,267,10,2021,Sold,2023-05-08,6401.55
778,Artwork Title 2762,207,3,2007,Sold,2022-12-24,5621.26
779,Artwork Title 792,212,9,2003,Sold,2021-05-22,5936.0
780,Artwork Title 1620,272,8,2023,Sold,2024-12-23,7226.62
781,Artwork Title 2547,499,6,2018,Sold,2022-03-26,6607.88
782,Artwork Title 1109,300,4,2007,Sold,2022-08-03,8019.68
783,Artwork Title 2549,495,2,2006,Sold,2025-02-02,8982.33
784,Artwork Title 1779,262,7,2007,Sold,2021-06-27,7004.95
785,Artwork Title 1119,176,9,2014,Sold,2022-02-14,4761.55
786,Artwork Title 2043,120,2,2007,Sold,2023-04-27,4618.73
787,Artwork Title 2420,142,7,2002,Sold,2022-01-05,3651.09
788,Artwork Title 130,432,9,2002,Sold,2022-01-22,5138.39
789,Artwork Title 1359,284,6,2016,Sold,2021-09-27,7844.35
790,Artwork Title 2347,307,1,2007,Sold,2022-02-22,9485.71
791,Artwork Title 1509,355,5,2022,Sold,2024-03-27,6548.57
792,Artwork Title 1458,213,3,2010,Sold,2023-10-16,8404.17
793,Artwork Title 768,309,4,2013,Sold,2024-06-02,5988.7
794,Artwork Title 1848,166,7,2004,Sold,2023-02-09,4824.02
795,Artwork Title 1121,192,2,2002,Sold,2022-01-31,2088.35
796,Artwork Title 489,281,5,2019,Sold,2023-05-23,4495.45
797,Artwork Title 63,156,4,2015,In Stock,2024-12-28,3309.76
798,Artwork Title 868,305,6,2012,Sold,2021-09-16,5969.74
799,Artwork Title 2212,186,2,2021,In Stock,2022-05-20,3139.43
800,Artwork Title 1722,237,9,2018,In Stock,2022-01-22,1876.7
801,Artwork Title 1331,266,9,2006,Sold,2022-01-18,3927.38
802,Artwork Title 967,386,2,2004,Sold,2021-09-12,7137.66
803,Artwork Title 2750,235,10,2001,In Stock,2025-11-19,9002.47
804,Artwork Title 860,230,4,2003,Sold,2021-07-07,7085.95
805,Artwork Title 853,121,1,2023,Sold,2024-06-24,4667.39
806,Artwork Title 630,390,8,2011,In Stock,2023-02-06,6153.52
807,Artwork Title 790,121,7,2001,Sold,2022-12-17,5426.36
808,Artwork Title 2449,442,9,2016,Sold,2022-01-19,6569.47
809,Artwork Title 2612,334,7,2020,Sold,2024-10-20,7837.22
810,Artwork Title 1582,120,10,2013,Sold,2024-02-01,4764.73
811,Artwork Title 1337,486,10,2003,Sold,2024-06-29,6178.75
812,Artwork Title 1390,357,7,2003,Sold,2022-04-15,6667.25
813,Artwork Title 1440,442,8,2013,Sold,2022-02-18,5411.68
814,Artwork Title 2160,193,1,2012,Sold,2021-11-14,2595.62
815,Artwork Title 822,293,2,2008,Sold,2022-04-09,6094.14
816,Artwork Title 1314,421,10,2004,Sold,2024-10-14,9348.99
817,Artwork Title 2246,378,5,2018,Sold,2023-09-18,5459.34
818,Artwork Title 1773,311,8,2005,Sold,2022-08-31,5102.96
819,Artwork Title 2118,195,1,2016,Sold,2025-02-14,6055.77
820,Artwork Title 2071,227,2,2008,Sold,2022-07-11,7854.1
821,Artwork Title 828,245,1,2004,Sold,2025-04-15,9018.94
822,Artwork Title 2460,319,7,2017,In Stock,2020-02-26,9670.88
823,Artwork Title 688,439,6,2003,Sold,2022-09-26,7281.66
824,Artwork Title 831,459,10,2006,Sold,2022-09-14,5034.0
825,Artwork Title 1852,397,10,2001,Sold,2022-12-26,2457.43
826,Artwork Title 603,252,5,2007,Sold,2024-10-11,9865.87
827,Artwork Title 1226,253,5,2010,Sold,2024-04-23,7419.43
828,Artwork Title 1200,385,7,2001,Sold,2021-07-02,5796.6
829,Artwork Title 133,176,6,2007,Sold,2022-09-02,5414.55
830,Artwork Title 1219,174,4,2021,Sold,2022-10-05,4354.06
831,Artwork Title 989,348,10,2002,Sold,2023-03-15,2960.19
832,Artwork Title 976,265,10,2004,Sold,2022-12-24,4439.72
833,Artwork Title 2592,442,8,2022,Sold,2022-06-24,5253.03
834,Artwork Title 1210,480,3,2009,Sold,2021-10-29,5751.02
835,Artwork Title 777,224,2,2009,Sold,2023-01-11,6654.0
836,Artwork Title 553,169,7,2014,Sold,2021-08-31,6093.78
837,Artwork Title 1853,419,9,2008,Sold,2022-10-11,2468.98
838,Artwork Title 1305,114,2,2005,Sold,2024-01-18,9774.71
839,Artwork Title 2562,253,3,2021,Sold,2021-08-31,5363.81
840,Artwork Title 823,317,9,2015,Sold,2021-04-08,6850.99
841,Artwork Title 2429,332,9,2023,Sold,2021-10-21,3961.29
842,Artwork Title 1391,410,7,2000,Sold,2021-10-17,3589.65
843,Artwork Title 689,435,4,2023,Sold,2024-11-22,2167.48
844,Artwork Title 1825,190,1,2011,Sold,2024-05-08,3987.47
845,Artwork Title 2760,283,7,2011,Sold,2024-08-12,8400.41
846,Artwork Title 58,206,8,2015,Sold,2022-07-30,4915.28
847,Artwork Title 297,204,4,2016,Sold,2023-03-17,3671.72
848,Artwork Title 710,159,8,2008,Sold,2023-02-07,7747.13
849,Artwork Title 2574,329,6,2014,Sold,2024-06-17,6878.75
850,Artwork Title 2740,486,8,2001,Sold,2021-01-18,6400.18
851,Artwork Title 2555,314,4,2013,In Stock,2020-04-17,8697.19
852,Artwork Title 1488,330,2,2017,Sold,2025-02-18,6096.61
853,Artwork Title 75,418,1,2011,Sold,2021-06-02,2791.1
854,Artwork Title 1343,103,6,2000,Sold,2021-11-23,2577.89
855,Artwork Title 602,341,1,2003,Sold,2022-12-03,4883.59
856,Artwork Title 1971,450,4,2005,Sold,2022-05-09,1210.89
857,Artwork Title 818,104,9,2005,Sold,2022-06-04,8747.32
858,Artwork Title 426,225,9,2015,Sold,2022-08-20,6918.39
859,Artwork Title 1097,322,9,2023,Sold,2023-08-20,6366.22
860,Artwork Title 2287,230,5,2002,Sold,2023-07-27,8884.37
861,Artwork Title 2214,277,7,2000,Sold,2022-03-25,6657.25
862,Artwork Title 2154,190,5,2006,Sold,2023-01-20,3843.58
863,Artwork Title 798,437,9,2007,Sold,2022-04-23,4296.25
864,Artwork Title 2264,475,9,2002,Sold,2022-08-15,6272.81
865,Artwork Title 2079,414,1,2000,Sold,2022-08-12,6155.48
866,Artwork Title 1206,339,10,2017,Sold,2022-01-27,3111.37
867,Artwork Title 2498,340,3,2012,Sold,2021-12-27,8544.55
868,Artwork Title 1092,358,1,2021,Sold,2023-08-04,8448.45
869,Artwork Title 129,311,5,2001,Sold,2024-12-22,9284.83
870,Artwork Title 1907,137,7,2023,Sold,2021-06-23,6629.35
871,Artwork Title 1338,465,3,2021,In Stock,2018-04-13,2896.85
872,Artwork Title 2133,303,3,2003,Sold,2021-08-04,6127.64
873,Artwork Title 2559,232,9,2010,Sold,2022-10-12,6130.67
874,Artwork Title 1575,155,6,2018,Sold,2023-09-16,7618.32
875,Artwork Title 1896,184,7,2020,Sold,2022-09-12,4878.59
876,Artwork Title 346,121,1,2023,Sold,2022-12-30,5180.2
877,Artwork Title 2749,280,4,2014,Sold,2021-09-12,3999.18
878,Artwork Title 1834,149,1,2023,Sold,2024-09-01,7618.86
879,Artwork Title 1443,124,2,2018,Sold,2022-04-27,4742.46
880,Artwork Title 1041,154,1,2009,Sold,2024-08-06,1051.69
881,Artwork Title 2599,430,3,2011,In Stock,2019-11-14,2460.0
882,Artwork Title 2725,202,7,2010,Sold,2024-01-02,6336.58
883,Artwork Title 1266,106,2,2001,Sold,2022-04-04,7632.12
884,Artwork Title 1934,165,10,2001,Sold,2022-12-17,7156.36
885,Artwork Title 1792,211,4,2004,Sold,2021-12-09,6333.98
886,Artwork Title 1487,206,7,2019,Sold,2023-02-04,3228.12
887,Artwork Title 216,473,4,2017,Sold,2022-06-28,7714.21
888,Artwork Title 851,374,2,2017,Sold,2021-07-09,5998.23
889,Artwork Title 1175,284,10,2016,Sold,2022-01-08,6130.75
890,Artwork Title 1845,404,2,2022,Sold,2021-07-25,6593.81
891,Artwork Title 2025,275,4,2022,Sold,2022-11-10,5167.5
892,Artwork Title 699,499,10,2000,Sold,2024-04-29,7295.2
893,Artwork Title 848,161,6,2020,Sold,2022-06-08,5644.24
894,Artwork Title 842,389,10,2005,In Stock,2021-05-14,9689.89
895,Artwork Title 650,390,10,2000,Sold,2021-05-27,7084.3
896,Artwork Title 834,488,2,2003,Sold,2023-06-18,9354.92
897,Artwork Title 1221,402,5,2021,Sold,2021-05-05,4109.46
898,Artwork Title 106,212,5,2004,Sold,2021-12-26,6618.24
899,Artwork Title 638,340,4,2002,Sold,2021-12-30,3968.29
900,Artwork Title 349,300,6,2015,Sold,2022-04-01,5751.07
901,Artwork Title 1678,271,2,2009,Sold,2021-09-05,7594.13
902,Artwork Title 1511,108,9,2007,Sold,2022-08-26,2501.2
903,Artwork Title 363,227,1,2020,Sold,2021-06-28,7593.92
904,Artwork Title 350,432,1,2003,Sold,2021-07-15,6536.19
905,Artwork Title 2458,192,6,2023,Sold,2023-07-12,6505.72
906,Artwork Title 1069,181,6,2017,In Stock,2024-04-22,6782.45
907,Artwork Title 2219,130,2,2007,Sold,2022-04-13,5368.84
908,Artwork Title 1341,243,1,2012,Sold,2022-12-27,3205.63
909,Artwork Title 1154,101,5,2020,Sold,2022-11-02,4898.68
910,Artwork Title 685,422,9,2000,Sold,2021-08-07,3153.39
911,Artwork Title 1063,182,4,2015,Sold,2022-02-04,1851.5
912,Artwork Title 319,340,5,2009,Sold,2021-09-15,6874.37
913,Artwork Title 2122,479,7,2019,Sold,2021-05-24,8507.31
914,Artwork Title 743,433,2,2014,Sold,2022-06-21,5391.16
915,Artwork Title 1850,395,6,2013,Sold,2022-04-02,5039.48
916,Artwork Title 2039,118,9,2013,Sold,2023-05-25,3264.04
917,Artwork Title 2100,137,6,2003,Sold,2024-10-12,3093.19
918,Artwork Title 2128,230,1,2010,Sold,2023-12-24,2842.6
919,Artwork Title 2019,355,4,2011,Sold,2024-03-29,2425.57
920,Artwork Title 2239,248,9,2009,Sold,2022-11-16,6118.28
921,Artwork Title 1403,373,7,2023,Sold,2023-05-29,5148.14
922,Artwork Title 2190,381,6,2012,Sold,2025-02-21,8308.66
923,Artwork Title 2315,178,1,2020,Sold,2022-07-08,7784.87
924,Artwork Title 1694,287,7,2021,Sold,2022-11-18,6162.88
925,Artwork Title 385,174,4,2022,Sold,2022-07-06,3690.04
926,Artwork Title 985,277,8,2003,Sold,2021-10-14,6040.57
927,Artwork Title 165,410,6,2015,Sold,2023-10-27,7604.2
928,Artwork Title 549,430,6,2007,Sold,2025-11-24,10105.15
929,Artwork Title 65,321,2,2008,Sold,2021-09-15,7321.81
930,Artwork Title 2278,492,6,2007,Sold,2022-07-25,3083.68
931,Artwork Title 751,308,1,2012,Sold,2024-01-04,3869.57
932,Artwork Title 2000,417,6,2007,Sold,2023-01-30,3257.77
933,Artwork Title 1271,256,5,2012,Sold,2021-04-08,6013.79
934,Artwork Title 1307,110,6,2004,Sold,2023-08-19,9849.73
935,Artwork Title 433,454,4,2019,Sold,2021-12-11,3348.47
936,Artwork Title 2650,336,5,2021,Sold,2023-02-19,5841.53
937,Artwork Title 1638,223,9,2022,Sold,2024-02-10,7602.67
938,Artwork Title 2271,478,5,2016,Sold,2021-11-01,4637.86
939,Artwork Title 2723,267,8,2021,Sold,2022-10-07,5309.47
940,Artwork Title 281,466,6,2001,Sold,2021-07-08,2344.2
941,Artwork Title 2125,118,5,2008,Sold,2025-07-15,3375.19
942,Artwork Title 2058,321,1,2017,Sold,2023-08-27,661.74
943,Artwork Title 194,305,10,2022,Sold,2023-06-09,5305.26
944,Artwork Title 111,379,5,2005,Sold,2021-10-12,6640.6
945,Artwork Title 1480,311,4,2017,In Stock,2023-10-02,7785.23
946,Artwork Title 1036,338,7,2010,Sold,2023-03-03,5291.52
947,Artwork Title 645,426,9,2015,In Stock,2020-09-20,1425.56
948,Artwork Title 2709,145,1,2006,Sold,2024-03-09,6651.89
949,Artwork Title 528,500,10,2014,Sold,2021-09-10,6534.45
950,Artwork Title 2622,207,4,2020,Sold,2021-04-14,4980.02
951,Artwork Title 2229,169,1,2000,Sold,2022-09-18,7527.0
952,Artwork Title 1527,151,10,2009,Sold,2021-11-30,4219.25
953,Artwork Title 85,233,4,2009,Sold,2021-09-13,3787.15
954,Artwork Title 2324,308,6,2003,Sold,2021-09-12,7513.38
955,Artwork Title 1312,170,10,2010,Sold,2024-04-28,6179.34
956,Artwork Title 804,348,3,2010,In Stock,2024-02-07,5370.76
957,Artwork Title 389,101,3,2009,Sold,2021-11-09,8542.48
958,Artwork Title 2676,409,3,2013,Sold,2022-01-20,2765.61
959,Artwork Title 1125,148,2,2017,Sold,2022-02-05,6025.0
960,Artwork Title 2483,146,4,2000,In Stock,2018-11-29,5867.04
961,Artwork Title 893,324,8,2002,Sold,2021-05-03,6402.84
962,Artwork Title 46,307,4,2000,Sold,2022-11-13,8122.95
963,Artwork Title 732,134,8,2019,Sold,2023-03-25,5915.53
964,Artwork Title 264,484,5,2020,Sold,2021-10-17,5518.64
965,Artwork Title 694,126,7,2004,In Stock,2025-09-06,8706.94
966,Artwork Title 533,159,2,2019,Sold,2022-11-06,2317.33
967,Artwork Title 2067,375,7,2021,Sold,2023-09-23,4815.2
968,Artwork Title 975,480,9,2001,Sold,2023-02-02,2837.07
969,Artwork Title 131,248,6,2022,Sold,2021-09-05,6349.71
970,Artwork Title 799,438,10,2005,Sold,2022-08-19,4825.19
971,Artwork Title 457,281,9,2001,Sold,2023-04-13,6811.91
972,Artwork Title 2468,205,10,2007,Sold,2022-01-22,5146.51
973,Artwork Title 76,379,10,2012,Sold,2025-04-16,2825.37
974,Artwork Title 1643,349,7,2007,Sold,2023-08-17,4754.4
975,Artwork Title 2520,355,5,2001,Sold,2021-11-12,3419.01
976,Artwork Title 2728,262,6,2017,Sold,2022-07-11,2304.24
977,Artwork Title 1428,315,9,2003,Sold,2022-08-11,6304.65
978,Artwork Title 2285,114,6,2017,Sold,2022-01-03,2686.72
979,Artwork Title 140,374,7,2023,Sold,2021-05-16,6463.21
980,Artwork Title 2686,375,9,2015,Sold,2022-04-22,6205.65
981,Artwork Title 1056,467,8,2018,Sold,2021-12-21,6464.83
982,Artwork Title 2710,437,1,2009,Sold,2023-07-19,7614.15
983,Artwork Title 1180,394,10,2009,Sold,2022-04-22,5012.24
984,Artwork Title 590,289,7,2018,Sold,2022-08-29,3494.89
985,Artwork Title 1793,137,5,2001,Sold,2022-03-20,4466.75
986,Artwork Title 1755,471,5,2010,Sold,2024-01-03,5668.12
987,Artwork Title 1784,379,9,2008,Sold,2024-03-28,6673.79
988,Artwork Title 523,224,3,2015,In Stock,2019-11-14,5665.09
989,Artwork Title 1235,409,3,2011,Sold,2021-12-31,8047.27
990,Artwork Title 512,417,7,2011,Sold,2021-11-28,6361.68
991,Artwork Title 894,170,1,2020,Sold,2021-12-31,2413.19
992,Artwork Title 1024,438,4,2022,Sold,2021-09-22,4944.41
993,Artwork Title 907,281,4,2002,Sold,2021-10-11,4225.74
994,Artwork Title 2371,143,4,2005,Sold,2022-03-17,5796.72
995,Artwork Title 1231,314,10,2001,Sold,2022-02-18,7492.75
996,Artwork Title 386,235,5,2021,Sold,2021-09-30,7525.32
997,Artwork Title 2241,277,10,2007,Sold,2023-08-05,5816.15
998,Artwork Title 1955,446,8,2006,Sold,2022-04-21,6703.42
999,Artwork Title 726,227,2,2009,In Stock,2020-05-30,3704.67
1000,Artwork Title 1026,326,8,2023,Sold,2022-07-31,3927.66
1001,Artwork Title 742,283,10,2021,Sold,2021-11-05,9297.17
1002,Artwork Title 1615,471,7,2011,Sold,2022-06-23,10278.48
1003,Artwork Title 2077,151,9,2011,In Stock,2020-10-16,1159.3
1004,Artwork Title 344,194,10,2023,Sold,2021-08-23,10761.46
1005,Artwork Title 1677,226,7,2012,Sold,2021-11-11,3294.52
1006,Artwork Title 2060,164,8,2000,Sold,2022-04-17,3920.19
1007,Artwork Title 1133,106,6,2001,Sold,2022-12-31,5795.41
1008,Artwork Title 288,496,7,2011,In Stock,2016-09-01,979.16
1009,Artwork Title 2584,313,4,2016,Sold,2023-09-09,4231.89
1010,Artwork Title 1720,397,6,2013,In Stock,2017-09-07,2466.36
1011,Artwork Title 2757,308,7,2003,In Stock,2023-09-09,2945.5
1012,Artwork Title 212,404,9,2009,Sold,2021-05-01,10421.13
1013,Artwork Title 902,226,8,2022,In Stock,2018-07-02,9324.79
1014,Artwork Title 1707,132,1,2009,Sold,2021-10-29,4375.99
1015,Artwork Title 1412,146,5,2012,Sold,2021-10-27,7370.94
1016,Artwork Title 2130,366,4,2022,Sold,2022-03-15,4906.43
1017,Artwork Title 1979,475,6,2011,Sold,2022-05-28,6307.56
1018,Artwork Title 2170,446,4,2017,In Stock,2020-05-23,8995.63
1019,Artwork Title 1407,169,1,2010,Sold,2022-11-06,7746.2
1020,Artwork Title 2134,281,7,2011,Sold,2021-11-23,6866.84
1021,Artwork Title 1252,103,3,2018,Sold,2022-01-07,5304.17
1022,Artwork Title 2297,380,9,2008,Sold,2023-04-25,4869.31
1023,Artwork Title 2451,106,2,2018,Sold,2023-08-26,5084.85
1024,Artwork Title 1606,479,4,2014,Sold,2023-12-04,8960.43
1025,Artwork Title 2508,219,1,2022,Sold,2022-06-16,2418.38
1026,Artwork Title 1573,258,5,2005,Sold,2021-03-19,6225.61
1027,Artwork Title 2786,295,2,2016,Sold,2023-08-01,4168.88
1028,Artwork Title 417,444,2,2015,Sold,2021-08-21,4476.87
1029,Artwork Title 2115,308,10,2004,Sold,2022-12-10,3888.53
1030,Artwork Title 299,165,8,2012,In Stock,2017-03-18,4512.36
1031,Artwork Title 1034,310,8,2023,Sold,2022-05-06,6537.43
1032,Artwork Title 1419,322,2,2013,Sold,2023-06-12,6391.01
1033,Artwork Title 2308,281,7,2014,Sold,2022-04-20,4450.73
1034,Artwork Title 1837,144,7,2008,Sold,2024-05-24,3873.13
1035,Artwork Title 1437,115,6,2000,Sold,2024-10-30,1953.06
1036,Artwork Title 587,254,7,2012,Sold,2022-02-14,2902.24
1037,Artwork Title 1280,168,7,2005,Sold,2023-04-14,6211.39
1038,Artwork Title 1985,356,5,2011,Sold,2021-11-17,4648.11
1039,Artwork Title 2207,257,9,2006,In Stock,2020-07-16,2395.51
1040,Artwork Title 1549,129,7,2014,Sold,2023-05-22,5666.39
1041,Artwork Title 2152,355,10,2012,Sold,2024-11-22,3241.91
1042,Artwork Title 1875,303,3,2000,Sold,2024-05-17,7068.9
1043,Artwork Title 1842,212,6,2007,Sold,2022-09-10,2791.33
1044,Artwork Title 1409,179,6,2016,Sold,2021-11-03,5786.81
1045,Artwork Title 2326,194,6,2003,Sold,2024-02-06,6458.22
1046,Artwork Title 149,349,6,2004,Sold,2022-06-08,7223.8
1047,Artwork Title 2742,436,5,2000,Sold,2022-01-04,9688.12
1048,Artwork Title 2438,440,7,2022,Sold,2022-07-27,5889.91
1049,Artwork Title 2626,221,6,2003,Sold,2021-07-16,7324.18
1050,Artwork Title 1519,472,4,2016,Sold,2022-04-20,4677.87
1051,Artwork Title 2517,250,9,2005,Sold,2022-02-24,7735.64
1052,Artwork Title 2631,385,6,2015,Sold,2024-07-22,11017.08
1053,Artwork Title 2146,451,9,2010,Sold,2021-12-04,8065.08
1054,Artwork Title 2383,206,1,2015,Sold,2021-11-15,4750.38
1055,Artwork Title 1318,238,7,2014,Sold,2021-04-29,6354.55
1056,Artwork Title 178,131,1,2018,Sold,2021-08-09,2834.64
1057,Artwork Title 478,423,4,2008,Sold,2023-12-22,6171.98
1058,Artwork Title 1012,422,2,2016,In Stock,2015-09-01,4947.71
1059,Artwork Title 1922,107,4,2012,Sold,2021-06-12,4763.22
1060,Artwork Title 2669,469,10,2020,Sold,2021-08-27,2041.87
1061,Artwork Title 871,460,2,2013,Sold,2021-12-07,4965.12
1062,Artwork Title 1365,350,5,2004,Sold,2021-02-15,6183.88
1063,Artwork Title 968,479,5,2022,In Stock,2021-11-06,6724.0
1064,Artwork Title 1256,371,4,2017,Sold,2022-02-21,6236.45
1065,Artwork Title 1075,357,5,2003,Sold,2023-06-27,6454.39
1066,Artwork Title 529,368,7,2017,Sold,2022-12-17,7002.48
1067,Artwork Title 958,271,1,2007,Sold,2021-06-04,6080.99
1068,Artwork Title 656,216,2,2017,Sold,2022-08-04,8271.31
1069,Artwork Title 44,111,10,2006,Sold,2022-04-28,2459.27
1070,Artwork Title 1270,173,3,2013,In Stock,2024-12-28,3572.23
1071,Artwork Title 1276,299,4,2002,Sold,2021-12-13,7500.79
1072,Artwork Title 2328,139,3,2015,Sold,2021-09-05,4704.72
1073,Artwork Title 261,372,6,2021,Sold,2021-06-05,6906.7
1074,Artwork Title 2132,142,1,2004,Sold,2021-12-16,8122.52
1075,Artwork Title 1831,136,6,2022,Sold,2024-06-10,5718.92
1076,Artwork Title 846,257,9,2008,Sold,2021-06-03,5391.43
1077,Artwork Title 1855,158,1,2018,Sold,2024-07-23,7329.69
1078,Artwork Title 2196,410,2,2003,Sold,2023-06-09,7505.42
1079,Artwork Title 1104,458,9,2014,Sold,2022-03-21,7721.66
1080,Artwork Title 1090,288,8,2009,In Stock,2020-04-08,4966.59
1081,Artwork Title 836,473,4,2002,Sold,2021-08-22,4904.71
1082,Artwork Title 1389,386,2,2018,In Stock,2018-06-26,929.64
1083,Artwork Title 2473,372,8,2009,Sold,2021-04-01,5380.71
1084,Artwork Title 430,254,1,2013,Sold,2021-07-11,5431.73
1085,Artwork Title 2671,415,9,2022,Sold,2023-02-10,5436.19
1086,Artwork Title 223,313,3,2009,Sold,2024-02-23,4992.14
1087,Artwork Title 892,148,4,2014,Sold,2023-07-05,5597.65
1088,Artwork Title 1605,150,1,2018,Sold,2021-03-24,5677.68
1089,Artwork Title 1309,267,3,2014,Sold,2025-02-20,7525.0
1090,Artwork Title 148,109,10,2010,In Stock,2022-03-26,1260.48
1091,Artwork Title 1248,392,4,2001,Sold,2021-09-25,3440.75
1092,Artwork Title 1976,179,6,2012,Sold,2023-03-07,8325.89
1093,Artwork Title 2694,343,4,2020,Sold,2021-09-14,5794.8
1094,Artwork Title 2095,364,7,2019,Sold,2025-09-07,5662.89
1095,Artwork Title 2457,163,3,2004,Sold,2022-07-24,9479.87
1096,Artwork Title 1087,170,8,2019,Sold,2022-09-25,4630.68
1097,Artwork Title 2418,492,3,2017,Sold,2023-07-20,7649.63
1098,Artwork Title 1767,244,9,2008,Sold,2021-10-27,7921.58
1099,Artwork Title 2311,291,8,2002,Sold,2022-10-15,3513.85
1100,Artwork Title 1626,156,6,2014,Sold,2021-05-07,5819.85
1101,Artwork Title 2469,324,6,2004,Sold,2022-11-09,10216.4
1102,Artwork Title 2349,182,4,2003,Sold,2023-09-22,5705.87
1103,Artwork Title 1691,239,8,2019,Sold,2023-03-17,3459.48
1104,Artwork Title 442,468,3,2005,In Stock,2015-08-27,7955.49
1105,Artwork Title 272,317,6,2007,Sold,2024-03-02,8414.04
1106,Artwork Title 883,269,2,2002,Sold,2022-06-05,5799.1
1107,Artwork Title 86,274,8,2019,Sold,2022-03-30,5887.7
1108,Artwork Title 670,107,2,2002,In Stock,2021-01-16,9296.83
1109,Artwork Title 613,166,9,2010,Sold,2021-10-20,6405.92
1110,Artwork Title 1215,400,5,2011,Sold,2021-09-02,5811.83
1111,Artwork Title 2747,410,2,2012,Sold,2022-06-01,7857.44
1112,Artwork Title 675,253,4,2006,Sold,2021-10-28,5576.72
1113,Artwork Title 2661,365,5,2014,Sold,2025-06-12,9678.06
1114,Artwork Title 1172,360,7,2002,Sold,2022-10-10,8781.6
1115,Artwork Title 536,172,8,2017,Sold,2021-12-17,5607.39
1116,Artwork Title 1954,497,10,2007,Sold,2024-08-02,5821.77
1117,Artwork Title 1571,263,7,2003,Sold,2022-03-21,3534.21
1118,Artwork Title 1660,176,6,2008,Sold,2022-09-08,4134.83
1119,Artwork Title 447,328,6,2015,Sold,2022-05-02,8213.79
1120,Artwork Title 2575,101,6,2018,Sold,2023-12-12,5620.3
1121,Artwork Title 2441,418,4,2000,Sold,2022-11-19,6048.04
1122,Artwork Title 745,183,1,2004,Sold,2021-11-30,2576.19
1123,Artwork Title 2265,252,1,2010,Sold,2023-01-25,4749.62
1124,Artwork Title 2062,349,3,2007,Sold,2022-08-07,1632.51
1125,Artwork Title 521,495,5,2023,Sold,2023-10-20,7010.65
1126,Artwork Title 1665,136,4,2002,Sold,2023-03-06,3592.98
1127,Artwork Title 69,328,4,2008,Sold,2022-06-22,2172.19
1128,Artwork Title 347,206,1,2021,Sold,2022-07-27,2165.61
1129,Artwork Title 2269,222,9,2022,Sold,2022-07-02,3834.11
1130,Artwork Title 441,350,10,2016,Sold,2022-09-16,4714.73
1131,Artwork Title 2337,486,7,2005,Sold,2023-01-05,3912.32
1132,Artwork Title 2230,342,4,2004,Sold,2023-12-13,7558.98
1133,Artwork Title 321,259,3,2003,Sold,2024-08-07,10505.85
1134,Artwork Title 408,186,10,2006,Sold,2022-09-04,7153.06
1135,Artwork Title 23,285,10,2015,Sold,2022-05-09,6749.87
1136,Artwork Title 1388,278,6,2013,Sold,2021-04-11,6850.65
1137,Artwork Title 2474,374,6,2002,Sold,2022-12-15,3880.94
1138,Artwork Title 145,333,4,2002,In Stock,2018-10-04,8638.38
1139,Artwork Title 2317,195,4,2011,Sold,2023-05-24,5874.46
1140,Artwork Title 2743,133,5,2023,Sold,2021-10-21,6429.97
1141,Artwork Title 1083,371,2,2019,Sold,2023-06-22,4791.92
1142,Artwork Title 1283,170,2,2017,Sold,2021-12-28,3702.16
1143,Artwork Title 1698,337,4,2009,Sold,2023-11-22,1948.34
1144,Artwork Title 362,402,8,2000,Sold,2023-06-21,7522.94
1145,Artwork Title 496,399,1,2020,Sold,2024-02-16,10569.76
1146,Artwork Title 2700,191,10,2009,Sold,2022-01-24,2285.26
1147,Artwork Title 2691,387,10,2010,Sold,2022-05-26,5351.65
1148,Artwork Title 996,251,6,2023,Sold,2022-03-15,5348.04
1149,Artwork Title 1999,237,8,2010,Sold,2022-09-19,6991.57
1150,Artwork Title 787,416,2,2012,In Stock,2018-09-08,2377.76
1151,Artwork Title 1232,128,3,2005,Sold,2022-05-17,6056.36
1152,Artwork Title 1597,177,3,2007,Sold,2021-06-22,8389.25
1153,Artwork Title 2226,347,6,2009,Sold,2023-09-10,6153.89
1154,Artwork Title 1251,330,9,2022,Sold,2022-12-14,5535.28
1155,Artwork Title 1918,340,7,2000,Sold,2022-10-28,5761.24
1156,Artwork Title 963,482,6,2000,Sold,2022-06-20,5779.05
1157,Artwork Title 2495,315,2,2015,Sold,2022-11-02,4212.74
1158,Artwork Title 1174,496,6,2003,Sold,2022-10-27,5201.35
1159,Artwork Title 748,205,4,2000,Sold,2022-04-21,6778.36
1160,Artwork Title 2169,325,9,2003,Sold,2022-01-22,6203.14
1161,Artwork Title 2579,354,8,2011,Sold,2024-09-14,1585.35
1162,Artwork Title 819,183,2,2010,Sold,2021-09-22,4872.21
1163,Artwork Title 1786,321,10,2020,Sold,2022-04-06,983.62
1164,Artwork Title 2070,247,9,2011,Sold,2023-06-09,1162.32
1165,Artwork Title 98,154,9,2006,In Stock,2016-12-11,4778.95
1166,Artwork Title 1017,164,8,2021,Sold,2022-09-03,3457.55
1167,Artwork Title 888,339,2,2002,Sold,2022-02-17,8819.52
1168,Artwork Title 589,113,3,2020,Sold,2022-12-23,6424.17
1169,Artwork Title 1886,353,3,2008,Sold,2023-06-16,4770.98
1170,Artwork Title 573,351,10,2003,Sold,2025-01-09,9669.33
1171,Artwork Title 1821,402,10,2001,Sold,2022-06-04,7751.54
1172,Artwork Title 2314,140,10,2002,Sold,2022-09-28,7095.32
1173,Artwork Title 2482,314,10,2020,Sold,2021-09-24,3531.66
1174,Artwork Title 986,149,10,2007,Sold,2022-12-13,8444.53
1175,Artwork Title 1809,199,7,2019,Sold,2021-11-13,8471.38
1176,Artwork Title 641,477,7,2009,Sold,2024-05-12,5466.83
1177,Artwork Title 2717,307,3,2006,Sold,2022-05-09,8211.38
1178,Artwork Title 769,487,9,2005,Sold,2022-09-26,5162.45
1179,Artwork Title 2250,242,9,2010,In Stock,2017-11-28,1309.88
1180,Artwork Title 2422,315,10,2021,Sold,2023-01-28,5172.81
1181,Artwork Title 2159,307,5,2000,Sold,2021-08-02,3247.54
1182,Artwork Title 1891,412,9,2019,Sold,2022-01-17,6174.99
1183,Artwork Title 29,280,5,2013,Sold,2022-12-14,8301.74
1184,Artwork Title 209,102,1,2017,Sold,2021-09-26,8276.14
1185,Artwork Title 2270,116,1,2016,Sold,2022-05-15,7806.13
1186,Artwork Title 2440,370,9,2020,Sold,2021-06-15,3722.89
1187,Artwork Title 80,290,8,2010,Sold,2022-11-09,10478.36
1188,Artwork Title 2758,426,5,2004,Sold,2022-06-12,7275.09
1189,Artwork Title 1160,427,9,2006,Sold,2022-04-04,5689.99
1190,Artwork Title 2600,331,1,2014,Sold,2021-04-12,4034.39
1191,Artwork Title 2301,381,7,2023,In Stock,2022-02-26,3522.88
1192,Artwork Title 2008,175,4,2003,Sold,2021-12-06,5055.83
1193,Artwork Title 2745,245,6,2017,Sold,2021-08-10,5780.11
1194,Artwork Title 832,325,1,2001,Sold,2023-06-24,4456.31
1195,Artwork Title 2692,336,9,2002,Sold,2023-05-28,4839.83
1196,Artwork Title 2775,296,6,2002,Sold,2022-01-25,6086.46
1197,Artwork Title 643,168,2,2020,Sold,2021-07-26,5605.78
1198,Artwork Title 1753,128,4,2015,Sold,2022-11-11,6869.49
1199,Artwork Title 2529,277,10,2010,Sold,2021-06-21,5698.13
1200,Artwork Title 142,168,3,2011,In Stock,2019-12-30,8926.74
1201,Artwork Title 1512,214,5,2012,Sold,2023-01-11,5461.79
1202,Artwork Title 1600,192,2,2022,In Stock,2021-07-28,8065.03
1203,Artwork Title 503,287,9,2022,Sold,2021-03-13,3971.79
1204,Artwork Title 1515,173,6,2009,Sold,2021-11-08,5894.58
1205,Artwork Title 1156,167,6,2014,Sold,2021-06-15,7161.9
1206,Artwork Title 2399,119,2,2022,Sold,2023-05-28,2706.56
1207,Artwork Title 816,301,7,2003,Sold,2021-06-21,6520.65
1208,Artwork Title 738,162,7,2009,Sold,2021-04-03,3854.63
1209,Artwork Title 1888,357,6,2013,Sold,2023-07-21,6060.88
1210,Artwork Title 286,322,4,2008,Sold,2023-07-02,1906.6
1211,Artwork Title 1997,262,10,2019,Sold,2023-04-26,4196.16
1212,Artwork Title 2359,493,9,2006,Sold,2024-06-25,8267.76
1213,Artwork Title 2701,266,4,2022,Sold,2023-04-06,4399.94
1214,Artwork Title 437,432,5,2020,Sold,2022-01-03,6474.27
1215,Artwork Title 1931,447,3,2020,Sold,2021-08-28,8849.98
1216,Artwork Title 2176,207,9,2003,Sold,2022-04-18,8497.29
1217,Artwork Title 980,153,7,2008,Sold,2022-08-19,3396.57
1218,Artwork Title 2340,121,5,2016,Sold,2021-07-07,4965.28
1219,Artwork Title 561,320,4,2015,In Stock,2016-12-26,6813.45
1220,Artwork Title 1076,304,3,2012,Sold,2021-06-28,7703.51
1221,Artwork Title 2123,227,6,2013,Sold,2023-02-21,8608.07
1222,Artwork Title 885,349,3,2001,Sold,2024-05-19,5744.19
1223,Artwork Title 1329,356,2,2001,Sold,2024-09-24,6068.52
1224,Artwork Title 1048,350,6,2011,Sold,2022-04-08,2640.15
1225,Artwork Title 2083,349,6,2017,Sold,2021-05-08,4496.19
1226,Artwork Title 1046,330,7,2001,Sold,2023-11-20,6233.83
1227,Artwork Title 1107,342,3,2018,Sold,2021-10-14,1688.39
1228,Artwork Title 789,303,10,2018,In Stock,2025-12-04,3212.9
1229,Artwork Title 1539,154,6,2010,Sold,2024-02-11,5175.2
1230,Artwork Title 1925,136,6,2008,In Stock,2024-09-28,3181.58
1231,Artwork Title 2751,495,3,2008,Sold,2022-09-17,6119.74
1232,Artwork Title 584,103,10,2015,Sold,2021-05-18,6224.35
1233,Artwork Title 2073,224,4,2008,Sold,2024-08-13,3199.44
1234,Artwork Title 775,462,6,2015,Sold,2022-06-03,3729.16
1235,Artwork Title 318,328,4,2004,In Stock,2020-02-20,1932.31
1236,Artwork Title 2335,172,1,2014,Sold,2022-08-21,3397.5
1237,Artwork Title 2624,490,4,2016,Sold,2021-12-27,5669.63
1238,Artwork Title 2706,120,9,2020,Sold,2023-09-03,7390.1
1239,Artwork Title 79,500,1,2007,Sold,2022-03-12,5408.6
1240,Artwork Title 2403,290,4,2000,Sold,2022-05-19,5143.63
1241,Artwork Title 2607,490,9,2007,Sold,2022-01-06,6293.87
1242,Artwork Title 680,255,2,2007,In Stock,2017-10-16,9239.32
1243,Artwork Title 383,320,3,2014,Sold,2023-09-22,4643.86
1244,Artwork Title 2222,344,7,2018,Sold,2022-04-27,6867.21
1245,Artwork Title 171,378,1,2018,Sold,2025-02-28,1833.0
1246,Artwork Title 2183,311,5,2018,Sold,2022-09-06,4541.08
1247,Artwork Title 2321,402,2,2016,Sold,2021-12-25,8263.84
1248,Artwork Title 1112,470,2,2007,In Stock,2016-03-13,4422.88
1249,Artwork Title 1378,383,6,2023,Sold,2022-12-16,4435.92
1250,Artwork Title 815,178,7,2003,Sold,2022-10-28,5499.96
1251,Artwork Title 2653,130,4,2001,Sold,2021-07-02,7055.74
1252,Artwork Title 992,253,2,2018,Sold,2023-09-15,5082.01
1253,Artwork Title 1987,235,2,2007,Sold,2024-07-20,4981.93
1254,Artwork Title 150,327,3,2021,Sold,2023-03-22,6063.75
1255,Artwork Title 355,437,4,2019,Sold,2024-05-05,7069.87
1256,Artwork Title 653,164,1,2019,In Stock,2015-11-26,6707.86
1257,Artwork Title 2490,266,6,2010,Sold,2022-02-13,7924.2
1258,Artwork Title 865,388,2,2006,In Stock,2018-08-04,8430.52
1259,Artwork Title 1728,189,5,2011,Sold,2022-09-24,4575.24
1260,Artwork Title 2217,202,2,2015,Sold,2022-03-23,8638.48
1261,Artwork Title 1454,230,6,2001,Sold,2023-06-17,1694.67
1262,Artwork Title 464,327,5,2013,In Stock,2015-05-19,1212.66
1263,Artwork Title 1601,370,10,2023,Sold,2021-11-23,6772.22
1264,Artwork Title 1883,347,4,2004,Sold,2021-07-03,4343.12
1265,Artwork Title 2666,479,6,2021,Sold,2021-09-19,5052.84
1266,Artwork Title 1870,431,3,2023,Sold,2024-10-31,6440.69
1267,Artwork Title 1420,289,8,2004,Sold,2022-03-24,6459.32
1268,Artwork Title 1475,494,9,2014,Sold,2022-02-10,7019.28
1269,Artwork Title 466,480,2,2023,In Stock,2015-03-10,6268.16
1270,Artwork Title 662,165,1,2012,Sold,2022-11-09,3509.73
1271,Artwork Title 1950,346,8,2002,Sold,2023-03-23,2889.45
1272,Artwork Title 673,376,2,2010,Sold,2021-02-27,7974.04
1273,Artwork Title 2280,324,2,2006,Sold,2022-09-19,6175.41
1274,Artwork Title 471,378,10,2010,In Stock,2016-06-28,9902.47
1275,Artwork Title 1473,208,3,2003,Sold,2022-06-15,2397.91
1276,Artwork Title 222,340,9,2015,In Stock,2021-04-02,6032.63
1277,Artwork Title 238,283,8,2018,Sold,2023-04-10,6926.95
1278,Artwork Title 326,383,8,2008,Sold,2022-11-17,7839.11
1279,Artwork Title 1081,107,6,2003,Sold,2021-11-25,9685.0
1280,Artwork Title 1524,131,2,2021,Sold,2021-07-22,6439.63
1281,Artwork Title 1498,181,1,2012,Sold,2022-12-19,7140.71
1282,Artwork Title 727,392,6,2005,Sold,2022-05-21,7197.73
1283,Artwork Title 988,310,10,2008,Sold,2023-08-12,5850.49
1284,Artwork Title 2346,498,10,2003,Sold,2023-10-04,3848.15
1285,Artwork Title 615,102,7,2012,In Stock,2015-09-04,5448.23
1286,Artwork Title 202,333,3,2005,Sold,2021-05-22,5192.2
1287,Artwork Title 1227,263,9,2013,Sold,2022-07-13,7910.98
1288,Artwork Title 2408,268,10,2006,Sold,2023-12-11,6336.7
1289,Artwork Title 2074,207,10,2014,Sold,2022-11-08,6437.79
1290,Artwork Title 2484,433,4,2023,Sold,2022-12-24,5669.0
1291,Artwork Title 884,222,7,2003,Sold,2025-07-20,2383.36
1292,Artwork Title 839,164,2,2010,Sold,2025-05-02,1495.08
1293,Artwork Title 2273,206,2,2010,Sold,2022-05-16,6010.56
1294,Artwork Title 188,284,5,2016,Sold,2023-04-11,8390.02
1295,Artwork Title 2078,498,4,2004,In Stock,2023-09-22,944.27
1296,Artwork Title 1916,279,8,2015,Sold,2021-07-07,6481.78
1297,Artwork Title 1357,327,7,2019,Sold,2024-02-11,5494.98
1298,Artwork Title 1088,138,4,2021,Sold,2024-02-23,7097.47
1299,Artwork Title 448,237,9,2020,Sold,2022-04-19,6622.04
1300,Artwork Title 2087,448,3,2011,Sold,2022-07-02,3189.78
1301,Artwork Title 1137,411,4,2018,Sold,2021-08-14,6818.37
1302,Artwork Title 1038,282,3,2004,Sold,2021-07-19,4753.99
1303,Artwork Title 54,396,7,2017,Sold,2021-06-25,1561.64
1304,Artwork Title 316,392,4,2003,Sold,2024-04-29,605.21
1305,Artwork Title 2348,188,1,2001,Sold,2021-07-25,4986.25
1306,Artwork Title 1417,352,4,2000,Sold,2023-06-14,6710.22
1307,Artwork Title 1469,456,4,2018,In Stock,2019-02-20,2448.55
1308,Artwork Title 438,228,6,2009,Sold,2021-09-22,6539.96
1309,Artwork Title 1052,268,9,2014,Sold,2022-02-02,8231.12
1310,Artwork Title 2138,244,1,2002,Sold,2022-09-18,5036.23
1311,Artwork Title 2753,130,7,2013,Sold,2022-06-12,3165.66
1312,Artwork Title 2683,131,8,2010,Sold,2022-02-22,5411.83
1313,Artwork Title 415,155,7,2004,Sold,2022-02-28,9540.59
1314,Artwork Title 1445,109,1,2015,In Stock,2017-08-11,1939.01
1315,Artwork Title 1790,240,6,2019,Sold,2023-07-14,11248.67
1316,Artwork Title 2213,332,8,2020,Sold,2024-08-01,3230.16
1317,Artwork Title 2587,345,2,2002,In Stock,2023-01-17,2452.18
1318,Artwork Title 991,207,1,2022,In Stock,2016-06-01,8550.4
1319,Artwork Title 1035,293,10,2000,Sold,2024-04-06,631.72
1320,Artwork Title 895,255,9,2002,Sold,2021-12-19,7836.04
1321,Artwork Title 248,358,5,2022,Sold,2023-08-25,3931.76
1322,Artwork Title 1730,329,10,2006,Sold,2023-08-19,8571.92
1323,Artwork Title 1373,125,4,2008,Sold,2021-04-27,5770.24
1324,Artwork Title 929,425,9,2012,Sold,2022-06-25,3667.95
1325,Artwork Title 1816,196,7,2008,Sold,2022-06-26,2068.88
1326,Artwork Title 1145,496,2,2015,Sold,2022-07-30,1854.67
1327,Artwork Title 2510,388,7,2000,Sold,2021-04-29,6452.55
1328,Artwork Title 2174,324,4,2019,Sold,2022-02-17,5552.34
1329,Artwork Title 2042,189,5,2002,In Stock,2015-05-23,3243.64
1330,Artwork Title 1489,404,4,2019,Sold,2022-02-24,4694.67
1331,Artwork Title 1165,311,8,2000,Sold,2021-03-23,5877.82
1332,Artwork Title 335,382,9,2022,Sold,2021-07-01,7378.68
1333,Artwork Title 597,445,6,2021,Sold,2021-10-20,4060.11
1334,Artwork Title 1100,450,5,2013,Sold,2024-01-04,4208.85
1335,Artwork Title 1578,465,4,2017,Sold,2022-02-04,8132.94
1336,Artwork Title 2242,412,4,2002,Sold,2023-01-11,5006.57
1337,Artwork Title 2218,410,5,2003,Sold,2022-02-07,6461.6
1338,Artwork Title 1736,470,1,2012,Sold,2021-11-14,10166.52
1339,Artwork Title 1198,117,1,2022,Sold,2023-01-19,3192.82
1340,Artwork Title 1640,286,6,2001,Sold,2022-10-02,4639.93
1341,Artwork Title 1120,466,1,2016,Sold,2023-06-21,4611.18
1342,Artwork Title 1653,303,6,2008,Sold,2021-10-25,6091.79
1343,Artwork Title 1617,360,1,2005,Sold,2021-12-10,8176.72
1344,Artwork Title 1846,407,4,2001,Sold,2021-12-05,7598.82
1345,Artwork Title 1011,381,10,2003,Sold,2022-07-02,3388.26
1346,Artwork Title 474,347,8,2007,Sold,2024-06-04,6256.85
1347,Artwork Title 1734,393,9,2017,Sold,2023-02-20,4569.67
1348,Artwork Title 1769,162,8,2009,Sold,2022-03-22,6819.39
1349,Artwork Title 1117,122,6,2015,Sold,2025-05-11,7783.92
1350,Artwork Title 425,361,4,2003,Sold,2023-04-10,7045.38
1351,Artwork Title 445,129,5,2003,Sold,2022-07-13,9088.12
1352,Artwork Title 1963,116,4,2020,Sold,2023-06-09,8120.56
1353,Artwork Title 2726,171,1,2009,Sold,2022-09-18,7826.78
1354,Artwork Title 1651,211,7,2017,Sold,2021-09-17,6222.23
1355,Artwork Title 2199,154,10,2010,Sold,2021-12-22,7911.13
1356,Artwork Title 177,190,7,2011,Sold,2023-11-20,6087.51
1357,Artwork Title 516,369,9,2016,Sold,2022-09-11,4645.92
1358,Artwork Title 1672,320,6,2005,Sold,2024-04-15,4208.39
1359,Artwork Title 1043,189,1,2007,Sold,2024-10-24,4237.94
1360,Artwork Title 2432,121,10,2002,Sold,2025-10-19,9481.09
1361,Artwork Title 1284,387,7,2008,Sold,2022-01-17,4484.79
1362,Artwork Title 196,227,8,2005,In Stock,2023-11-23,1324.07
1363,Artwork Title 1704,180,3,2023,Sold,2021-09-06,3563.89
1364,Artwork Title 1547,261,3,2022,Sold,2022-01-08,6285.19
1365,Artwork Title 1506,488,2,2011,Sold,2021-05-12,6042.83
1366,Artwork Title 2656,118,4,2011,Sold,2023-10-29,9765.01
1367,Artwork Title 240,238,7,2002,Sold,2022-03-08,8126.45
1368,Artwork Title 1619,305,6,2021,Sold,2022-04-27,5562.4
1369,Artwork Title 1887,178,10,2018,Sold,2021-10-18,3565.62
1370,Artwork Title 551,229,10,2004,Sold,2021-12-31,4690.69
1371,Artwork Title 984,351,5,2023,Sold,2021-08-21,7523.77
1372,Artwork Title 1878,486,5,2022,Sold,2023-07-14,4263.97
1373,Artwork Title 108,306,6,2019,Sold,2023-05-09,3142.16
1374,Artwork Title 1003,416,2,2007,In Stock,2021-06-28,5401.48
1375,Artwork Title 1909,151,6,2013,Sold,2024-09-18,6650.59
1376,Artwork Title 2061,354,3,2002,Sold,2022-05-16,8005.8
1377,Artwork Title 2648,260,2,2003,Sold,2021-11-29,5012.63
1378,Artwork Title 322,488,9,2017,Sold,2022-01-17,9679.01
1379,Artwork Title 544,324,9,2013,Sold,2024-06-11,7290.56
1380,Artwork Title 2368,396,7,2015,Sold,2021-11-28,5250.87
1381,Artwork Title 1068,361,4,2021,Sold,2022-07-16,5128.07
1382,Artwork Title 1993,299,5,2012,Sold,2024-07-01,3039.5
1383,Artwork Title 112,265,5,2014,Sold,2021-12-31,5307.66
1384,Artwork Title 2436,365,1,2017,Sold,2022-12-02,5043.28
1385,Artwork Title 2289,325,4,2015,Sold,2022-08-04,5404.26
1386,Artwork Title 807,274,2,2003,Sold,2022-08-17,6004.64
1387,Artwork Title 802,189,1,2014,Sold,2022-06-15,7488.23
1388,Artwork Title 1690,451,8,2019,In Stock,2023-03-05,1595.68
1389,Artwork Title 1760,385,4,2010,Sold,2021-08-31,4563.41
1390,Artwork Title 2290,335,2,2007,Sold,2025-02-21,2617.07
1391,Artwork Title 1520,469,7,2002,Sold,2023-08-15,6758.13
1392,Artwork Title 450,340,10,2014,Sold,2022-04-20,7404.36
1393,Artwork Title 2064,414,6,2014,In Stock,2015-01-05,5365.5
1394,Artwork Title 803,322,6,2022,Sold,2024-01-12,5252.85
1395,Artwork Title 596,288,4,2017,Sold,2021-06-23,7256.63
1396,Artwork Title 30,486,6,2009,Sold,2021-03-27,5773.92
1397,Artwork Title 1103,180,4,2007,Sold,2022-03-26,4259.05
1398,Artwork Title 1719,368,2,2002,Sold,2025-01-03,9926.01
1399,Artwork Title 336,488,8,2019,Sold,2024-08-08,2434.54
1400,Artwork Title 1123,475,8,2007,Sold,2021-10-14,7505.55
1401,Artwork Title 2545,468,6,2021,In Stock,2024-06-05,8363.43
1402,Artwork Title 2759,422,9,2009,Sold,2022-05-28,5727.35
1403,Artwork Title 410,427,6,2005,Sold,2022-09-19,2405.33
1404,Artwork Title 136,403,1,2012,Sold,2024-12-26,5003.87
1405,Artwork Title 1901,466,10,2007,In Stock,2016-01-09,3379.8
1406,Artwork Title 1422,459,4,2009,Sold,2021-10-12,9400.66
1407,Artwork Title 118,348,10,2009,Sold,2021-04-04,7676.12
1408,Artwork Title 1583,500,6,2007,Sold,2021-09-05,6147.18
1409,Artwork Title 2507,344,8,2015,Sold,2023-01-14,9600.2
1410,Artwork Title 736,291,3,2001,Sold,2023-07-21,7237.02
1411,Artwork Title 1291,232,7,2022,In Stock,2019-06-29,4380.37
1412,Artwork Title 1297,148,5,2008,Sold,2021-11-12,4914.27
1413,Artwork Title 987,211,9,2017,Sold,2022-05-19,9912.49
1414,Artwork Title 47,322,9,2009,Sold,2023-04-12,5728.82
1415,Artwork Title 285,113,8,2013,Sold,2021-12-23,5164.54
1416,Artwork Title 1230,425,10,2003,Sold,2023-08-22,6566.78
1417,Artwork Title 1037,120,3,2000,Sold,2021-12-21,6239.3
1418,Artwork Title 2232,419,9,2015,Sold,2021-07-24,8513.87
1419,Artwork Title 1216,483,6,2003,Sold,2022-01-30,6587.82
1420,Artwork Title 2045,456,1,2016,Sold,2021-10-26,4172.3
1421,Artwork Title 2145,243,6,2001,In Stock,2018-07-30,9887.03
1422,Artwork Title 105,263,8,2011,In Stock,2022-10-02,8550.78
1423,Artwork Title 511,361,7,2009,In Stock,2017-09-10,9905.32
1424,Artwork Title 1503,390,2,2006,Sold,2023-08-03,2132.31
1425,Artwork Title 1028,229,6,2022,Sold,2021-10-07,2155.17
1426,Artwork Title 1810,267,2,2007,Sold,2021-07-26,6846.58
1427,Artwork Title 2063,324,9,2006,Sold,2023-06-04,3697.74
1428,Artwork Title 267,176,8,2003,Sold,2022-12-11,4601.35
1429,Artwork Title 1153,442,4,2008,In Stock,2015-10-12,2085.36
1430,Artwork Title 997,373,4,2002,Sold,2023-07-24,1392.17
1431,Artwork Title 2678,348,3,2016,Sold,2022-02-11,6822.44
1432,Artwork Title 314,366,6,2017,In Stock,2025-03-21,7700.72
1433,Artwork Title 2201,322,6,2008,Sold,2022-02-16,4630.96
1434,Artwork Title 2381,125,3,2023,Sold,2024-05-02,6044.36
1435,Artwork Title 2401,343,9,2006,Sold,2024-11-26,4949.45
1436,Artwork Title 293,398,3,2010,Sold,2022-07-27,7439.36
1437,Artwork Title 206,487,2,2000,Sold,2022-02-05,8057.53
1438,Artwork Title 1452,103,8,2012,Sold,2021-12-01,3495.21
1439,Artwork Title 1478,127,9,2017,Sold,2023-09-11,9196.42
1440,Artwork Title 1402,126,6,2011,Sold,2021-12-05,5556.76
1441,Artwork Title 2215,207,9,2006,Sold,2023-07-22,5506.27
1442,Artwork Title 752,258,2,2013,Sold,2021-07-01,5951.66
1443,Artwork Title 671,410,10,2006,In Stock,2021-11-29,5268.42
1444,Artwork Title 1317,416,9,2009,Sold,2022-07-19,5292.64
1445,Artwork Title 697,319,9,2014,Sold,2024-03-25,2792.88
1446,Artwork Title 2635,315,7,2015,Sold,2021-07-27,10762.36
1447,Artwork Title 1895,466,5,2011,Sold,2021-04-19,5592.59
1448,Artwork Title 620,143,2,2015,Sold,2022-12-12,4487.35
1449,Artwork Title 1326,120,2,2006,Sold,2022-04-03,5683.81
1450,Artwork Title 2716,223,7,2007,Sold,2022-05-01,6253.7
1451,Artwork Title 1334,178,1,2010,Sold,2021-08-27,5019.47
1452,Artwork Title 1709,221,5,2018,Sold,2022-05-13,6365.94
1453,Artwork Title 2175,268,6,2023,Sold,2022-10-21,4651.88
1454,Artwork Title 2746,199,6,2003,Sold,2022-11-29,9418.68
1455,Artwork Title 1868,406,4,2001,Sold,2022-03-31,5657.4
1456,Artwork Title 805,277,9,2020,In Stock,2020-03-09,8381.24
1457,Artwork Title 1393,315,2,2005,Sold,2021-08-05,5551.04
1458,Artwork Title 1444,189,4,2010,Sold,2022-08-03,9122.49
1459,Artwork Title 793,249,6,2009,Sold,2021-12-06,3294.44
1460,Artwork Title 1697,479,6,2018,Sold,2024-10-16,9300.46
1461,Artwork Title 1983,327,1,2006,Sold,2021-03-21,5618.53
1462,Artwork Title 982,461,6,2008,In Stock,2021-11-14,8721.51
1463,Artwork Title 193,228,8,2019,Sold,2022-02-27,2907.56
1464,Artwork Title 1207,310,8,2009,Sold,2023-01-13,9908.36
1465,Artwork Title 881,468,7,2016,Sold,2023-11-29,7666.76
1466,Artwork Title 1802,246,4,2008,Sold,2021-05-21,2663.35
1467,Artwork Title 1483,394,9,2001,Sold,2022-03-12,7878.52
1468,Artwork Title 766,119,6,2001,Sold,2023-06-08,8882.76
1469,Artwork Title 278,453,2,2004,In Stock,2019-12-16,9014.79
1470,Artwork Title 1964,369,10,2013,Sold,2024-11-02,11185.57
1471,Artwork Title 2276,344,10,2012,In Stock,2024-01-09,2615.36
1472,Artwork Title 1201,413,2,2008,Sold,2022-04-26,5310.76
1473,Artwork Title 1085,360,10,2012,In Stock,2019-05-13,9248.6
1474,Artwork Title 2355,153,8,2008,Sold,2022-09-23,7679.1
1475,Artwork Title 368,113,2,2023,Sold,2023-01-09,6127.56
1476,Artwork Title 1362,144,2,2016,Sold,2021-08-11,5047.27
1477,Artwork Title 513,412,8,2020,Sold,2021-11-27,5512.56
1478,Artwork Title 242,396,2,2023,Sold,2022-09-15,4465.75
1479,Artwork Title 397,308,8,2000,Sold,2023-11-23,963.16
1480,Artwork Title 1613,389,9,2022,Sold,2023-01-10,3475.34
1481,Artwork Title 684,326,7,2019,Sold,2022-03-20,4837.1
1482,Artwork Title 254,459,7,2010,Sold,2021-04-11,851.82
1483,Artwork Title 2640,273,4,2004,Sold,2021-11-03,2878.29
1484,Artwork Title 2467,364,4,2017,Sold,2021-09-30,4776.62
1485,Artwork Title 2774,455,3,2009,Sold,2023-02-20,5511.06
1486,Artwork Title 604,372,1,2002,Sold,2021-05-22,6116.46
1487,Artwork Title 1652,120,9,2019,Sold,2024-01-13,1173.53
1488,Artwork Title 2505,286,6,2009,Sold,2021-03-09,4405.99
1489,Artwork Title 1386,110,6,2002,Sold,2023-12-08,621.44
1490,Artwork Title 2247,177,4,2009,Sold,2024-06-14,8825.79
1491,Artwork Title 2419,189,7,2009,Sold,2023-10-28,6091.81
1492,Artwork Title 2475,330,3,2012,Sold,2022-05-29,4675.79
1493,Artwork Title 1785,375,5,2010,In Stock,2018-07-17,7969.81
1494,Artwork Title 1465,222,2,2006,Sold,2022-11-07,8197.15
1495,Artwork Title 374,162,9,2000,Sold,2021-08-22,4279.42
1496,Artwork Title 719,351,8,2021,Sold,2025-01-17,4808.12
1497,Artwork Title 2112,145,9,2015,Sold,2022-01-04,3606.86
1498,Artwork Title 434,479,10,2007,Sold,2021-10-17,2089.69
1499,Artwork Title 1372,190,3,2003,Sold,2024-08-14,3648.26
1500,Artwork Title 72,256,5,2006,Sold,2023-02-10,5336.25
1501,Artwork Title 2754,182,4,2019,Sold,2021-10-16,3687.83
1502,Artwork Title 405,208,5,2019,Sold,2022-07-10,2709.5
1503,Artwork Title 2223,414,7,2003,Sold,2023-03-18,6625.75
1504,Artwork Title 2577,215,2,2001,Sold,2024-01-23,5827.2
1505,Artwork Title 1049,325,5,2012,Sold,2023-01-19,4847.2
1506,Artwork Title 824,447,7,2005,Sold,2023-08-01,3271.74
1507,Artwork Title 2282,362,10,2008,Sold,2021-11-28,7306.6
1508,Artwork Title 1295,118,4,2023,Sold,2022-01-31,8345.57
1509,Artwork Title 540,150,7,2000,Sold,2022-11-02,3848.57
1510,Artwork Title 2454,296,6,2018,Sold,2024-09-17,6993.07
1511,Artwork Title 1759,199,9,2005,Sold,2022-09-14,6279.26
1512,Artwork Title 2097,369,5,2023,Sold,2022-03-27,6662.36
1513,Artwork Title 371,468,9,2002,Sold,2022-02-04,6537.42
1514,Artwork Title 1630,267,1,2007,Sold,2021-12-12,5908.5
1515,Artwork Title 2461,437,5,2014,Sold,2024-03-24,1261.32
1516,Artwork Title 728,396,8,2015,Sold,2023-06-21,4091.51
1517,Artwork Title 1592,229,3,2023,Sold,2022-06-30,2280.14
1518,Artwork Title 2362,101,7,2022,Sold,2021-05-13,7078.46
1519,Artwork Title 593,383,7,2019,Sold,2023-02-20,6642.66
1520,Artwork Title 1370,112,2,2012,Sold,2022-04-27,3483.69
1521,Artwork Title 918,209,1,2017,Sold,2022-10-15,3698.38
1522,Artwork Title 952,432,10,2020,Sold,2021-11-12,6795.28
1523,Artwork Title 329,271,9,2008,In Stock,2018-04-06,3567.3
1524,Artwork Title 2770,271,3,2005,Sold,2023-10-04,7105.71
1525,Artwork Title 1347,405,4,2023,Sold,2021-09-19,5108.79
1526,Artwork Title 1604,221,2,2022,Sold,2021-10-22,6565.39
1527,Artwork Title 324,312,6,2016,Sold,2023-03-23,5046.63
1528,Artwork Title 1009,207,8,2002,Sold,2021-08-01,5983.32
1529,Artwork Title 93,462,5,2014,Sold,2022-02-11,7343.99
1530,Artwork Title 1959,475,4,2002,Sold,2021-04-10,4136.45
1531,Artwork Title 2680,104,1,2010,In Stock,2025-04-01,2151.86
1532,Artwork Title 767,278,1,2012,Sold,2023-10-23,614.6
1533,Artwork Title 1957,303,1,2005,Sold,2021-12-06,6890.77
1534,Artwork Title 1376,160,2,2021,Sold,2021-05-29,1927.0
1535,Artwork Title 1319,419,1,2005,Sold,2023-01-19,6314.63
1536,Artwork Title 2206,142,9,2010,Sold,2023-01-01,5541.7
1537,Artwork Title 2065,231,4,2007,Sold,2022-01-26,2679.16
1538,Artwork Title 2524,290,4,2017,Sold,2022-06-02,1985.74
1539,Artwork Title 187,439,1,2012,In Stock,2017-06-02,5822.67
1540,Artwork Title 734,405,3,2010,Sold,2022-02-07,6343.1
1541,Artwork Title 2288,122,2,2017,In Stock,2019-09-16,6372.49
1542,Artwork Title 2471,479,5,2007,Sold,2021-02-21,3159.32
1543,Artwork Title 1564,318,1,2003,Sold,2022-07-19,8234.07
1544,Artwork Title 900,242,9,2010,Sold,2021-05-08,3627.18
1545,Artwork Title 2257,419,10,2004,In Stock,2019-02-26,6613.56
1546,Artwork Title 2665,461,5,2011,Sold,2022-08-03,750.74
1547,Artwork Title 1633,225,10,2017,Sold,2022-03-05,2791.93
1548,Artwork Title 661,193,10,2010,Sold,2021-09-14,6138.42
1549,Artwork Title 1721,227,9,2005,Sold,2023-08-31,10102.59
1550,Artwork Title 1711,118,2,2008,Sold,2022-11-19,4677.59
1551,Artwork Title 760,435,8,2017,Sold,2023-04-18,5018.83
1552,Artwork Title 791,298,10,2003,In Stock,2025-04-16,9350.67
1553,Artwork Title 1563,479,6,2021,Sold,2021-10-21,2629.72
1554,Artwork Title 1421,171,5,2021,Sold,2021-06-30,6014.83
1555,Artwork Title 682,253,2,2001,Sold,2024-05-10,4953.43
1556,Artwork Title 575,188,3,2017,Sold,2022-11-03,5637.99
1557,Artwork Title 2444,411,4,2007,Sold,2025-06-12,7756.3
1558,Artwork Title 459,353,2,2002,Sold,2023-12-04,5287.12
1559,Artwork Title 2188,450,7,2000,Sold,2024-09-02,6262.85
1560,Artwork Title 1185,161,2,2002,Sold,2023-11-12,10432.62
1561,Artwork Title 1531,487,6,2004,Sold,2024-01-07,8577.15
1562,Artwork Title 1608,480,10,2001,In Stock,2022-12-23,9753.92
1563,Artwork Title 334,322,7,2022,In Stock,2022-03-02,7963.32
1564,Artwork Title 1181,180,4,2004,Sold,2022-04-22,7586.0
1565,Artwork Title 1222,154,5,2010,Sold,2022-06-06,7457.0
1566,Artwork Title 2638,172,7,2013,Sold,2021-08-05,2698.56
1567,Artwork Title 1434,225,10,2000,Sold,2023-01-20,1528.13
1568,Artwork Title 2788,215,4,2003,Sold,2021-08-28,4803.45
1569,Artwork Title 501,230,1,2005,Sold,2022-08-18,5764.39
1570,Artwork Title 325,236,6,2006,Sold,2022-05-12,7014.31
1571,Artwork Title 1833,177,4,2018,In Stock,2017-11-29,2140.41
1572,Artwork Title 1336,382,10,2000,Sold,2023-09-16,6437.16
1573,Artwork Title 599,243,4,2008,Sold,2021-08-31,6706.67
1574,Artwork Title 1533,298,1,2003,Sold,2022-07-22,6464.89
1575,Artwork Title 2585,460,10,2023,Sold,2023-06-09,10907.43
1576,Artwork Title 143,335,9,2017,Sold,2024-07-02,5724.85
1577,Artwork Title 931,205,6,2008,Sold,2023-09-03,5700.45
1578,Artwork Title 1477,337,10,2001,Sold,2022-05-06,8739.46
1579,Artwork Title 1351,311,6,2017,Sold,2022-03-10,3033.14
1580,Artwork Title 1826,428,5,2015,Sold,2023-01-06,5813.23
1581,Artwork Title 720,131,5,2005,Sold,2022-07-11,6924.83
1582,Artwork Title 352,381,6,2012,Sold,2023-10-22,5255.97
1583,Artwork Title 488,349,2,2019,Sold,2022-10-22,3497.54
1584,Artwork Title 77,476,3,2002,Sold,2022-10-29,7133.68
1585,Artwork Title 983,273,9,2008,Sold,2022-03-07,5535.14
1586,Artwork Title 1756,402,8,2023,Sold,2022-11-09,5748.12
1587,Artwork Title 1367,239,2,2023,Sold,2022-11-04,5671.45
1588,Artwork Title 2752,290,9,2011,Sold,2022-05-03,4829.77
1589,Artwork Title 2615,299,9,2000,Sold,2024-01-13,5109.24
1590,Artwork Title 1325,435,7,2009,Sold,2023-07-01,3871.68
1591,Artwork Title 2108,476,4,2012,Sold,2023-01-13,5699.62
1592,Artwork Title 2398,290,3,2013,In Stock,2020-04-19,6515.25
1593,Artwork Title 176,346,7,2000,Sold,2022-03-31,3980.01
1594,Artwork Title 1355,307,2,2010,Sold,2023-06-02,3169.63
1595,Artwork Title 554,485,6,2012,Sold,2021-12-05,5871.11
1596,Artwork Title 1327,398,10,2018,Sold,2022-11-17,11510.28
1597,Artwork Title 2404,318,1,2009,Sold,2022-02-21,7337.29
1598,Artwork Title 2168,122,3,2003,Sold,2022-02-19,7551.94
1599,Artwork Title 1880,326,7,2014,Sold,2022-05-05,5331.14
1600,Artwork Title 2417,293,4,2013,Sold,2022-07-25,6428.49
1601,Artwork Title 122,245,10,2017,Sold,2021-11-23,6711.4
1602,Artwork Title 2054,333,5,2023,Sold,2023-09-12,5275.0
1603,Artwork Title 1062,354,3,2006,Sold,2022-06-15,3720.85
1604,Artwork Title 162,257,8,2016,Sold,2023-10-28,5884.11
1605,Artwork Title 664,274,10,2000,Sold,2022-05-01,5447.16
1606,Artwork Title 695,385,7,2000,Sold,2023-02-11,6837.07
1607,Artwork Title 439,114,2,2012,In Stock,2015-05-21,5440.5
1608,Artwork Title 1308,239,5,2020,Sold,2022-08-17,7990.56
1609,Artwork Title 1217,446,6,2019,Sold,2021-09-21,3979.54
1610,Artwork Title 2157,462,1,2001,Sold,2022-06-17,6589.15
1611,Artwork Title 1893,297,1,2021,Sold,2022-06-16,9011.46
1612,Artwork Title 1989,198,8,2018,Sold,2023-07-19,5795.81
1613,Artwork Title 1559,498,10,2010,In Stock,2024-11-13,7038.15
1614,Artwork Title 1836,336,10,2016,Sold,2021-09-06,5149.31
1615,Artwork Title 382,183,6,2004,Sold,2022-05-16,4319.81
1616,Artwork Title 875,472,3,2001,Sold,2022-05-30,4228.21
1617,Artwork Title 1735,381,1,2001,Sold,2023-09-11,6315.22
1618,Artwork Title 70,325,3,2006,Sold,2022-05-20,7791.37
1619,Artwork Title 484,476,1,2001,Sold,2024-02-14,6292.47
1620,Artwork Title 2336,142,5,2021,In Stock,2025-06-24,5130.72
1621,Artwork Title 1151,264,8,2004,Sold,2024-03-14,5115.69
1622,Artwork Title 333,204,2,2008,In Stock,2021-07-16,1387.24
1623,Artwork Title 1497,306,8,2010,Sold,2022-01-29,9747.04
1624,Artwork Title 1054,361,5,2006,Sold,2024-04-03,4059.52
1625,Artwork Title 1718,364,1,2018,Sold,2022-05-27,2708.33
1626,Artwork Title 1212,387,5,2015,Sold,2021-02-21,7932.02
1627,Artwork Title 1257,431,7,2011,Sold,2022-06-29,4578.98
1628,Artwork Title 663,475,8,2003,In Stock,2016-12-17,5304.51
1629,Artwork Title 933,196,1,2009,Sold,2022-06-01,7233.54
1630,Artwork Title 2561,331,8,2013,Sold,2021-07-12,11808.26
1631,Artwork Title 1943,469,9,2006,Sold,2021-03-17,6308.24
1632,Artwork Title 167,401,4,2014,Sold,2021-03-25,6550.26
1633,Artwork Title 1115,113,8,2015,Sold,2024-09-04,2240.82
1634,Artwork Title 1173,221,4,2013,Sold,2023-06-23,10525.3
1635,Artwork Title 1980,442,4,2022,Sold,2022-07-22,5394.77
1636,Artwork Title 1763,303,8,2006,Sold,2025-09-07,5593.93
1637,Artwork Title 1827,372,6,2012,In Stock,2017-07-10,5187.13
1638,Artwork Title 357,345,6,2018,Sold,2025-01-25,3008.61
1639,Artwork Title 1723,178,8,2017,Sold,2021-09-30,3293.65
1640,Artwork Title 1194,188,6,2015,Sold,2021-08-20,7095.0
1641,Artwork Title 1561,473,9,2016,Sold,2021-03-15,5263.08
1642,Artwork Title 1,225,7,2015,Sold,2024-01-28,6665.37
1643,Artwork Title 391,474,6,2010,Sold,2023-06-22,2960.12
1644,Artwork Title 1796,155,8,2002,Sold,2021-11-07,4910.96
1645,Artwork Title 905,165,5,2005,In Stock,2016-10-07,7728.49
1646,Artwork Title 166,414,9,2020,Sold,2021-03-11,5291.28
1647,Artwork Title 1208,449,6,2009,Sold,2022-06-13,8977.32
1648,Artwork Title 2695,411,8,2012,Sold,2021-10-23,3028.54
1649,Artwork Title 1455,321,6,2009,Sold,2022-01-31,965.92
1650,Artwork Title 1098,468,2,2000,Sold,2022-01-02,3965.93
1651,Artwork Title 64,267,8,2020,Sold,2023-11-11,5721.4
1652,Artwork Title 1508,482,3,2000,Sold,2022-11-20,10873.14
1653,Artwork Title 1905,210,1,2023,Sold,2021-06-14,5913.73
1654,Artwork Title 1249,415,5,2016,Sold,2021-06-20,2368.39
1655,Artwork Title 2379,125,7,2019,Sold,2022-11-30,4615.67
1656,Artwork Title 1071,480,9,2011,Sold,2025-05-02,3109.64
1657,Artwork Title 2248,224,9,2011,In Stock,2022-02-01,4925.1
1658,Artwork Title 2499,169,5,2016,Sold,2021-07-10,3285.03
1659,Artwork Title 432,225,3,2012,Sold,2021-12-07,5662.5
1660,Artwork Title 2144,400,7,2006,Sold,2022-02-22,5042.58
1661,Artwork Title 2370,404,5,2018,Sold,2021-08-04,7246.24
1662,Artwork Title 2525,353,5,2019,Sold,2022-03-29,11260.04
1663,Artwork Title 687,109,3,2022,Sold,2023-12-30,5828.16
1664,Artwork Title 600,203,10,2020,Sold,2022-03-06,5861.58
1665,Artwork Title 173,281,4,2012,Sold,2021-07-19,4829.23
1666,Artwork Title 1494,349,7,2006,Sold,2022-09-03,1694.97
1667,Artwork Title 1671,276,1,2016,Sold,2021-04-01,3430.23
1668,Artwork Title 714,254,9,2020,Sold,2022-09-07,3089.81
1669,Artwork Title 2630,353,10,2003,Sold,2021-12-13,10934.72
1670,Artwork Title 1313,428,10,2007,Sold,2022-12-19,3022.8
1671,Artwork Title 617,371,7,2000,Sold,2024-07-07,4736.22
1672,Artwork Title 2369,239,8,2007,Sold,2024-12-21,2405.16
1673,Artwork Title 204,476,4,2018,Sold,2022-02-09,7033.6
1674,Artwork Title 715,450,6,2013,Sold,2022-01-03,3161.16
1675,Artwork Title 566,203,8,2014,Sold,2022-05-07,5423.25
1676,Artwork Title 1060,309,8,2013,Sold,2024-08-24,5515.37
1677,Artwork Title 1996,313,5,2019,Sold,2022-12-14,3183.44
1678,Artwork Title 806,218,3,2015,Sold,2023-05-26,5036.59
1679,Artwork Title 698,427,8,2006,Sold,2022-09-20,5552.57
1680,Artwork Title 531,150,1,2021,Sold,2023-03-03,9645.22
1681,Artwork Title 1223,259,9,2000,In Stock,2016-04-10,8121.61
1682,Artwork Title 182,197,4,2001,Sold,2023-10-21,7767.15
1683,Artwork Title 800,402,10,2001,Sold,2022-01-21,4539.03
1684,Artwork Title 2339,232,4,2012,Sold,2024-09-20,7043.97
1685,Artwork Title 232,250,1,2008,Sold,2023-05-05,6440.48
1686,Artwork Title 1551,344,6,2022,Sold,2021-03-28,5518.37
1687,Artwork Title 1375,253,6,2002,Sold,2023-04-05,5849.44
1688,Artwork Title 509,286,3,2022,In Stock,2017-12-07,9720.03
1689,Artwork Title 328,237,9,2021,Sold,2025-02-12,2044.91
1690,Artwork Title 843,198,8,2000,Sold,2021-06-26,8175.4
1691,Artwork Title 485,486,3,2022,Sold,2021-11-14,4349.96
1692,Artwork Title 2748,410,5,2003,In Stock,2024-10-16,7209.79
1693,Artwork Title 1022,455,3,2008,Sold,2022-05-02,5413.15
1694,Artwork Title 1717,161,7,2016,Sold,2024-07-06,7064.88
1695,Artwork Title 2530,194,6,2013,Sold,2023-08-20,5448.39
1696,Artwork Title 388,162,6,2020,Sold,2023-01-08,9137.64
1697,Artwork Title 705,211,2,2004,Sold,2022-03-18,5054.2
1698,Artwork Title 1894,360,9,2004,Sold,2022-01-01,4528.66
1699,Artwork Title 1995,359,4,2006,Sold,2022-01-16,4017.06
1700,Artwork Title 2590,172,5,2002,Sold,2022-05-16,8298.27
1701,Artwork Title 2333,422,7,2010,Sold,2021-12-24,5938.23
1702,Artwork Title 35,429,7,2003,Sold,2021-12-14,2394.86
1703,Artwork Title 2189,476,10,2009,Sold,2023-12-21,2499.35
1704,Artwork Title 110,237,7,2018,In Stock,2021-08-21,6147.58
1705,Artwork Title 476,141,4,2022,Sold,2023-04-27,3903.84
1706,Artwork Title 220,264,7,2006,Sold,2025-01-16,7256.43
1707,Artwork Title 1350,188,8,2014,Sold,2023-08-28,8564.6
1708,Artwork Title 1466,185,5,2016,Sold,2022-08-13,875.1
1709,Artwork Title 753,169,2,2018,Sold,2022-09-09,6238.27
1710,Artwork Title 2395,268,5,2022,Sold,2022-07-14,3549.98
1711,Artwork Title 2048,138,7,2018,Sold,2023-03-09,5559.49
1712,Artwork Title 1491,184,9,2017,Sold,2023-09-23,1404.42
1713,Artwork Title 454,106,10,2004,Sold,2023-06-12,5470.72
1714,Artwork Title 774,131,2,2014,Sold,2021-09-25,7429.26
1715,Artwork Title 1136,191,5,2022,Sold,2024-03-13,5165.44
1716,Artwork Title 1866,442,10,2023,Sold,2024-08-23,6931.57
1717,Artwork Title 1141,487,10,2001,Sold,2022-11-08,5458.45
1718,Artwork Title 2552,119,4,2007,Sold,2022-01-15,3971.9
1719,Artwork Title 1864,347,8,2023,Sold,2021-06-27,5041.53
1720,Artwork Title 256,385,1,2023,Sold,2025-06-22,879.23
1721,Artwork Title 960,224,3,2001,Sold,2022-02-28,4657.03
1722,Artwork Title 1607,373,6,2012,Sold,2021-08-17,7704.6
1723,Artwork Title 1594,482,5,2023,Sold,2021-12-10,6173.18
1724,Artwork Title 897,473,4,2003,Sold,2021-11-20,6410.3
1725,Artwork Title 937,475,1,2022,Sold,2022-08-17,8011.66
1726,Artwork Title 899,302,6,2005,Sold,2023-10-05,4361.59
1727,Artwork Title 1596,374,7,2003,Sold,2024-09-29,3554.37
1728,Artwork Title 59,379,10,2000,Sold,2025-02-03,9060.71
1729,Artwork Title 1168,156,7,2012,Sold,2021-12-18,6253.28
1730,Artwork Title 2194,399,2,2002,Sold,2022-03-14,6861.98
1731,Artwork Title 1911,172,5,2003,Sold,2022-01-02,2596.1
1732,Artwork Title 2611,211,1,2006,Sold,2022-06-17,7839.1
1733,Artwork Title 2148,363,3,2012,In Stock,2017-02-24,500.16
1734,Artwork Title 1211,303,2,2017,Sold,2021-09-20,11319.98
1735,Artwork Title 1835,459,3,2020,Sold,2021-07-20,1558.6
1736,Artwork Title 1738,288,6,2023,Sold,2021-07-10,7503.39
1737,Artwork Title 2660,157,4,2018,Sold,2024-04-17,5761.8
1738,Artwork Title 2413,464,10,2018,Sold,2022-07-16,9531.76
1739,Artwork Title 175,427,7,2009,Sold,2023-07-30,7310.18
1740,Artwork Title 2627,111,1,2019,Sold,2024-04-16,6745.04
1741,Artwork Title 1250,206,6,2008,Sold,2021-12-25,4981.25
1742,Artwork Title 1939,449,4,2001,Sold,2022-01-19,8613.19
1743,Artwork Title 390,179,10,2005,Sold,2023-07-16,6449.74
1744,Artwork Title 1199,486,5,2005,Sold,2023-08-20,7069.26
1745,Artwork Title 181,488,4,2004,Sold,2023-11-21,9531.19
1746,Artwork Title 1411,427,2,2014,Sold,2021-11-17,6215.56
1747,Artwork Title 5,369,3,2007,Sold,2023-03-05,5815.89
1748,Artwork Title 2628,172,3,2011,Sold,2022-01-13,8955.16
1749,Artwork Title 2459,347,3,2000,Sold,2022-01-23,2148.14
1750,Artwork Title 2655,361,4,2008,Sold,2022-02-18,5560.06
1751,Artwork Title 1058,492,7,2006,Sold,2022-03-24,8663.47
1752,Artwork Title 1139,342,7,2013,Sold,2024-07-29,7409.56
1753,Artwork Title 1748,367,7,2017,Sold,2022-02-04,4749.6
1754,Artwork Title 41,178,2,2005,Sold,2022-02-26,4624.65
1755,Artwork Title 2756,274,9,2014,Sold,2022-03-08,3705.56
1756,Artwork Title 1572,466,10,2015,Sold,2021-09-13,8531.45
1757,Artwork Title 928,166,5,2020,Sold,2022-08-14,5765.57
1758,Artwork Title 1712,409,9,2013,In Stock,2021-05-08,7990.62
1759,Artwork Title 2140,161,5,2001,Sold,2023-10-03,10532.97
1760,Artwork Title 519,352,10,2000,Sold,2022-10-05,1699.9
1761,Artwork Title 2406,411,2,2011,Sold,2022-06-04,9016.59
1762,Artwork Title 2602,242,2,2001,Sold,2022-04-02,6065.78
1763,Artwork Title 1310,247,1,2011,Sold,2021-06-30,7951.79
1764,Artwork Title 1847,463,1,2010,Sold,2021-10-26,5351.33
1765,Artwork Title 252,430,7,2009,Sold,2024-08-17,4339.98
1766,Artwork Title 880,106,3,2008,Sold,2025-03-04,6037.71
1767,Artwork Title 746,193,9,2023,Sold,2024-01-02,4492.28
1768,Artwork Title 667,335,6,2009,Sold,2021-12-02,4136.37
1769,Artwork Title 2086,328,1,2013,Sold,2024-04-30,8655.01
1770,Artwork Title 263,142,9,2010,In Stock,2020-03-25,9921.03
1771,Artwork Title 400,336,10,2004,Sold,2022-02-13,4031.66
1772,Artwork Title 1330,348,5,2007,Sold,2022-01-28,6394.24
1773,Artwork Title 1077,311,5,2015,Sold,2022-06-16,6096.17
1774,Artwork Title 470,244,9,2015,Sold,2022-06-21,5804.74
1775,Artwork Title 1610,487,4,2013,Sold,2023-05-26,4772.76
1776,Artwork Title 250,309,4,2013,Sold,2024-06-20,5264.77
1777,Artwork Title 1548,301,10,2017,Sold,2021-12-01,2708.47
1778,Artwork Title 1824,476,7,2016,Sold,2023-06-15,4700.5
1779,Artwork Title 2755,157,9,2003,In Stock,2017-11-02,4383.07
1780,Artwork Title 190,350,5,2023,Sold,2021-11-30,7619.03
1781,Artwork Title 765,339,10,2011,Sold,2025-05-02,5780.15
1782,Artwork Title 1978,464,1,2013,Sold,2022-09-20,7171.41
1783,Artwork Title 1708,377,9,2015,Sold,2022-01-05,2821.27
1784,Artwork Title 2119,497,3,2010,Sold,2025-12-17,5724.56
1785,Artwork Title 542,154,1,2002,Sold,2023-04-13,8623.46
1786,Artwork Title 735,299,2,2020,Sold,2022-06-21,7859.56
1787,Artwork Title 2489,479,4,2005,Sold,2023-11-05,6291.57
1788,Artwork Title 504,488,3,2008,Sold,2022-10-25,4081.8
1789,Artwork Title 100,317,10,2002,Sold,2023-03-01,7000.49
1790,Artwork Title 1624,344,3,2018,Sold,2023-07-31,6510.74
1791,Artwork Title 1649,249,10,2013,Sold,2021-09-03,7353.13
1792,Artwork Title 8,294,7,2012,Sold,2022-07-15,6339.83
1793,Artwork Title 2131,420,4,2021,Sold,2021-10-29,4723.59
1794,Artwork Title 2329,436,2,2020,In Stock,2022-08-10,2425.87
1795,Artwork Title 1079,417,10,2015,Sold,2021-05-16,5647.35
1796,Artwork Title 1616,284,7,2000,Sold,2021-06-28,8032.95
1797,Artwork Title 228,284,1,2014,Sold,2022-04-16,4406.46
1798,Artwork Title 128,136,2,2015,Sold,2022-02-20,4658.74
1799,Artwork Title 730,118,7,2014,Sold,2021-08-07,3987.98
1800,Artwork Title 1929,327,5,2022,Sold,2021-02-21,9475.87
1801,Artwork Title 152,175,5,2022,Sold,2022-05-10,2432.61
1802,Artwork Title 2682,426,5,2001,Sold,2025-05-04,10767.97
1803,Artwork Title 1059,343,7,2011,Sold,2022-03-26,6768.66
1804,Artwork Title 1147,245,1,2011,Sold,2022-03-05,5387.37
1805,Artwork Title 94,326,6,2019,Sold,2023-09-13,3603.95
1806,Artwork Title 1747,322,5,2007,Sold,2021-08-17,4535.12
1807,Artwork Title 1204,222,8,2021,Sold,2022-12-22,5923.03
1808,Artwork Title 2385,219,5,2007,Sold,2021-05-18,7680.61
1809,Artwork Title 571,498,8,2011,Sold,2024-07-03,1858.58
1810,Artwork Title 930,471,3,2007,Sold,2022-01-18,9968.25
1811,Artwork Title 2044,426,5,2022,Sold,2024-01-15,6255.6
1812,Artwork Title 2057,325,10,2014,Sold,2024-07-16,7371.17
1813,Artwork Title 422,274,1,2001,In Stock,2024-02-25,2215.09
1814,Artwork Title 134,168,9,2019,Sold,2021-10-22,3427.46
1815,Artwork Title 1898,122,1,2016,Sold,2025-01-29,4631.19
1816,Artwork Title 116,370,2,2015,Sold,2022-12-01,3288.51
1817,Artwork Title 2352,310,6,2021,In Stock,2020-04-14,7121.74
1818,Artwork Title 1510,499,7,2005,Sold,2023-01-24,8160.97
1819,Artwork Title 2442,312,8,2021,In Stock,2017-07-08,3498.53
1820,Artwork Title 1942,407,1,2001,Sold,2024-04-20,3299.18
1821,Artwork Title 121,255,2,2016,Sold,2022-08-05,4608.29
1822,Artwork Title 2707,200,1,2009,Sold,2024-03-01,6279.72
1823,Artwork Title 556,155,1,2012,Sold,2022-11-03,6004.29
1824,Artwork Title 2310,393,6,2005,In Stock,2022-01-31,1290.3
1825,Artwork Title 2331,491,10,2013,Sold,2022-01-23,8578.54
1826,Artwork Title 2601,493,8,2018,Sold,2021-08-15,7433.05
1827,Artwork Title 2515,159,3,2003,Sold,2024-07-03,1679.25
1828,Artwork Title 300,245,7,2019,Sold,2023-01-10,4854.87
1829,Artwork Title 1261,352,10,2006,Sold,2022-12-14,7963.56
1830,Artwork Title 809,476,3,2013,Sold,2021-06-18,3747.38
1831,Artwork Title 1502,369,10,2013,Sold,2021-09-15,3506.49
1832,Artwork Title 2739,500,3,2021,Sold,2021-09-10,6776.61
1833,Artwork Title 1689,494,10,2023,Sold,2021-06-27,4006.4
1834,Artwork Title 1406,364,10,2014,Sold,2021-11-29,5537.81
1835,Artwork Title 309,185,7,2013,Sold,2023-06-22,9595.33
1836,Artwork Title 764,151,3,2006,Sold,2021-03-09,3799.83
1837,Artwork Title 1765,146,3,2021,Sold,2022-02-03,6310.99
1838,Artwork Title 33,481,2,2015,Sold,2021-12-15,7171.25
1839,Artwork Title 259,488,3,2013,Sold,2021-12-22,3745.2
1840,Artwork Title 2629,447,9,2012,Sold,2021-10-30,6002.63
1841,Artwork Title 1913,407,3,2012,Sold,2021-12-18,6062.83
1842,Artwork Title 1324,413,2,2008,Sold,2021-03-18,2935.82
1843,Artwork Title 953,404,5,2023,Sold,2022-10-12,7073.04
1844,Artwork Title 500,489,9,2012,Sold,2022-11-20,5581.29
1845,Artwork Title 1555,136,3,2000,Sold,2023-02-17,5109.7
1846,Artwork Title 2354,483,8,2014,Sold,2021-11-12,6100.8
1847,Artwork Title 1241,318,6,2014,Sold,2021-10-15,4961.93
1848,Artwork Title 574,454,2,2012,Sold,2023-01-15,5309.93
1849,Artwork Title 1224,209,4,2004,Sold,2023-07-26,6497.16
1850,Artwork Title 718,314,6,2021,Sold,2024-04-16,5581.84
1851,Artwork Title 1013,406,6,2013,In Stock,2023-07-26,2716.92
1852,Artwork Title 925,499,7,2001,Sold,2022-10-19,5982.23
1853,Artwork Title 213,409,2,2005,Sold,2021-12-17,5445.77
1854,Artwork Title 1788,246,10,2018,Sold,2021-03-25,5793.37
1855,Artwork Title 269,451,3,2005,Sold,2022-07-22,6635.28
1856,Artwork Title 1439,496,6,2003,Sold,2023-09-09,2730.93
1857,Artwork Title 1116,126,3,2015,Sold,2022-05-13,6426.91
1858,Artwork Title 595,110,4,2023,Sold,2022-06-04,6121.44
1859,Artwork Title 1197,367,9,2020,Sold,2022-04-18,1288.4
1860,Artwork Title 1914,162,9,2008,Sold,2024-09-21,3535.11
1861,Artwork Title 1602,152,2,2020,Sold,2021-03-03,4536.74
1862,Artwork Title 640,435,10,2001,Sold,2021-11-15,5460.72
1863,Artwork Title 2363,141,4,2011,Sold,2022-08-23,2624.76
1864,Artwork Title 201,333,7,2006,Sold,2021-10-08,4553.4
1865,Artwork Title 2511,469,9,2010,Sold,2022-12-07,5534.71
1866,Artwork Title 2445,145,4,2011,Sold,2023-02-07,6390.13
1867,Artwork Title 2651,248,10,2021,Sold,2022-02-25,6277.86
1868,Artwork Title 2536,330,3,2008,Sold,2021-09-30,7581.18
1869,Artwork Title 2037,383,9,2006,Sold,2023-07-20,7517.53
1870,Artwork Title 365,487,2,2019,Sold,2023-08-24,5108.88
1871,Artwork Title 1750,412,4,2012,In Stock,2017-02-01,5876.68
1872,Artwork Title 311,346,10,2007,Sold,2021-09-05,6636.64
1873,Artwork Title 2268,397,6,2005,Sold,2024-02-14,6540.3
1874,Artwork Title 2372,279,1,2001,Sold,2021-02-27,8683.18
1875,Artwork Title 2014,315,3,2005,Sold,2023-06-20,6452.54
1876,Artwork Title 1629,473,9,2008,Sold,2021-10-13,11218.29
1877,Artwork Title 486,356,1,2019,Sold,2023-10-29,4686.06
1878,Artwork Title 857,376,3,2005,Sold,2023-03-31,5169.56
1879,Artwork Title 858,107,4,2020,Sold,2022-09-15,6819.18
1880,Artwork Title 1237,116,1,2005,Sold,2021-06-02,4158.59
1881,Artwork Title 1273,169,10,2016,Sold,2021-09-21,5351.56
1882,Artwork Title 2632,219,2,2018,Sold,2021-12-06,4047.83
1883,Artwork Title 722,283,1,2007,Sold,2021-09-24,3565.59
1884,Artwork Title 779,236,7,2010,Sold,2022-01-05,3090.61
1885,Artwork Title 1267,344,9,2003,Sold,2023-07-18,5668.06
1886,Artwork Title 1696,420,2,2009,Sold,2022-10-25,3205.04
1887,Artwork Title 1027,274,10,2006,Sold,2021-07-12,6865.69
1888,Artwork Title 2597,322,8,2004,Sold,2022-01-14,6093.82
1889,Artwork Title 376,412,8,2014,Sold,2021-09-16,7564.5
1890,Artwork Title 1953,153,1,2014,Sold,2021-10-07,4941.8
1891,Artwork Title 1453,119,6,2000,Sold,2023-10-23,2471.29
1892,Artwork Title 1459,238,9,2013,Sold,2024-04-06,1203.12
1893,Artwork Title 873,139,7,2015,Sold,2021-08-04,1552.82
1894,Artwork Title 1562,406,2,2006,Sold,2021-05-23,7702.95
1895,Artwork Title 1791,110,2,2006,In Stock,2020-05-12,6827.39
1896,Artwork Title 582,301,8,2021,Sold,2022-11-24,5137.87
1897,Artwork Title 1841,404,5,2021,Sold,2023-04-19,3554.65
1898,Artwork Title 744,195,10,2003,In Stock,2015-08-06,6709.69
1899,Artwork Title 1242,205,10,2014,Sold,2021-06-17,5640.64
1900,Artwork Title 998,144,9,2007,Sold,2022-02-15,7490.46
1901,Artwork Title 1171,177,8,2008,Sold,2022-04-24,4574.82
1902,Artwork Title 1398,224,1,2017,Sold,2022-09-22,8619.56
1903,Artwork Title 1072,196,6,2017,Sold,2021-04-27,3867.91
1904,Artwork Title 1928,130,7,2019,In Stock,2018-06-04,8863.92
1905,Artwork Title 1155,220,7,2022,Sold,2022-01-09,5349.75
1906,Artwork Title 1344,432,10,2003,Sold,2023-01-17,5929.63
1907,Artwork Title 2625,467,2,2009,Sold,2023-04-10,6997.26
1908,Artwork Title 2066,130,4,2014,Sold,2024-12-19,8428.09
1909,Artwork Title 146,263,4,2017,Sold,2022-04-13,6139.78
1910,Artwork Title 2343,160,4,2017,Sold,2022-04-08,2723.78
1911,Artwork Title 1849,131,1,2006,Sold,2021-08-01,4603.65
1912,Artwork Title 2126,248,6,2002,Sold,2022-08-28,8180.87
1913,Artwork Title 244,111,7,2001,Sold,2021-10-05,5817.62
1914,Artwork Title 1057,397,8,2002,Sold,2022-01-03,1597.53
1915,Artwork Title 2539,174,1,2014,Sold,2024-11-17,4892.18
1916,Artwork Title 683,136,10,2020,Sold,2021-08-19,7441.12
1917,Artwork Title 360,474,6,2016,Sold,2021-10-02,5891.04
1918,Artwork Title 1451,110,9,2007,In Stock,2019-08-15,1138.13
1919,Artwork Title 1587,467,6,2011,Sold,2023-08-24,3562.79
1920,Artwork Title 367,353,8,2013,Sold,2022-06-20,4258.26
1921,Artwork Title 840,433,9,2003,In Stock,2024-09-26,5428.68
1922,Artwork Title 1140,349,6,2022,Sold,2022-02-28,10060.31
1923,Artwork Title 1142,107,10,2017,Sold,2023-02-26,4808.38
1924,Artwork Title 2090,310,3,2015,Sold,2024-08-18,7129.77
1925,Artwork Title 2004,338,10,2005,Sold,2021-02-22,2640.68
1926,Artwork Title 214,302,8,2015,Sold,2021-08-28,7312.37
1927,Artwork Title 609,488,9,2023,Sold,2024-08-27,5766.27
1928,Artwork Title 1751,409,6,2001,Sold,2022-07-26,7314.6
1929,Artwork Title 1000,225,3,2021,Sold,2024-11-18,3108.59
1930,Artwork Title 2275,120,5,2006,Sold,2022-01-22,6884.7
1931,Artwork Title 2186,322,9,2006,Sold,2024-02-14,8105.73
1932,Artwork Title 2353,412,7,2009,Sold,2021-04-09,6877.27
1933,Artwork Title 81,325,1,2017,In Stock,2017-06-11,4836.67
1934,Artwork Title 1029,287,10,2017,Sold,2021-06-30,6683.51
1935,Artwork Title 2470,215,5,2021,Sold,2022-11-25,4932.61
1936,Artwork Title 1782,144,1,2003,Sold,2022-02-25,6413.36
1937,Artwork Title 866,273,9,2007,Sold,2022-10-06,8132.06
1938,Artwork Title 1163,387,5,2019,Sold,2025-03-12,2754.51
1939,Artwork Title 1342,155,2,2012,In Stock,2021-08-14,8375.56
1940,Artwork Title 377,139,6,2015,In Stock,2025-02-14,535.96
1941,Artwork Title 2120,484,3,2003,Sold,2024-02-18,1680.34
1942,Artwork Title 2211,414,8,2001,Sold,2021-12-01,2568.06
1943,Artwork Title 1244,187,9,2008,Sold,2024-07-18,9260.14
1944,Artwork Title 1493,296,7,2004,Sold,2021-06-27,3776.15
1945,Artwork Title 1260,291,8,2016,In Stock,2017-12-26,1650.56
1946,Artwork Title 468,491,6,2002,Sold,2025-06-13,11238.32
1947,Artwork Title 114,328,9,2008,Sold,2022-06-06,1399.65
1948,Artwork Title 7,107,7,2001,Sold,2022-06-14,1292.71
1949,Artwork Title 2113,244,6,2000,Sold,2022-10-14,7837.89
1950,Artwork Title 199,190,9,2008,Sold,2022-01-07,7443.64
1951,Artwork Title 1920,253,4,2008,Sold,2021-09-15,5291.98
1952,Artwork Title 850,495,8,2023,Sold,2022-06-09,9516.16
1953,Artwork Title 1639,472,1,2023,Sold,2025-10-21,2339.37
1954,Artwork Title 1890,135,2,2019,Sold,2022-12-11,6627.5
1955,Artwork Title 113,371,10,2005,Sold,2022-11-06,4692.28
1956,Artwork Title 904,253,6,2012,Sold,2024-02-01,4079.35
1957,Artwork Title 1430,380,10,2004,Sold,2022-04-11,6051.22
1958,Artwork Title 2729,173,5,2000,Sold,2022-02-04,5813.91
1959,Artwork Title 1661,417,7,2016,Sold,2021-10-09,4945.46
1960,Artwork Title 2277,344,4,2007,Sold,2021-12-24,5635.7
1961,Artwork Title 2571,439,7,2001,Sold,2022-09-07,5811.62
1962,Artwork Title 1429,273,10,2007,Sold,2022-07-14,9523.96
1963,Artwork Title 555,473,7,2022,Sold,2021-04-18,6085.3
1964,Artwork Title 588,282,6,2012,Sold,2022-06-05,4388.48
1965,Artwork Title 2544,143,5,2013,Sold,2023-02-01,5783.53
1966,Artwork Title 1839,229,4,2004,Sold,2024-03-21,4444.31
1967,Artwork Title 2182,470,8,2000,Sold,2023-04-08,7463.29
1968,Artwork Title 1448,171,9,2008,Sold,2024-03-05,1064.16
1969,Artwork Title 1152,245,4,2002,Sold,2023-07-15,5771.79
1970,Artwork Title 708,439,7,2001,Sold,2023-04-24,4818.34
1971,Artwork Title 2621,130,1,2012,Sold,2022-01-05,5729.12
1972,Artwork Title 2509,296,4,2019,Sold,2023-10-25,7890.18
1973,Artwork Title 2623,266,10,2003,Sold,2022-07-24,5587.14
1974,Artwork Title 2092,429,8,2022,Sold,2023-02-24,10686.51
1975,Artwork Title 2532,135,9,2012,Sold,2022-06-10,6799.37
1976,Artwork Title 2103,306,3,2013,Sold,2024-03-09,3404.56
1977,Artwork Title 1015,434,1,2011,Sold,2022-11-06,5368.14
1978,Artwork Title 1415,224,5,2008,Sold,2021-08-20,5515.02
1979,Artwork Title 2693,179,2,2003,Sold,2024-11-13,4822.65
1980,Artwork Title 703,166,9,2006,In Stock,2021-09-19,984.62
1981,Artwork Title 757,470,10,2000,Sold,2024-04-24,6686.73
1982,Artwork Title 1364,437,4,2018,Sold,2022-01-15,4581.33
1983,Artwork Title 1405,289,4,2020,Sold,2021-07-23,7005.38
1984,Artwork Title 1166,393,9,2020,Sold,2023-12-18,3772.6
1985,Artwork Title 2149,224,7,2003,Sold,2023-07-29,4914.29
1986,Artwork Title 2659,257,8,2015,Sold,2022-06-09,3681.68
1987,Artwork Title 1468,500,5,2011,In Stock,2021-06-10,6057.2
1988,Artwork Title 320,173,6,2005,Sold,2021-07-20,4670.26
1989,Artwork Title 2580,245,7,2022,In Stock,2021-11-10,1417.84
1990,Artwork Title 1877,127,4,2008,In Stock,2017-11-17,6261.46
1991,Artwork Title 2527,184,9,2008,Sold,2022-03-30,5698.58
1992,Artwork Title 1789,169,4,2020,Sold,2023-03-28,2871.17
1993,Artwork Title 1352,323,4,2014,Sold,2022-01-25,7703.71
1994,Artwork Title 1552,283,3,2017,Sold,2022-06-24,10150.72
1995,Artwork Title 1316,329,5,2004,Sold,2021-09-13,5600.64
1996,Artwork Title 2040,344,9,2009,Sold,2022-08-27,6291.33
1997,Artwork Title 1339,134,10,2005,Sold,2022-07-15,8469.97
1998,Artwork Title 637,396,10,2000,Sold,2023-08-11,5496.12
1999,Artwork Title 1542,369,8,2003,Sold,2023-05-06,2009.25
2000,Artwork Title 154,151,6,2006,Sold,2022-01-10,5971.33
2001,Artwork Title 939,499,1,2004,Sold,2021-06-30,3678.4
2002,Artwork Title 2396,323,3,2002,Sold,2021-12-22,7896.82
2003,Artwork Title 343,152,2,2019,Sold,2023-05-07,6323.63
2004,Artwork Title 160,371,4,2020,Sold,2023-01-13,2950.47
2005,Artwork Title 49,482,8,2015,Sold,2022-01-08,3638.16
2006,Artwork Title 1541,312,10,2005,Sold,2021-08-25,3167.46
2007,Artwork Title 2121,361,3,2017,Sold,2022-06-08,2108.25
2008,Artwork Title 1659,458,5,2010,In Stock,2024-01-25,3804.6
2009,Artwork Title 1761,408,9,2000,In Stock,2018-11-19,2520.77
2010,Artwork Title 608,277,3,2013,Sold,2023-07-07,7912.01
2011,Artwork Title 2657,163,4,2001,Sold,2021-11-26,4824.1
2012,Artwork Title 2105,219,7,2014,Sold,2021-08-22,2933.41
2013,Artwork Title 2318,490,9,2007,Sold,2023-05-09,7554.6
2014,Artwork Title 1106,389,7,2003,In Stock,2022-02-28,2521.23
2015,Artwork Title 659,383,7,2021,Sold,2022-12-03,1521.61
2016,Artwork Title 2029,195,7,2003,Sold,2022-09-09,10261.45
2017,Artwork Title 1872,311,9,2019,Sold,2022-09-19,5991.57
2018,Artwork Title 889,154,8,2009,Sold,2024-09-17,6284.95
2019,Artwork Title 481,259,4,2023,Sold,2022-12-28,8734.44
2020,Artwork Title 1982,211,6,2009,Sold,2021-11-24,6989.35
2021,Artwork Title 2237,213,9,2001,Sold,2021-01-23,4083.29
2022,Artwork Title 1673,236,6,2006,Sold,2021-08-07,4580.38
2023,Artwork Title 981,355,1,2023,Sold,2024-04-16,4277.62
2024,Artwork Title 339,320,4,2023,Sold,2022-12-09,4503.74
2025,Artwork Title 56,222,3,2003,Sold,2022-04-14,8966.22
2026,Artwork Title 913,461,1,2004,Sold,2024-01-08,5812.06
2027,Artwork Title 1725,495,2,2014,Sold,2022-02-25,5164.6
2028,Artwork Title 290,427,6,2000,Sold,2022-11-25,5511.61
2029,Artwork Title 26,289,5,2009,Sold,2024-05-02,7790.79
2030,Artwork Title 1169,118,10,2023,Sold,2022-07-02,5618.34
2031,Artwork Title 2017,288,3,2020,Sold,2021-08-24,4041.19
2032,Artwork Title 1558,259,2,2005,In Stock,2016-12-22,9038.4
2033,Artwork Title 2307,369,10,2011,In Stock,2017-10-29,3774.87
2034,Artwork Title 1471,109,1,2011,Sold,2024-01-19,1536.5
2035,Artwork Title 1526,397,5,2007,Sold,2021-03-26,2862.12
2036,Artwork Title 2245,337,5,2016,Sold,2022-03-26,8583.1
2037,Artwork Title 740,124,7,2011,Sold,2021-10-11,7062.09
2038,Artwork Title 1992,291,10,2009,Sold,2024-06-03,2329.35
2039,Artwork Title 1447,194,4,2003,Sold,2021-07-26,4582.21
2040,Artwork Title 1627,163,8,2007,In Stock,2022-02-04,3768.78
2041,Artwork Title 725,313,3,2001,Sold,2021-09-09,3941.76
2042,Artwork Title 1298,129,9,2005,Sold,2022-10-03,4844.44
2043,Artwork Title 1084,208,3,2000,Sold,2022-10-12,7640.87
2044,Artwork Title 31,449,9,2007,Sold,2022-06-06,4366.48
2045,Artwork Title 1622,322,6,2017,In Stock,2015-01-02,1887.51
2046,Artwork Title 1863,488,7,2021,Sold,2021-09-07,4545.96
2047,Artwork Title 2537,268,9,2007,Sold,2025-02-03,3676.76
2048,Artwork Title 1991,168,4,2007,Sold,2023-08-29,3784.26
2049,Artwork Title 446,103,8,2014,Sold,2021-02-15,6898.76
2050,Artwork Title 1431,311,10,2005,Sold,2023-01-29,6413.77
2051,Artwork Title 2578,314,9,2002,Sold,2021-09-07,5350.11
2052,Artwork Title 456,243,7,2019,Sold,2021-12-10,3396.15
2053,Artwork Title 2570,268,2,2020,Sold,2023-01-24,3775.61
2054,Artwork Title 493,412,9,2012,Sold,2022-11-17,6946.69
2055,Artwork Title 1874,303,5,2009,Sold,2021-04-15,8165.97
2056,Artwork Title 2733,363,4,2010,Sold,2022-09-17,6768.23
2057,Artwork Title 283,294,2,2007,Sold,2022-10-06,4164.83
2058,Artwork Title 2500,237,7,2008,Sold,2023-10-21,10201.33
2059,Artwork Title 1074,436,3,2006,Sold,2022-07-10,6793.17
2060,Artwork Title 2528,454,7,2007,In Stock,2023-08-17,5967.86
2061,Artwork Title 821,106,2,2001,Sold,2022-10-07,8554.26
2062,Artwork Title 2514,185,8,2004,Sold,2023-05-19,1547.72
2063,Artwork Title 677,313,6,2002,Sold,2022-04-26,6564.49
2064,Artwork Title 690,281,10,2008,Sold,2022-01-31,4985.96
2065,Artwork Title 2518,221,9,2014,In Stock,2022-04-05,2154.01
2066,Artwork Title 622,326,10,2009,Sold,2021-10-24,6002.06
2067,Artwork Title 1190,364,3,2011,Sold,2021-10-16,4522.57
2068,Artwork Title 1051,261,4,2007,In Stock,2023-02-14,3582.92
2069,Artwork Title 1436,284,1,2003,Sold,2023-01-01,7079.66
2070,Artwork Title 1053,210,8,2006,Sold,2025-02-26,6294.66
2071,Artwork Title 1067,156,9,2001,Sold,2024-01-26,1857.44
2072,Artwork Title 849,132,8,2012,Sold,2022-10-19,7204.89
2073,Artwork Title 1812,313,10,2005,Sold,2022-03-26,5091.09
2074,Artwork Title 922,341,10,2023,Sold,2023-06-27,5076.73
2075,Artwork Title 2614,439,4,2006,In Stock,2019-11-14,6275.46
2076,Artwork Title 1462,158,1,2001,Sold,2021-08-31,7780.58
2077,Artwork Title 0,362,2,2013,Sold,2021-02-20,6733.5
2078,Artwork Title 2654,261,9,2001,Sold,2021-12-12,7338.67
2079,Artwork Title 1683,126,2,2017,Sold,2022-04-25,1406.79
2080,Artwork Title 1474,252,10,2014,Sold,2022-04-18,3502.64
2081,Artwork Title 639,363,5,2019,Sold,2022-11-27,7010.65
2082,Artwork Title 1584,152,3,2012,Sold,2022-09-11,8087.31
2083,Artwork Title 1973,460,6,2019,Sold,2021-12-31,7878.52
2084,Artwork Title 1039,148,9,2017,Sold,2024-08-18,10138.14
2085,Artwork Title 2281,453,9,2021,Sold,2021-09-15,2917.16
2086,Artwork Title 475,273,1,2015,Sold,2025-02-26,8882.01
2087,Artwork Title 1202,262,6,2004,Sold,2022-05-24,7924.64
2088,Artwork Title 665,410,2,2017,Sold,2021-08-10,3669.66
2089,Artwork Title 1323,355,9,2002,Sold,2025-05-24,11058.46
2090,Artwork Title 585,500,1,2006,Sold,2024-04-16,5996.69
2091,Artwork Title 565,264,4,2022,Sold,2021-07-16,6969.89
2092,Artwork Title 2503,479,3,2019,Sold,2021-08-06,2701.73
2093,Artwork Title 1557,468,7,2009,Sold,2022-10-05,8013.77
2094,Artwork Title 2734,388,1,2001,Sold,2021-01-23,2526.37
2095,Artwork Title 2142,266,4,2023,Sold,2023-05-03,4644.11
2096,Artwork Title 2261,198,2,2005,Sold,2023-11-16,4208.52
2097,Artwork Title 2427,264,8,2020,Sold,2022-10-17,4678.05
2098,Artwork Title 2274,362,2,2021,Sold,2024-04-02,4498.6
2099,Artwork Title 1876,473,6,2009,Sold,2021-10-23,2041.64
2100,Artwork Title 978,352,4,2001,Sold,2022-02-21,6804.5
2101,Artwork Title 2557,434,4,2002,Sold,2022-06-22,4881.41
2102,Artwork Title 932,198,9,2007,Sold,2022-04-30,5824.84
2103,Artwork Title 2553,307,1,2020,In Stock,2019-01-28,1301.43
2104,Artwork Title 771,331,1,2009,Sold,2023-09-27,3592.64
2105,Artwork Title 1292,463,4,2012,Sold,2024-07-05,3291.3
2106,Artwork Title 2712,415,10,2017,Sold,2021-09-18,6751.96
2107,Artwork Title 570,436,6,2014,Sold,2021-12-06,6759.63
2108,Artwork Title 138,251,5,2022,In Stock,2016-08-07,2525.7
2109,Artwork Title 1814,346,9,2012,Sold,2022-03-26,8796.95
2110,Artwork Title 370,190,5,2014,Sold,2022-02-23,7347.38
2111,Artwork Title 1644,214,7,2015,Sold,2021-03-21,4631.94
2112,Artwork Title 1161,476,3,2001,Sold,2022-03-20,7731.32
2113,Artwork Title 384,205,1,2008,Sold,2024-04-07,9843.67
2114,Artwork Title 2588,353,2,2021,Sold,2024-03-27,1230.83
2115,Artwork Title 2447,153,3,2013,Sold,2022-02-25,5984.38
2116,Artwork Title 2604,494,6,2006,Sold,2022-10-07,6875.36
2117,Artwork Title 2091,399,5,2008,Sold,2023-03-24,6084.99
2118,Artwork Title 458,130,10,2004,Sold,2021-09-19,4583.43
2119,Artwork Title 67,310,10,2023,In Stock,2024-11-18,2088.74
2120,Artwork Title 558,445,9,2014,Sold,2022-03-10,3809.86
2121,Artwork Title 1246,200,3,2015,Sold,2023-11-29,3765.4
2122,Artwork Title 780,373,6,2010,Sold,2023-10-05,1516.09
2123,Artwork Title 724,289,1,2020,Sold,2023-11-25,6958.81
2124,Artwork Title 2652,250,4,2011,Sold,2023-05-11,5590.51
2125,Artwork Title 465,320,5,2009,Sold,2022-01-12,6231.67
2126,Artwork Title 407,443,9,2020,Sold,2024-09-14,5344.2
2127,Artwork Title 606,288,9,2007,Sold,2023-01-24,10047.39
2128,Artwork Title 543,410,9,2011,Sold,2024-03-29,5600.09
2129,Artwork Title 2,403,10,2022,Sold,2023-02-19,5347.1
2130,Artwork Title 2151,130,5,2006,Sold,2022-04-15,5784.67
2131,Artwork Title 2731,127,1,2010,Sold,2022-05-19,3121.03
2132,Artwork Title 814,496,1,2018,Sold,2021-12-01,5223.21
2133,Artwork Title 97,279,5,2001,Sold,2023-09-03,625.25
2134,Artwork Title 306,226,9,2014,Sold,2022-11-18,6886.82
2135,Artwork Title 276,375,2,2010,Sold,2022-04-09,5587.69
2136,Artwork Title 270,368,9,2022,Sold,2022-11-26,5640.56
2137,Artwork Title 1859,348,7,2005,Sold,2022-04-07,6137.38
2138,Artwork Title 1676,275,8,2002,In Stock,2022-11-18,6278.86
2139,Artwork Title 381,227,2,2005,Sold,2022-02-07,7890.8
2140,Artwork Title 21,471,9,2018,Sold,2021-04-07,4774.17
2141,Artwork Title 2610,417,4,2012,Sold,2023-09-25,6900.14
2142,Artwork Title 2332,441,2,2013,Sold,2025-01-15,604.76
2143,Artwork Title 411,314,4,2003,Sold,2022-11-05,9321.0
2144,Artwork Title 345,164,3,2009,Sold,2022-10-29,5561.12
2145,Artwork Title 969,246,9,2019,Sold,2023-12-17,4555.07
2146,Artwork Title 2390,231,8,2010,Sold,2022-02-03,9019.35
2147,Artwork Title 2732,269,6,2001,Sold,2021-07-22,5161.43
2148,Artwork Title 560,180,6,2007,Sold,2025-01-07,1544.85
2149,Artwork Title 304,467,1,2013,Sold,2024-12-06,9599.3
2150,Artwork Title 341,448,9,2021,Sold,2021-08-29,11385.46
2151,Artwork Title 863,377,1,2002,Sold,2022-08-18,4511.81
2152,Artwork Title 1881,460,9,2017,Sold,2023-01-09,7874.85
2153,Artwork Title 835,266,7,2007,Sold,2021-12-14,6810.54
2154,Artwork Title 1528,247,10,2013,Sold,2021-11-10,6719.09
2155,Artwork Title 1348,249,3,2017,In Stock,2025-05-02,9988.2
2156,Artwork Title 817,164,5,2023,Sold,2024-06-15,7789.35
2157,Artwork Title 2478,488,5,2012,Sold,2021-12-21,9592.07
2158,Artwork Title 1023,273,6,2019,Sold,2024-05-14,2525.67
2159,Artwork Title 310,337,5,2009,Sold,2021-08-11,5798.18
2160,Artwork Title 273,164,1,2003,Sold,2022-11-06,7768.31
2161,Artwork Title 2526,412,8,2015,Sold,2024-01-12,5728.65
2162,Artwork Title 2394,347,8,2005,Sold,2024-03-08,7357.99
2163,Artwork Title 239,126,8,2005,Sold,2021-12-27,2672.03
2164,Artwork Title 938,482,4,2010,Sold,2021-12-16,2049.64
2165,Artwork Title 1397,165,2,2007,Sold,2024-12-29,2109.96
2166,Artwork Title 1514,442,2,2023,In Stock,2024-12-23,5346.96
2167,Artwork Title 867,432,2,2010,Sold,2022-04-27,6311.19
2168,Artwork Title 1374,126,5,2022,Sold,2022-06-05,8329.99
2169,Artwork Title 1470,199,1,2017,Sold,2023-04-13,5681.56
2170,Artwork Title 1603,449,7,2001,Sold,2022-01-24,6794.02
2171,Artwork Title 366,234,2,2023,Sold,2022-04-02,9441.81
2172,Artwork Title 499,281,5,2020,In Stock,2025-06-21,3861.08
2173,Artwork Title 378,160,9,2010,Sold,2022-07-09,4617.78
2174,Artwork Title 1184,384,9,2016,Sold,2022-04-01,6307.48
2175,Artwork Title 1129,328,5,2006,Sold,2022-07-10,5276.57
2176,Artwork Title 1962,426,2,2023,Sold,2021-06-07,4919.68
2177,Artwork Title 1666,424,9,2020,Sold,2021-10-28,8342.23
2178,Artwork Title 1884,149,8,2001,Sold,2021-11-10,6347.99
2179,Artwork Title 920,308,3,2020,Sold,2022-03-01,8522.08
2180,Artwork Title 1114,385,5,2016,Sold,2023-11-04,9806.99
2181,Artwork Title 2784,303,9,2021,Sold,2024-10-04,1310.87
2182,Artwork Title 1438,111,10,2018,Sold,2021-08-01,3679.18
2183,Artwork Title 192,160,10,2013,Sold,2021-10-26,4639.72
2184,Artwork Title 1658,392,3,2021,In Stock,2017-02-05,4163.91
2185,Artwork Title 2582,380,4,2016,Sold,2023-04-06,4111.26
2186,Artwork Title 211,240,9,2011,Sold,2023-08-26,6059.51
2187,Artwork Title 494,312,8,2016,Sold,2021-10-17,5280.22
2188,Artwork Title 101,433,3,2005,Sold,2022-12-27,7247.21
2189,Artwork Title 1315,204,8,2007,Sold,2021-03-05,4234.23
2190,Artwork Title 948,397,4,2000,Sold,2021-11-19,6794.71
2191,Artwork Title 882,158,3,2022,Sold,2021-07-29,2842.83
2192,Artwork Title 878,146,7,2006,Sold,2021-04-03,6537.63
2193,Artwork Title 1349,332,8,2017,Sold,2024-01-04,7202.16
2194,Artwork Title 1233,304,9,2002,Sold,2023-02-18,5582.0
2195,Artwork Title 1614,357,1,2015,Sold,2022-08-09,8016.97
2196,Artwork Title 258,200,10,2019,In Stock,2022-06-20,2083.53
2197,Artwork Title 1191,328,2,2023,Sold,2022-03-13,3318.75
2198,Artwork Title 827,385,4,2018,Sold,2022-02-27,4505.11
2199,Artwork Title 1664,473,9,2019,Sold,2022-12-15,8621.9
2200,Artwork Title 163,354,3,2003,In Stock,2020-06-12,1725.83
2201,Artwork Title 215,225,8,2018,In Stock,2020-09-09,3068.42
2202,Artwork Title 1560,280,8,2013,In Stock,2024-05-15,1790.09
2203,Artwork Title 686,221,1,2015,In Stock,2025-02-16,5344.82
2204,Artwork Title 1138,226,5,2019,In Stock,2020-01-01,701.49
2205,Artwork Title 1637,316,7,2005,In Stock,2019-04-19,7546.47
2206,Artwork Title 1426,130,8,2008,In Stock,2023-04-08,3311.24
2207,Artwork Title 184,292,6,2013,In Stock,2021-10-29,5476.43
2208,Artwork Title 1360,141,8,2000,In Stock,2021-01-23,3100.37
2209,Artwork Title 1320,486,1,2023,In Stock,2021-04-09,5283.96
2210,Artwork Title 2291,441,2,2022,In Stock,2023-05-16,9981.63
2211,Artwork Title 2674,356,8,2018,In Stock,2018-10-13,8387.94
2212,Artwork Title 280,154,10,2014,In Stock,2017-10-24,7404.71
2213,Artwork Title 1504,483,3,2006,In Stock,2025-06-30,7862.43
2214,Artwork Title 2391,395,2,2012,In Stock,2015-09-18,2564.5
2215,Artwork Title 380,339,3,2007,In Stock,2023-09-11,2570.13
2216,Artwork Title 755,441,8,2010,In Stock,2019-07-07,2217.08
2217,Artwork Title 1693,491,10,2004,In Stock,2015-07-07,973.64
2218,Artwork Title 170,150,9,2016,In Stock,2024-11-26,1613.87
2219,Artwork Title 962,171,3,2021,In Stock,2016-06-15,7742.01
2220,Artwork Title 1099,119,6,2008,In Stock,2016-07-05,9346.6
2221,Artwork Title 2415,379,3,2013,In Stock,2025-11-23,1144.12
2222,Artwork Title 1932,385,3,2004,In Stock,2019-12-20,4517.78
2223,Artwork Title 1815,254,1,2007,In Stock,2016-09-28,6845.13
2224,Artwork Title 2771,398,10,2005,In Stock,2017-12-16,3348.7
2225,Artwork Title 1726,497,1,2005,In Stock,2016-10-07,3483.54
2226,Artwork Title 43,225,10,2013,In Stock,2019-07-24,6553.94
2227,Artwork Title 2735,173,8,2008,In Stock,2021-11-22,7144.52
2228,Artwork Title 1371,373,4,2017,In Stock,2021-05-08,9487.49
2229,Artwork Title 564,417,9,2005,In Stock,2024-09-12,6089.48
2230,Artwork Title 330,252,2,2003,In Stock,2019-03-13,2906.53
2231,Artwork Title 1282,397,8,2005,In Stock,2016-02-06,9502.03
2232,Artwork Title 2719,397,4,2000,In Stock,2025-11-09,1516.32
2233,Artwork Title 1977,398,6,2022,In Stock,2020-11-06,5926.1
2234,Artwork Title 2258,481,6,2001,In Stock,2019-07-12,3395.03
2235,Artwork Title 2516,382,6,2023,In Stock,2019-09-30,1237.59
2236,Artwork Title 137,322,2,2020,In Stock,2025-02-23,666.35
2237,Artwork Title 399,321,7,2001,In Stock,2016-01-31,3553.32
2238,Artwork Title 2778,433,10,2014,In Stock,2015-02-17,2534.75
2239,Artwork Title 444,225,4,2012,In Stock,2025-01-28,3179.39
2240,Artwork Title 2487,328,10,2019,In Stock,2024-04-21,1757.35
2241,Artwork Title 2400,114,4,2019,In Stock,2015-04-02,3647.93
2242,Artwork Title 1857,342,3,2006,In Stock,2020-10-19,8451.57
2243,Artwork Title 1912,228,9,2008,In Stock,2020-08-19,8150.76
2244,Artwork Title 1111,240,6,2021,In Stock,2023-07-10,8610.66
2245,Artwork Title 11,136,3,2006,In Stock,2020-01-19,6015.56
2246,Artwork Title 1935,335,1,2008,In Stock,2023-02-05,2837.7
2247,Artwork Title 1899,124,6,2007,In Stock,2017-05-23,1167.16
2248,Artwork Title 1042,202,3,2012,In Stock,2021-07-12,8537.64
2249,Artwork Title 2185,169,2,2020,In Stock,2021-10-02,2939.98
2250,Artwork Title 495,337,3,2000,In Stock,2025-06-01,559.9
2251,Artwork Title 372,389,9,2012,In Stock,2017-02-28,8763.21
2252,Artwork Title 1495,482,2,2021,In Stock,2015-10-20,3982.55
2253,Artwork Title 1229,428,8,2009,In Stock,2019-06-07,2109.53
2254,Artwork Title 1938,346,8,2011,In Stock,2025-06-12,6108.16
2255,Artwork Title 1073,449,5,2004,In Stock,2025-01-18,6439.2
2256,Artwork Title 237,150,8,2010,In Stock,2019-05-07,1217.16
2257,Artwork Title 869,203,4,2002,In Stock,2021-06-20,2497.17
2258,Artwork Title 1917,128,3,2021,In Stock,2016-03-25,6415.83
2259,Artwork Title 1170,462,1,2013,In Stock,2024-08-17,6856.51
2260,Artwork Title 418,171,5,2001,In Stock,2022-07-28,6052.48
2261,Artwork Title 414,178,4,2007,In Stock,2020-05-02,9707.06
2262,Artwork Title 88,310,8,2019,In Stock,2023-11-15,6160.21
2263,Artwork Title 2522,155,3,2013,In Stock,2017-10-12,9603.82
2264,Artwork Title 2052,250,7,2009,In Stock,2023-08-22,7605.5
2265,Artwork Title 1813,299,4,2001,In Stock,2024-04-14,6336.48
2266,Artwork Title 704,415,8,2008,In Stock,2019-07-22,4839.82
2267,Artwork Title 2046,499,8,2003,In Stock,2021-04-26,3117.48
2268,Artwork Title 1368,331,7,2022,In Stock,2022-11-03,1000.56
2269,Artwork Title 1656,431,8,2023,In Stock,2022-02-12,4752.4
2270,Artwork Title 605,437,3,2008,In Stock,2019-03-10,4874.54
2271,Artwork Title 912,400,7,2009,In Stock,2022-09-10,5481.37
2272,Artwork Title 2366,312,6,2021,In Stock,2017-03-03,3167.13
2273,Artwork Title 898,379,6,2016,In Stock,2016-07-19,2201.52
2274,Artwork Title 785,401,10,2005,In Stock,2019-09-06,1819.09
2275,Artwork Title 1496,249,10,2001,In Stock,2018-09-09,4415.3
2276,Artwork Title 1631,107,7,2007,In Stock,2024-09-24,7719.42
2277,Artwork Title 2558,474,5,2023,In Stock,2020-07-09,5210.6
2278,Artwork Title 2101,273,3,2003,In Stock,2015-09-13,7790.24
2279,Artwork Title 1919,332,10,2007,In Stock,2020-01-29,6185.16
2280,Artwork Title 919,172,7,2023,In Stock,2020-11-17,2381.93
2281,Artwork Title 1482,103,1,2005,In Stock,2020-03-27,8978.71
2282,Artwork Title 2744,313,9,2023,In Stock,2024-07-06,4369.14
2283,Artwork Title 296,432,8,2000,In Stock,2018-07-10,1068.54
2284,Artwork Title 906,196,3,2022,In Stock,2023-06-23,1967.7
2285,Artwork Title 514,458,5,2023,In Stock,2019-07-12,7792.36
2286,Artwork Title 1186,320,7,2015,In Stock,2018-06-07,6488.53
2287,Artwork Title 1762,210,8,2008,In Stock,2023-07-17,4729.62
2288,Artwork Title 1195,123,1,2022,In Stock,2022-12-27,2062.72
2289,Artwork Title 2111,390,3,2015,In Stock,2025-09-08,5472.76
2290,Artwork Title 896,147,6,2003,In Stock,2025-03-02,891.18
2291,Artwork Title 632,347,10,2004,In Stock,2023-05-22,5214.22
2292,Artwork Title 2675,467,10,2022,In Stock,2024-01-22,6900.17
2293,Artwork Title 2556,156,10,2019,In Stock,2018-07-20,6265.42
2294,Artwork Title 651,419,8,2023,In Stock,2015-04-24,8994.78
2295,Artwork Title 2425,435,3,2008,In Stock,2015-10-29,2160.03
2296,Artwork Title 387,478,4,2004,In Stock,2017-03-16,8943.5
2297,Artwork Title 546,460,6,2003,In Stock,2020-10-20,1154.47
2298,Artwork Title 1885,466,4,2006,In Stock,2015-09-22,9161.2
2299,Artwork Title 2772,124,10,2009,In Stock,2024-11-14,8617.57
2300,Artwork Title 2191,301,5,2021,In Stock,2021-09-26,3702.04
2301,Artwork Title 103,125,10,2000,In Stock,2020-12-21,7572.21
2302,Artwork Title 1817,163,1,2012,In Stock,2016-12-11,6223.97
2303,Artwork Title 580,304,4,2015,In Stock,2018-03-30,858.07
2304,Artwork Title 1768,125,3,2001,In Stock,2020-12-23,5889.09
2305,Artwork Title 1701,300,3,2009,In Stock,2017-08-16,1547.74
2306,Artwork Title 2645,122,8,2010,In Stock,2024-08-14,9768.5
2307,Artwork Title 910,229,2,2013,In Stock,2021-08-18,8116.82
2308,Artwork Title 1650,486,6,2006,In Stock,2018-01-10,1558.14
2309,Artwork Title 132,202,2,2016,In Stock,2017-09-24,3629.77
2310,Artwork Title 2491,173,6,2016,In Stock,2019-09-10,3644.58
2311,Artwork Title 2267,263,10,2013,In Stock,2025-08-09,9770.52
2312,Artwork Title 607,310,3,2011,In Stock,2025-03-29,5693.55
2313,Artwork Title 1265,190,1,2016,In Stock,2015-10-21,570.43
2314,Artwork Title 911,139,8,2022,In Stock,2022-02-13,1135.1
2315,Artwork Title 127,363,4,2005,In Stock,2025-04-26,1933.83
2316,Artwork Title 2195,415,9,2018,In Stock,2023-01-15,5366.33
2317,Artwork Title 1345,319,2,2003,In Stock,2018-03-11,6021.64
2318,Artwork Title 1460,143,2,2015,In Stock,2015-05-06,9684.75
2319,Artwork Title 155,328,3,2017,In Stock,2017-08-22,2820.11
2320,Artwork Title 1936,215,4,2001,In Stock,2021-02-20,4150.75
2321,Artwork Title 1476,438,9,2010,In Stock,2022-12-29,4864.91
2322,Artwork Title 1553,132,9,2002,In Stock,2023-07-16,2313.56
2323,Artwork Title 1007,430,1,2016,In Stock,2024-07-01,1984.08
2324,Artwork Title 2664,468,5,2014,In Stock,2023-01-01,4777.47
2325,Artwork Title 782,200,6,2005,In Stock,2018-06-20,5737.19
2326,Artwork Title 1143,188,9,2008,In Stock,2016-05-30,3010.5
2327,Artwork Title 312,488,4,2022,In Stock,2021-11-13,4182.8
2328,Artwork Title 2702,261,1,2023,In Stock,2021-03-31,1391.46
2329,Artwork Title 340,273,8,2014,In Stock,2018-03-19,4679.0
2330,Artwork Title 1228,157,8,2008,In Stock,2016-01-15,9355.31
2331,Artwork Title 2494,181,9,2004,In Stock,2019-05-04,1860.93
2332,Artwork Title 2764,366,1,2002,In Stock,2021-11-25,3126.27
2333,Artwork Title 463,404,3,2017,In Stock,2024-03-02,8865.66
2334,Artwork Title 721,419,6,2012,In Stock,2023-01-09,8954.67
2335,Artwork Title 778,469,8,2002,In Stock,2021-03-03,8448.98
2336,Artwork Title 1565,429,8,2010,In Stock,2019-07-20,7494.07
2337,Artwork Title 2681,101,10,2017,In Stock,2017-01-21,7277.29
2338,Artwork Title 1952,351,5,2002,In Stock,2017-07-23,3464.16
2339,Artwork Title 2026,120,2,2012,In Stock,2022-03-09,957.41
2340,Artwork Title 2295,144,7,2015,In Stock,2021-09-30,6397.81
2341,Artwork Title 1178,382,8,2013,In Stock,2020-10-23,8021.0
2342,Artwork Title 627,128,3,2004,In Stock,2022-07-16,1321.55
2343,Artwork Title 2567,443,4,2018,In Stock,2022-05-25,3093.37
2344,Artwork Title 1969,230,5,2008,In Stock,2020-10-19,948.94
2345,Artwork Title 2035,375,4,2021,In Stock,2017-11-05,7429.75
2346,Artwork Title 2377,204,5,2020,In Stock,2016-12-12,3516.43
2347,Artwork Title 2266,303,5,2000,In Stock,2024-04-02,3693.47
2348,Artwork Title 419,168,3,2023,In Stock,2023-09-11,663.94
2349,Artwork Title 124,487,6,2021,In Stock,2021-07-20,4719.1
2350,Artwork Title 461,287,3,2010,In Stock,2018-01-29,2477.78
2351,Artwork Title 1948,319,7,2006,In Stock,2023-01-18,1069.12
2352,Artwork Title 2028,280,9,2013,In Stock,2017-10-23,1692.45
2353,Artwork Title 1132,303,8,2022,In Stock,2025-03-30,2267.79
2354,Artwork Title 1981,319,2,2012,In Stock,2019-11-11,7965.68
2355,Artwork Title 332,397,7,2018,In Stock,2018-06-01,5122.91
2356,Artwork Title 2698,311,7,2020,In Stock,2018-10-25,8864.01
2357,Artwork Title 1392,104,4,2001,In Stock,2020-01-07,9376.48
2358,Artwork Title 245,212,5,2005,In Stock,2022-05-08,5455.15
2359,Artwork Title 1010,454,8,2002,In Stock,2023-02-14,7241.84
2360,Artwork Title 2560,109,1,2021,In Stock,2019-07-15,1439.0
2361,Artwork Title 1464,288,7,2018,In Stock,2019-04-28,6128.03
2362,Artwork Title 2688,474,5,2013,In Stock,2017-07-11,8619.91
2363,Artwork Title 510,275,9,2006,In Stock,2016-11-09,4553.88
2364,Artwork Title 877,466,8,2020,In Stock,2022-05-13,1537.6
2365,Artwork Title 2205,493,9,2009,In Stock,2023-03-21,1788.67
2366,Artwork Title 1281,271,2,2022,In Stock,2018-11-17,4606.36
2367,Artwork Title 763,460,1,2023,In Stock,2021-12-21,2582.98
2368,Artwork Title 629,208,6,2012,In Stock,2017-06-17,4671.56
2369,Artwork Title 313,475,1,2003,In Stock,2018-02-18,1923.2
2370,Artwork Title 255,142,7,2012,In Stock,2021-08-22,2527.18
2371,Artwork Title 1513,105,8,2004,In Stock,2015-09-18,7813.15
2372,Artwork Title 83,208,8,2011,In Stock,2015-07-14,4709.03
2373,Artwork Title 2493,186,1,2004,In Stock,2016-02-12,7891.9
2374,Artwork Title 1731,164,10,2022,In Stock,2025-07-08,7045.66
2375,Artwork Title 940,304,3,2013,In Stock,2023-08-07,9440.75
2376,Artwork Title 2593,315,7,2020,In Stock,2023-10-18,9368.54
2377,Artwork Title 1732,426,5,2019,In Stock,2024-10-10,1060.79
2378,Artwork Title 2069,189,2,2011,In Stock,2021-08-25,9119.46
2379,Artwork Title 2231,252,9,2001,In Stock,2022-05-31,3152.48
2380,Artwork Title 1167,163,9,2003,In Stock,2024-06-01,5074.63
2381,Artwork Title 2738,468,7,2005,In Stock,2021-09-29,3134.01
2382,Artwork Title 236,233,10,2013,In Stock,2024-02-21,4166.27
2383,Artwork Title 1045,248,2,2019,In Stock,2021-07-01,7262.71
2384,Artwork Title 1395,130,1,2013,In Stock,2019-01-20,1186.67
2385,Artwork Title 120,136,4,2010,In Stock,2015-09-04,3880.3
2386,Artwork Title 2586,385,3,2008,In Stock,2023-09-27,5283.18
2387,Artwork Title 1404,259,3,2000,In Stock,2023-07-22,7101.99
2388,Artwork Title 413,422,9,2016,In Stock,2020-07-15,9849.45
2389,Artwork Title 2730,445,5,2019,In Stock,2015-02-15,6801.69
2390,Artwork Title 2327,424,4,2011,In Stock,2015-09-23,4392.32
2391,Artwork Title 2476,317,4,2006,In Stock,2016-11-27,9251.48
2392,Artwork Title 22,197,10,2012,In Stock,2017-06-02,9218.09
2393,Artwork Title 2251,258,7,2008,In Stock,2024-02-14,5144.41
2394,Artwork Title 914,450,2,2001,In Stock,2023-08-27,2799.1
2395,Artwork Title 394,166,6,2011,In Stock,2020-03-05,6992.14
2396,Artwork Title 1910,160,10,2018,In Stock,2021-10-20,5819.93
2397,Artwork Title 197,172,7,2017,In Stock,2018-02-21,9944.41
2398,Artwork Title 2405,399,7,2012,In Stock,2020-05-19,1173.89
2399,Artwork Title 2129,396,4,2019,In Stock,2021-03-01,8469.84
2400,Artwork Title 2322,259,7,2006,In Stock,2017-08-07,5058.05
2401,Artwork Title 1612,249,1,2012,In Stock,2018-08-13,4488.28
2402,Artwork Title 794,481,1,2016,In Stock,2016-03-03,5987.6
2403,Artwork Title 2376,254,3,2020,In Stock,2015-09-20,5375.41
2404,Artwork Title 908,462,8,2020,In Stock,2019-11-10,6492.4
2405,Artwork Title 1538,229,7,2010,In Stock,2023-03-20,1774.53
2406,Artwork Title 2360,410,9,2008,In Stock,2016-07-09,6055.65
2407,Artwork Title 1635,411,10,2021,In Stock,2024-09-27,9980.25
2408,Artwork Title 924,188,6,2002,In Stock,2024-06-29,8716.11
2409,Artwork Title 1091,327,6,2005,In Stock,2021-09-06,3359.48
2410,Artwork Title 429,492,1,2020,In Stock,2021-10-17,4730.74
2411,Artwork Title 2161,234,1,2022,In Stock,2017-08-31,6499.05
2412,Artwork Title 847,350,8,2007,In Stock,2025-11-11,7997.33
2413,Artwork Title 2075,441,1,2014,In Stock,2025-10-27,7360.66
2414,Artwork Title 951,221,2,2012,In Stock,2025-07-08,1011.46
2415,Artwork Title 156,294,8,2001,In Stock,2023-01-23,6920.94
2416,Artwork Title 1245,131,6,2012,In Stock,2024-11-07,8029.9
2417,Artwork Title 2554,330,2,2020,In Stock,2016-11-02,2127.46
2418,Artwork Title 2721,374,8,2008,In Stock,2015-07-21,1880.76
2419,Artwork Title 942,232,1,2002,In Stock,2022-12-20,6902.83
2420,Artwork Title 2531,490,3,2016,In Stock,2016-01-04,6846.78
2421,Artwork Title 1591,324,9,2010,In Stock,2017-11-05,1006.8
2422,Artwork Title 783,319,9,2008,In Stock,2015-05-28,998.22
2423,Artwork Title 1020,106,3,2008,In Stock,2015-07-12,6118.38
2424,Artwork Title 993,447,5,2004,In Stock,2017-12-27,8898.73
2425,Artwork Title 1128,345,9,2014,In Stock,2015-07-26,1617.57
2426,Artwork Title 1567,443,9,2008,In Stock,2018-08-15,8776.66
2427,Artwork Title 2589,306,8,2013,In Stock,2017-10-23,7628.48
2428,Artwork Title 174,131,5,2005,In Stock,2016-08-12,9216.29
2429,Artwork Title 2430,146,8,2007,In Stock,2024-01-29,5565.28
2430,Artwork Title 700,373,5,2008,In Stock,2025-10-03,8870.86
2431,Artwork Title 1654,471,10,2023,In Stock,2016-01-16,978.85
2432,Artwork Title 1486,117,3,2009,In Stock,2016-12-24,3545.53
2433,Artwork Title 701,493,4,2000,In Stock,2017-04-18,907.44
2434,Artwork Title 1032,374,7,2008,In Stock,2021-01-30,7601.44
2435,Artwork Title 15,302,7,2006,In Stock,2025-06-17,7658.47
2436,Artwork Title 1703,479,5,2011,In Stock,2024-02-21,2729.53
2437,Artwork Title 151,341,9,2006,In Stock,2022-07-02,1556.8
2438,Artwork Title 1588,184,2,2020,In Stock,2020-03-06,3833.52
2439,Artwork Title 74,249,1,2001,In Stock,2015-05-25,5919.38
2440,Artwork Title 2687,297,1,2003,In Stock,2016-12-10,8778.28
2441,Artwork Title 2594,460,7,2018,In Stock,2023-07-26,990.55
2442,Artwork Title 1777,298,10,2014,In Stock,2019-09-17,2028.48
2443,Artwork Title 353,382,9,2023,In Stock,2017-07-16,4501.13
2444,Artwork Title 2453,191,8,2021,In Stock,2020-07-24,784.33
2445,Artwork Title 2094,217,2,2003,In Stock,2019-02-04,9976.56
2446,Artwork Title 527,110,8,2020,In Stock,2022-05-09,6644.92
2447,Artwork Title 1783,388,8,2000,In Stock,2024-04-04,8905.98
2448,Artwork Title 1744,347,10,2022,In Stock,2024-12-27,5465.26
2449,Artwork Title 2609,170,7,2013,In Stock,2016-07-26,4541.41
2450,Artwork Title 612,469,10,2016,In Stock,2025-08-31,9264.29
2451,Artwork Title 1856,444,10,2016,In Stock,2024-03-15,5374.16
2452,Artwork Title 788,470,3,2001,In Stock,2021-08-31,5980.81
2453,Artwork Title 2099,121,8,2013,In Stock,2019-10-21,9688.19
2454,Artwork Title 644,387,10,2012,In Stock,2018-07-28,7004.62
2455,Artwork Title 2365,260,7,2018,In Stock,2015-04-08,6704.96
2456,Artwork Title 2350,117,1,2011,In Stock,2024-10-31,1864.38
2457,Artwork Title 1239,496,4,2005,In Stock,2021-08-19,7699.08
2458,Artwork Title 225,172,7,2013,In Stock,2022-06-14,3144.01
2459,Artwork Title 945,227,1,2001,In Stock,2018-09-18,2539.93
2460,Artwork Title 1933,105,7,2016,In Stock,2021-09-08,3223.91
2461,Artwork Title 2373,289,8,2001,In Stock,2021-01-25,5472.26
2462,Artwork Title 2481,417,3,2021,In Stock,2024-09-29,4147.7
2463,Artwork Title 2283,320,8,2010,In Stock,2022-01-27,7201.36
2464,Artwork Title 1025,219,7,2000,In Stock,2015-08-05,3167.65
2465,Artwork Title 1908,410,7,2007,In Stock,2022-08-28,8931.44
2466,Artwork Title 1385,182,1,2010,In Stock,2020-03-15,3222.3
2467,Artwork Title 977,427,3,2003,In Stock,2022-11-14,7191.43
2468,Artwork Title 990,275,3,2005,In Stock,2020-10-28,5180.83
2469,Artwork Title 1780,308,5,2003,In Stock,2019-02-16,9660.84
2470,Artwork Title 401,477,10,2015,In Stock,2023-10-16,4229.05
2471,Artwork Title 455,405,7,2001,In Stock,2016-09-29,7989.36
2472,Artwork Title 838,417,9,2008,In Stock,2015-09-19,1583.86
2473,Artwork Title 1299,253,5,2000,In Stock,2021-05-28,5148.33
2474,Artwork Title 820,293,5,2000,In Stock,2020-12-26,7100.22
2475,Artwork Title 1148,431,8,2018,In Stock,2025-03-08,5386.81
2476,Artwork Title 1679,494,1,2003,In Stock,2020-12-09,9875.78
2477,Artwork Title 2768,418,3,2013,In Stock,2018-08-22,9782.26
2478,Artwork Title 1566,453,5,2018,In Stock,2017-06-01,9936.81
2479,Artwork Title 772,484,6,2010,In Stock,2024-08-30,8509.98
2480,Artwork Title 1150,463,8,2019,In Stock,2020-06-21,8195.43
2481,Artwork Title 404,282,6,2010,In Stock,2025-03-26,7927.98
2482,Artwork Title 2356,228,2,2008,In Stock,2015-12-05,5350.23
2483,Artwork Title 235,289,1,2011,In Stock,2023-01-22,5288.79
2484,Artwork Title 287,293,10,2004,In Stock,2019-10-23,4469.86
2485,Artwork Title 1803,364,3,2022,In Stock,2016-11-17,5767.09
2486,Artwork Title 535,311,5,2004,In Stock,2024-09-11,5560.59
2487,Artwork Title 369,274,8,2001,In Stock,2016-06-05,5319.02
2488,Artwork Title 739,142,1,2020,In Stock,2020-06-21,2624.64
2489,Artwork Title 1127,446,8,2004,In Stock,2025-12-25,2592.05
2490,Artwork Title 2696,305,3,2016,In Stock,2025-11-03,7875.64
2491,Artwork Title 168,218,3,2014,In Stock,2018-09-27,5332.16
2492,Artwork Title 2294,278,4,2001,In Stock,2020-01-10,7280.98
2493,Artwork Title 1189,496,1,2019,In Stock,2015-11-28,7511.06
2494,Artwork Title 2410,293,7,2021,In Stock,2015-08-24,5232.53
2495,Artwork Title 1628,203,4,2022,In Stock,2021-05-06,7305.94
2496,Artwork Title 57,339,8,2022,In Stock,2019-05-11,5622.93
2497,Artwork Title 2293,234,4,2005,In Stock,2021-11-23,3696.24
2498,Artwork Title 2533,312,10,2007,In Stock,2015-12-17,9505.65
2499,Artwork Title 2466,268,10,2005,In Stock,2017-08-14,7390.3
2500,Artwork Title 294,199,9,2016,In Stock,2022-01-14,8101.19
2501,Artwork Title 660,400,2,2010,In Stock,2024-07-25,5856.33
2502,Artwork Title 2479,297,10,2005,In Stock,2024-07-06,8569.49
2503,Artwork Title 1879,218,7,2012,In Stock,2017-06-23,8321.5
2504,Artwork Title 1663,323,3,2010,In Stock,2025-12-23,1242.05
2505,Artwork Title 2300,169,6,2014,In Stock,2025-08-16,5039.94
2506,Artwork Title 483,127,7,2021,In Stock,2020-04-29,6839.6
2507,Artwork Title 1589,467,7,2002,In Stock,2022-11-28,7432.65
2508,Artwork Title 1182,336,4,2023,In Stock,2022-09-08,6714.44
2509,Artwork Title 505,327,10,2005,In Stock,2017-01-15,3013.94
2510,Artwork Title 2228,173,2,2018,In Stock,2016-09-27,9548.22
2511,Artwork Title 18,499,4,2023,In Stock,2019-10-17,4553.02
2512,Artwork Title 25,458,4,2022,In Stock,2024-12-23,9034.11
2513,Artwork Title 795,343,7,2023,In Stock,2016-01-04,8731.43
2514,Artwork Title 1806,460,9,2012,In Stock,2017-07-29,6706.28
2515,Artwork Title 1518,402,4,2008,In Stock,2018-06-04,9015.93
2516,Artwork Title 692,372,1,2000,In Stock,2021-03-29,9974.33
2517,Artwork Title 342,196,10,2005,In Stock,2025-05-04,1097.54
2518,Artwork Title 2181,458,9,2007,In Stock,2024-09-19,3248.05
2519,Artwork Title 2272,436,1,2022,In Stock,2017-08-17,9758.91
2520,Artwork Title 733,207,5,2009,In Stock,2023-09-09,521.28
2521,Artwork Title 498,477,3,2019,In Stock,2025-06-15,667.31
2522,Artwork Title 208,470,8,2006,In Stock,2017-08-16,688.43
2523,Artwork Title 1828,185,3,2010,In Stock,2022-02-16,1537.86
2524,Artwork Title 2202,175,1,2011,In Stock,2017-04-16,2033.97
2525,Artwork Title 2439,108,10,2016,In Stock,2016-11-26,6486.98
2526,Artwork Title 229,113,2,2007,In Stock,2022-07-05,1486.7
2527,Artwork Title 452,423,4,2019,In Stock,2024-06-26,9774.51
2528,Artwork Title 277,316,1,2014,In Stock,2019-04-17,6118.86
2529,Artwork Title 1532,138,8,2013,In Stock,2021-11-19,1250.83
2530,Artwork Title 2137,396,8,2003,In Stock,2021-06-09,9096.45
2531,Artwork Title 490,117,10,2018,In Stock,2025-01-22,8609.0
2532,Artwork Title 2011,183,4,2016,In Stock,2015-10-11,1536.5
2533,Artwork Title 274,279,4,2019,In Stock,2019-07-14,2619.34
2534,Artwork Title 373,307,8,2018,In Stock,2020-01-29,7603.94
2535,Artwork Title 1369,498,8,2005,In Stock,2021-06-27,1667.62
2536,Artwork Title 2002,112,5,2015,In Stock,2015-07-05,9128.7
2537,Artwork Title 2431,305,8,2000,In Stock,2016-02-23,2010.98
2538,Artwork Title 1699,469,6,2005,In Stock,2024-07-09,6332.28
2539,Artwork Title 770,231,7,2015,In Stock,2021-04-28,7063.54
2540,Artwork Title 2081,102,3,2018,In Stock,2021-03-04,2961.57
2541,Artwork Title 2220,294,5,2016,In Stock,2025-06-05,5652.1
2542,Artwork Title 2252,267,7,2012,In Stock,2016-11-07,5333.95
2543,Artwork Title 87,164,8,2014,In Stock,2017-03-28,1324.19
2544,Artwork Title 2341,101,2,2003,In Stock,2017-03-27,1085.33
2545,Artwork Title 2076,106,1,2019,In Stock,2023-11-26,5419.9
2546,Artwork Title 147,198,6,2016,In Stock,2019-11-25,8704.76
2547,Artwork Title 1805,149,4,2021,In Stock,2017-02-20,6411.88
2548,Artwork Title 2548,195,9,2015,In Stock,2018-06-06,9150.64
2549,Artwork Title 1080,226,1,2018,In Stock,2019-12-12,6506.1
2550,Artwork Title 375,419,7,2012,In Stock,2020-08-24,7767.62
2551,Artwork Title 2598,489,1,2000,In Stock,2019-09-23,6686.06
2552,Artwork Title 2595,241,7,2023,In Stock,2018-05-24,3036.02
2553,Artwork Title 2197,435,9,2014,In Stock,2017-10-22,2380.22
2554,Artwork Title 2096,105,1,2022,In Stock,2024-05-12,7004.27
2555,Artwork Title 354,200,6,2004,In Stock,2019-02-20,4716.71
2556,Artwork Title 480,442,7,2007,In Stock,2020-10-04,1396.08
2557,Artwork Title 1684,377,9,2023,In Stock,2020-02-01,3600.17
2558,Artwork Title 2465,408,3,2013,In Stock,2021-10-11,3555.76
2559,Artwork Title 48,412,9,2000,In Stock,2021-09-29,2336.02
2560,Artwork Title 1424,197,2,2007,In Stock,2015-06-24,5293.86
2561,Artwork Title 1525,407,10,2003,In Stock,2021-04-24,976.04
2562,Artwork Title 508,234,5,2017,In Stock,2024-09-23,9108.74
2563,Artwork Title 1517,221,9,2023,In Stock,2019-08-12,9493.64
2564,Artwork Title 2534,226,1,2013,In Stock,2018-06-03,4508.27
2565,Artwork Title 2407,336,6,2003,In Stock,2020-03-10,2254.03
2566,Artwork Title 2263,326,3,2003,In Stock,2024-11-27,1245.36
2567,Artwork Title 2156,479,4,2017,In Stock,2018-08-24,3781.45
2568,Artwork Title 2711,327,9,2006,In Stock,2025-10-17,7017.67
2569,Artwork Title 1873,344,4,2017,In Stock,2018-04-01,1366.06
2570,Artwork Title 1892,243,3,2010,In Stock,2018-12-25,545.33
2571,Artwork Title 654,355,6,2004,In Stock,2024-10-14,6697.5
2572,Artwork Title 648,158,3,2017,In Stock,2019-03-08,4050.06
2573,Artwork Title 1188,189,4,2016,In Stock,2025-06-21,5433.6
2574,Artwork Title 2007,325,10,2018,In Stock,2020-05-31,4274.04
2575,Artwork Title 2163,304,1,2003,In Stock,2023-05-17,5799.79
2576,Artwork Title 1399,385,9,2013,In Stock,2015-04-29,837.94
2577,Artwork Title 2620,167,8,2002,In Stock,2016-01-05,9228.92
2578,Artwork Title 497,300,5,2004,In Stock,2017-11-28,1634.42
2579,Artwork Title 125,119,4,2019,In Stock,2020-04-23,2365.09
2580,Artwork Title 1414,455,7,2012,In Stock,2015-02-07,6184.72
2581,Artwork Title 2613,297,1,2008,In Stock,2017-07-16,2334.49
2582,Artwork Title 1598,400,4,2010,In Stock,2019-05-31,3172.47
2583,Artwork Title 537,344,2,2018,In Stock,2022-05-09,6383.2
2584,Artwork Title 1772,436,4,2017,In Stock,2023-12-13,7706.76
2585,Artwork Title 451,379,9,2005,In Stock,2015-06-27,6980.7
2586,Artwork Title 1662,416,4,2021,In Stock,2024-12-04,4604.05
2587,Artwork Title 1688,233,4,2016,In Stock,2016-10-21,6685.48
2588,Artwork Title 2338,426,1,2023,In Stock,2016-10-04,6611.78
2589,Artwork Title 1535,273,7,2021,In Stock,2024-06-01,1044.68
2590,Artwork Title 2036,202,5,2013,In Stock,2021-03-27,3093.01
2591,Artwork Title 327,264,5,2002,In Stock,2015-02-04,2313.47
2592,Artwork Title 517,382,3,2002,In Stock,2025-04-22,9278.08
2593,Artwork Title 1634,190,1,2016,In Stock,2020-08-23,1671.95
2594,Artwork Title 1843,313,5,2017,In Stock,2015-01-29,2900.39
2595,Artwork Title 2236,130,9,2006,In Stock,2019-12-09,1481.27
2596,Artwork Title 2367,433,9,2023,In Stock,2021-10-05,2359.3
2597,Artwork Title 271,480,7,2023,In Stock,2025-06-02,8314.75
2598,Artwork Title 1264,233,10,2011,In Stock,2021-11-10,5366.12
2599,Artwork Title 2572,134,3,2020,In Stock,2016-11-03,7988.92
2600,Artwork Title 1808,443,4,2015,In Stock,2021-03-15,1341.68
2601,Artwork Title 52,308,8,2005,In Stock,2015-03-18,1890.79
2602,Artwork Title 1740,492,1,2006,In Stock,2016-01-26,7792.41
2603,Artwork Title 2573,494,6,2002,In Stock,2017-05-25,6351.66
2604,Artwork Title 2384,341,7,2002,In Stock,2023-08-15,2416.05
2605,Artwork Title 586,168,5,2022,In Stock,2019-08-16,9587.5
2606,Artwork Title 2773,361,9,2018,In Stock,2017-04-03,2514.04
2607,Artwork Title 159,481,4,2007,In Stock,2021-10-06,3306.55
2608,Artwork Title 1196,393,8,2022,In Stock,2025-02-13,3440.03
2609,Artwork Title 707,271,4,2021,In Stock,2015-10-15,1816.05
2610,Artwork Title 1716,431,10,2002,In Stock,2016-10-20,8678.74
2611,Artwork Title 532,243,6,2011,In Stock,2016-08-25,1338.55
2612,Artwork Title 1209,102,6,2022,In Stock,2019-04-17,8919.2
2613,Artwork Title 959,360,5,2012,In Stock,2019-06-09,3118.23
2614,Artwork Title 578,485,4,2021,In Stock,2016-01-01,9053.03
2615,Artwork Title 1418,102,10,2001,In Stock,2023-08-02,3495.8
2616,Artwork Title 2072,286,8,2020,In Stock,2021-05-06,7177.69
2617,Artwork Title 60,136,5,2020,In Stock,2025-11-27,8418.66
2618,Artwork Title 1529,195,2,2000,In Stock,2017-11-09,3621.56
2619,Artwork Title 2448,333,3,2018,In Stock,2020-09-11,5060.24
2620,Artwork Title 547,151,7,2011,In Stock,2017-05-09,7118.92
2621,Artwork Title 1432,417,10,2019,In Stock,2020-02-24,7370.2
2622,Artwork Title 12,358,4,2017,In Stock,2021-04-20,9491.41
2623,Artwork Title 781,455,10,2015,In Stock,2019-07-01,3765.22
2624,Artwork Title 539,290,1,2011,In Stock,2018-06-10,7365.69
2625,Artwork Title 2139,481,9,2022,In Stock,2023-12-13,2705.64
2626,Artwork Title 364,171,8,2000,In Stock,2022-09-26,6044.75
2627,Artwork Title 1974,401,10,2019,In Stock,2021-03-11,4566.4
2628,Artwork Title 1904,267,7,2009,In Stock,2021-07-19,7959.7
2629,Artwork Title 2357,246,4,2006,In Stock,2022-08-28,1062.18
2630,Artwork Title 351,452,5,2019,In Stock,2022-01-27,2449.23
2631,Artwork Title 2244,365,8,2001,In Stock,2024-06-07,696.39
2632,Artwork Title 1499,289,8,2019,In Stock,2020-12-22,2573.76
2633,Artwork Title 2050,189,5,2019,In Stock,2020-05-29,5744.93
2634,Artwork Title 2463,394,8,2018,In Stock,2023-01-30,2445.39
2635,Artwork Title 1008,244,2,2002,In Stock,2016-01-28,5496.35
2636,Artwork Title 2012,242,6,2013,In Stock,2015-07-03,7936.81
2637,Artwork Title 1632,242,9,2010,In Stock,2024-04-02,2995.27
2638,Artwork Title 298,477,4,2005,In Stock,2018-04-24,7064.74
2639,Artwork Title 1118,449,1,2006,In Stock,2025-11-20,3712.37
2640,Artwork Title 2724,302,9,2017,In Stock,2017-09-21,5352.06
2641,Artwork Title 964,159,10,2012,In Stock,2023-06-06,8441.0
2642,Artwork Title 949,409,4,2016,In Stock,2025-11-20,5769.44
2643,Artwork Title 1126,270,7,2022,In Stock,2020-05-21,5629.2
2644,Artwork Title 1047,403,8,2020,In Stock,2023-12-02,2182.87
2645,Artwork Title 618,160,4,2021,In Stock,2025-10-02,8479.43
2646,Artwork Title 2082,118,7,2010,In Stock,2015-03-14,7419.1
2647,Artwork Title 460,140,5,2005,In Stock,2023-04-21,2764.73
2648,Artwork Title 251,145,2,2020,In Stock,2017-06-14,6093.47
2649,Artwork Title 1006,315,2,2009,In Stock,2024-09-03,3969.58
2650,Artwork Title 841,312,6,2008,In Stock,2022-05-12,9144.1
2651,Artwork Title 2779,201,5,2019,In Stock,2018-12-11,9922.43
2652,Artwork Title 241,111,7,2005,In Stock,2020-06-08,9758.13
2653,Artwork Title 84,180,5,2005,In Stock,2024-09-24,1271.87
2654,Artwork Title 1860,198,8,2008,In Stock,2018-01-17,5911.89
2655,Artwork Title 2501,252,7,2012,In Stock,2025-10-08,6034.31
2656,Artwork Title 1354,248,9,2004,In Stock,2017-09-15,5184.27
2657,Artwork Title 1961,222,10,2005,In Stock,2017-07-04,1476.23
2658,Artwork Title 557,185,6,2003,In Stock,2023-10-21,5933.59
2659,Artwork Title 2583,278,2,2015,In Stock,2023-04-02,3249.84
2660,Artwork Title 50,350,2,2006,In Stock,2017-12-26,3958.6
2661,Artwork Title 507,212,9,2023,In Stock,2018-11-08,7783.95
2662,Artwork Title 431,430,1,2011,In Stock,2016-01-24,1665.5
2663,Artwork Title 1944,137,8,2008,In Stock,2022-07-04,7733.69
2664,Artwork Title 1743,190,9,2008,In Stock,2018-07-05,3213.14
2665,Artwork Title 1381,376,1,2023,In Stock,2017-12-17,7712.85
2666,Artwork Title 2616,124,5,2000,In Stock,2019-11-06,9220.46
2667,Artwork Title 265,456,6,2004,In Stock,2022-12-20,2523.81
2668,Artwork Title 179,202,9,2014,In Stock,2017-09-03,2566.09
2669,Artwork Title 2309,153,9,2015,In Stock,2024-01-23,9369.68
2670,Artwork Title 538,339,6,2022,In Stock,2024-08-17,9468.07
2671,Artwork Title 2715,381,1,2011,In Stock,2023-12-10,9479.47
2672,Artwork Title 1822,499,1,2003,In Stock,2024-04-24,4220.26
2673,Artwork Title 2313,471,8,2022,In Stock,2024-04-09,9728.22
2674,Artwork Title 36,349,4,2016,In Stock,2015-12-17,7453.47
2675,Artwork Title 2041,275,8,2015,In Stock,2018-02-07,3018.37
2676,Artwork Title 2535,469,9,2010,In Stock,2025-12-09,839.36
2677,Artwork Title 1110,265,1,2001,In Stock,2020-08-02,7985.38
2678,Artwork Title 1972,375,9,2009,In Stock,2022-12-01,7682.55
2679,Artwork Title 1521,334,4,2011,In Stock,2020-02-14,9823.66
2680,Artwork Title 921,165,6,2010,In Stock,2019-04-28,7231.87
2681,Artwork Title 403,203,6,2011,In Stock,2024-04-10,5194.46
2682,Artwork Title 2488,321,3,2018,In Stock,2015-02-04,1751.35
2683,Artwork Title 2737,199,4,2022,In Stock,2022-09-25,4975.42
2684,Artwork Title 2550,338,4,2002,In Stock,2021-08-08,8232.4
2685,Artwork Title 1377,160,10,2023,In Stock,2019-01-25,952.05
2686,Artwork Title 172,152,5,2000,In Stock,2025-06-16,8598.42
2687,Artwork Title 1108,314,10,2002,In Stock,2020-11-01,3023.78
2688,Artwork Title 1102,131,6,2003,In Stock,2025-11-07,2203.15
2689,Artwork Title 1296,313,8,2016,In Stock,2021-04-28,1722.38
2690,Artwork Title 1255,260,8,2014,In Stock,2017-02-24,866.11
2691,Artwork Title 548,341,4,2023,In Stock,2021-07-28,3938.34
2692,Artwork Title 1819,422,9,2017,In Stock,2022-07-09,7748.5
2693,Artwork Title 1611,195,1,2019,In Stock,2025-02-12,9466.52
2694,Artwork Title 856,203,7,2019,In Stock,2020-01-23,3134.14
2695,Artwork Title 158,338,5,2021,In Stock,2015-10-13,3922.66
2696,Artwork Title 935,478,4,2009,In Stock,2018-06-04,747.99
2697,Artwork Title 1269,216,7,2013,In Stock,2017-08-12,4819.65
2698,Artwork Title 1427,130,4,2017,In Stock,2023-05-22,9236.28
2699,Artwork Title 1900,175,5,2023,In Stock,2019-04-18,4711.29
2700,Artwork Title 1714,221,10,2009,In Stock,2018-09-25,772.12
2701,Artwork Title 696,198,1,2006,In Stock,2015-01-13,6832.54
2702,Artwork Title 591,120,4,2017,In Stock,2020-08-08,6004.33
2703,Artwork Title 2763,286,9,2003,In Stock,2025-07-12,4172.72
2704,Artwork Title 2068,110,6,2004,In Stock,2020-01-03,9373.22
2705,Artwork Title 126,158,3,2014,In Stock,2023-02-19,623.18
2706,Artwork Title 1636,471,3,2022,In Stock,2019-10-08,1263.18
2707,Artwork Title 1965,336,3,2016,In Stock,2020-02-07,2853.44
2708,Artwork Title 3,315,4,2008,In Stock,2023-06-06,1041.44
2709,Artwork Title 2136,281,2,2011,In Stock,2020-08-26,5699.6
2710,Artwork Title 1687,130,8,2000,In Stock,2025-07-29,700.65
2711,Artwork Title 1302,419,7,2006,In Stock,2019-01-19,3000.75
2712,Artwork Title 2018,347,10,2011,In Stock,2024-09-09,1935.78
2713,Artwork Title 2378,111,4,2010,In Stock,2022-08-02,4579.79
2714,Artwork Title 1433,497,9,2004,In Stock,2018-01-27,8406.41
2715,Artwork Title 1303,365,1,2009,In Stock,2024-01-21,4910.94
2716,Artwork Title 1383,255,10,2010,In Stock,2025-12-23,6795.27
2717,Artwork Title 1967,239,5,2023,In Stock,2021-08-10,1084.01
2718,Artwork Title 469,143,1,2015,In Stock,2024-06-06,6985.57
2719,Artwork Title 180,330,7,2020,In Stock,2020-08-26,3220.88
2720,Artwork Title 1585,443,9,2009,In Stock,2023-01-20,5731.26
2721,Artwork Title 1994,148,10,2008,In Stock,2022-09-19,2981.95
2722,Artwork Title 1064,131,6,2008,In Stock,2015-12-28,937.11
2723,Artwork Title 2433,277,10,2021,In Stock,2015-03-03,6954.79
2724,Artwork Title 2021,262,6,2001,In Stock,2018-09-03,1766.61
2725,Artwork Title 221,450,1,2006,In Stock,2025-08-10,4885.21
2726,Artwork Title 1941,483,5,2002,In Stock,2017-11-22,6459.02
2727,Artwork Title 1695,240,4,2005,In Stock,2024-03-09,5819.22
2728,Artwork Title 2312,294,5,2005,In Stock,2021-02-06,9944.78
2729,Artwork Title 19,185,2,2004,In Stock,2017-06-11,3825.9
2730,Artwork Title 477,150,7,2007,In Stock,2017-01-26,3411.26
2731,Artwork Title 2279,312,5,2008,In Stock,2018-03-15,6561.57
2732,Artwork Title 2389,469,4,2012,In Stock,2020-04-30,5878.43
2733,Artwork Title 1450,239,6,2014,In Stock,2017-06-26,4540.85
2734,Artwork Title 39,233,5,2010,In Stock,2015-07-09,6834.75
2735,Artwork Title 674,440,6,2006,In Stock,2015-05-28,3503.8
2736,Artwork Title 1387,343,1,2013,In Stock,2022-12-20,8643.52
2737,Artwork Title 2334,155,1,2015,In Stock,2023-06-22,6345.35
2738,Artwork Title 185,311,10,2008,In Stock,2025-12-15,2039.25
2739,Artwork Title 1082,225,7,2019,In Stock,2019-09-28,8199.99
2740,Artwork Title 979,203,7,2020,In Stock,2016-07-11,8416.81
2741,Artwork Title 1861,488,4,2007,In Stock,2015-06-26,6950.9
2742,Artwork Title 2569,274,7,2020,In Stock,2023-07-03,5804.9
2743,Artwork Title 398,154,1,2017,In Stock,2015-08-25,7121.76
2744,Artwork Title 2032,489,4,2004,In Stock,2022-03-14,9470.4
2745,Artwork Title 506,262,5,2000,In Stock,2016-06-22,5359.31
2746,Artwork Title 224,249,4,2014,In Stock,2021-07-12,9910.09
2747,Artwork Title 2208,435,3,2012,In Stock,2017-03-06,2529.67
2748,Artwork Title 2180,407,5,2016,In Stock,2025-12-02,1106.63
2749,Artwork Title 713,475,4,2013,In Stock,2020-02-20,4608.24
2750,Artwork Title 2165,436,2,2007,In Stock,2025-12-10,6218.91
2751,Artwork Title 923,179,8,2014,In Stock,2022-10-18,4219.78
2752,Artwork Title 2705,305,10,2002,In Stock,2021-11-27,8801.72
2753,Artwork Title 2053,304,6,2022,In Stock,2016-02-25,2436.21
2754,Artwork Title 569,252,8,2022,In Stock,2015-04-11,9943.39
2755,Artwork Title 13,213,6,2020,In Stock,2016-08-20,8428.94
2756,Artwork Title 2581,147,9,2013,In Stock,2016-12-06,7799.74
2757,Artwork Title 636,461,4,2006,In Stock,2017-09-21,8567.97
2758,Artwork Title 1192,478,10,2001,In Stock,2020-11-18,1205.15
2759,Artwork Title 572,468,6,2010,In Stock,2020-08-27,6905.55
2760,Artwork Title 679,483,8,2016,In Stock,2015-09-15,4197.38
2761,Artwork Title 1300,432,8,2000,In Stock,2023-12-28,1949.73
2762,Artwork Title 635,417,6,2005,In Stock,2023-09-07,4374.26
2763,Artwork Title 693,294,9,2007,In Stock,2016-10-04,4319.88
2764,Artwork Title 808,319,8,2010,In Stock,2018-08-19,7718.55
2765,Artwork Title 1176,148,2,2014,In Stock,2020-07-26,8140.51
2766,Artwork Title 2010,182,9,2002,In Stock,2018-03-30,6180.28
2767,Artwork Title 1568,327,3,2020,In Stock,2017-12-27,4435.02
2768,Artwork Title 4,128,7,2016,In Stock,2018-07-10,4319.27
2769,Artwork Title 946,464,10,2017,In Stock,2019-11-02,5951.23
2770,Artwork Title 1016,490,7,2004,In Stock,2022-01-10,1885.7
2771,Artwork Title 2619,162,3,2015,In Stock,2017-12-11,3947.37
2772,Artwork Title 1799,484,7,2004,In Stock,2025-12-24,1716.47
2773,Artwork Title 1055,273,1,2016,In Stock,2025-05-24,3331.41
2774,Artwork Title 2703,106,8,2011,In Stock,2019-01-21,6398.18
2775,Artwork Title 2504,258,9,2009,In Stock,2015-05-17,3829.47
2776,Artwork Title 2015,410,4,2015,In Stock,2025-04-24,4437.78
2777,Artwork Title 2397,378,4,2000,In Stock,2020-10-03,8953.3
2778,Artwork Title 2608,373,3,2001,In Stock,2025-05-13,3843.92
2779,Artwork Title 915,233,7,2005,In Stock,2020-11-09,1483.63
2780,Artwork Title 1306,376,8,2012,In Stock,2019-05-24,529.27
2781,Artwork Title 826,245,8,2008,In Stock,2016-11-26,5868.86
2782,Artwork Title 2027,196,8,2022,In Stock,2017-12-11,3496.49
2783,Artwork Title 1101,347,4,2014,In Stock,2024-01-20,3610.86
2784,Artwork Title 1988,395,10,2007,In Stock,2024-04-22,781.17
2785,Artwork Title 2179,397,5,2020,In Stock,2025-01-11,8629.48
2786,Artwork Title 750,161,9,2003,In Stock,2023-06-22,6082.55
2787,Artwork Title 2714,246,6,2013,In Stock,2025-11-03,4683.18
2788,Artwork Title 266,353,6,2007,In Stock,2017-01-12,5173.11
2789,Artwork Title 482,137,5,2015,In Stock,2021-08-26,3313.1
2790,Artwork Title 1461,318,7,2005,In Stock,2022-03-31,4210.57
2791,Artwork Title 10,422,6,2021,In Stock,2025-05-12,988.05
2792,Artwork Title 2668,299,3,2009,In Stock,2016-04-18,1458.77
2793,Artwork Title 731,179,7,2020,In Stock,2020-09-22,4197.61
2794,Artwork Title 628,242,5,2002,In Stock,2022-05-08,2972.53
2795,Artwork Title 1986,139,6,2001,In Stock,2018-06-09,1734.97
2796,Artwork Title 890,176,2,2008,In Stock,2021-03-18,3262.37
2797,Artwork Title 2286,487,5,2021,In Stock,2015-02-05,8411.25
2798,Artwork Title 2298,127,9,2018,In Stock,2016-02-08,1173.58
2799,Artwork Title 2543,396,4,2004,In Stock,2022-07-18,5382.67
2800,Artwork Title 2158,448,10,2020,In Stock,2017-05-02,4964.95
2801,Artwork Title 1742,195,10,2015,In Stock,2016-02-16,1814.27
2802,Artwork Title 2256,269,6,2010,In Stock,2018-07-15,4613.47
2803,Artwork Title 2564,384,8,2003,In Stock,2018-10-31,9516.18
2804,Artwork Title 1275,244,4,2017,In Stock,2019-03-22,4343.22
2805,Artwork Title 2435,394,10,2000,In Stock,2016-06-21,3487.3
2806,Artwork Title 16,114,3,2011,In Stock,2024-05-17,4655.01
2807,Artwork Title 2780,452,2,2003,In Stock,2025-03-24,1531.45
2808,Artwork Title 2135,449,4,2023,In Stock,2020-01-16,3618.12
2809,Artwork Title 1757,374,1,2003,In Stock,2019-10-26,4049.29
2810,Artwork Title 2699,433,2,2019,In Stock,2024-10-24,5906.05
2811,Artwork Title 1625,318,7,2022,In Stock,2021-05-07,2374.66
2812,Artwork Title 1830,495,4,2009,In Stock,2019-08-04,7522.04
2813,Artwork Title 1243,177,5,2011,In Stock,2023-05-02,4563.33
2814,Artwork Title 205,347,2,2019,In Stock,2017-02-23,998.84
2815,Artwork Title 773,192,6,2000,In Stock,2019-08-01,8302.16
2816,Artwork Title 62,172,5,2001,In Stock,2017-04-22,1369.53
2817,Artwork Title 672,143,4,2019,In Stock,2016-10-02,5741.86
2818,Artwork Title 2720,202,4,2014,In Stock,2021-06-20,9979.47
2819,Artwork Title 1801,112,1,2009,In Stock,2018-05-07,6023.39
2820,Artwork Title 1990,134,4,2004,In Stock,2016-11-12,2743.31
2821,Artwork Title 2260,354,4,2016,In Stock,2018-11-11,4236.61
2822,Artwork Title 1692,291,9,2017,In Stock,2020-04-25,5023.5
2823,Artwork Title 1838,209,2,2013,In Stock,2021-06-16,4704.12
2824,Artwork Title 2345,191,1,2011,In Stock,2020-01-05,6084.43
2825,Artwork Title 1086,419,9,2019,In Stock,2020-07-11,8214.89
2826,Artwork Title 1258,294,2,2011,In Stock,2021-09-08,6376.35
2827,Artwork Title 2402,209,6,2008,In Stock,2020-10-04,9254.84
2828,Artwork Title 2167,138,7,2015,In Stock,2023-05-13,6197.72
2829,Artwork Title 2249,128,8,2022,In Stock,2022-09-19,1218.44
2830,Artwork Title 1926,338,6,2006,In Stock,2025-12-13,4244.31
2831,Artwork Title 1149,298,4,2009,In Stock,2022-01-30,2242.51
2832,Artwork Title 581,249,6,2002,In Stock,2020-05-09,3294.58
2833,Artwork Title 119,440,1,2000,In Stock,2025-08-28,5410.43
2834,Artwork Title 82,165,10,2006,In Stock,2022-01-08,6041.46
2835,Artwork Title 396,456,10,2005,In Stock,2022-03-24,950.06
2836,Artwork Title 1380,176,8,2012,In Stock,2019-01-29,1970.79
2837,Artwork Title 2292,299,8,2007,In Stock,2021-02-07,5549.6
2838,Artwork Title 678,301,9,2010,In Stock,2015-02-21,3248.12
2839,Artwork Title 2253,285,5,2005,In Stock,2020-11-12,6011.36
2840,Artwork Title 1066,294,10,2011,In Stock,2023-02-07,3815.56
2841,Artwork Title 2023,267,6,2003,In Stock,2024-07-24,4102.81
2842,Artwork Title 2455,104,6,2003,In Stock,2018-07-01,6268.35
2843,Artwork Title 2437,376,5,2009,In Stock,2018-12-29,3506.07
2844,Artwork Title 619,468,2,2000,In Stock,2025-10-18,3459.56
2845,Artwork Title 837,241,10,2001,In Stock,2017-05-24,6904.23
2846,Artwork Title 338,229,9,2010,In Stock,2019-07-04,8269.71
2847,Artwork Title 2679,319,10,2021,In Stock,2020-03-14,2295.25
2848,Artwork Title 934,146,5,2001,In Stock,2021-05-27,598.01
2849,Artwork Title 2284,108,9,2001,In Stock,2025-08-22,3825.29
2850,Artwork Title 1540,186,4,2004,In Stock,2016-10-26,6284.44
2851,Artwork Title 2565,290,8,2020,In Stock,2021-04-21,4290.51
2852,Artwork Title 253,305,2,2005,In Stock,2017-08-02,3885.1
2853,Artwork Title 1158,149,6,2010,In Stock,2021-04-23,4874.96
2854,Artwork Title 927,362,7,2004,In Stock,2025-12-25,1370.2
2855,Artwork Title 784,204,9,2000,In Stock,2025-04-20,7900.22
2856,Artwork Title 1044,244,6,2012,In Stock,2025-07-10,1090.25
2857,Artwork Title 2198,330,4,2012,In Stock,2018-05-11,4884.76
2858,Artwork Title 2472,335,7,2005,In Stock,2024-09-06,6909.39
2859,Artwork Title 323,478,1,2020,In Stock,2021-03-26,8055.64
2860,Artwork Title 625,380,7,2000,In Stock,2024-05-05,2221.46
2861,Artwork Title 1485,429,1,2007,In Stock,2022-03-06,6182.76
2862,Artwork Title 2642,334,3,2009,In Stock,2018-10-18,6237.09
2863,Artwork Title 1960,149,9,2010,In Stock,2019-10-19,9386.75
2864,Artwork Title 2540,152,8,2000,In Stock,2018-09-06,1002.31
2865,Artwork Title 1263,101,7,2004,In Stock,2015-12-27,9627.16
2866,Artwork Title 218,182,5,2012,In Stock,2016-12-05,5752.26
2867,Artwork Title 2639,300,3,2019,In Stock,2024-09-28,3859.64
2868,Artwork Title 874,407,3,2014,In Stock,2017-01-13,3281.54
2869,Artwork Title 1179,464,4,2018,In Stock,2015-02-23,6589.08
2870,Artwork Title 1277,306,7,2020,In Stock,2019-12-06,2051.66
2871,Artwork Title 289,469,3,2009,In Stock,2015-05-22,9280.54
2872,Artwork Title 1727,284,9,2020,In Stock,2020-01-01,5713.1
2873,Artwork Title 2485,340,6,2012,In Stock,2019-07-19,5852.12
2874,Artwork Title 436,153,1,2017,In Stock,2022-12-29,5499.62
2875,Artwork Title 886,307,5,2000,In Stock,2016-09-18,887.07
2876,Artwork Title 268,142,10,2011,In Stock,2018-08-09,5288.37
2877,Artwork Title 1400,253,6,2001,In Stock,2019-11-05,8849.9
2878,Artwork Title 2262,219,1,2013,In Stock,2024-04-14,2766.42
2879,Artwork Title 2056,211,2,2008,In Stock,2015-09-25,1378.29
2880,Artwork Title 2221,421,9,2020,In Stock,2025-03-09,6680.88
2881,Artwork Title 1903,494,2,2018,In Stock,2018-04-09,5293.48
2882,Artwork Title 1739,291,2,2003,In Stock,2016-04-23,2596.82
2883,Artwork Title 1214,469,4,2005,In Stock,2023-04-24,7812.95
2884,Artwork Title 2658,235,2,2017,In Stock,2016-09-19,2709.07
2885,Artwork Title 2637,180,5,2000,In Stock,2022-06-06,1947.02
2886,Artwork Title 1956,409,7,2004,In Stock,2023-04-10,1414.34
2887,Artwork Title 737,332,3,2021,In Stock,2022-03-21,7735.71
2888,Artwork Title 1379,271,9,2007,In Stock,2024-05-06,8992.7
2889,Artwork Title 2541,462,6,2023,In Stock,2015-01-22,6436.68
2890,Artwork Title 1958,475,4,2018,In Stock,2022-10-07,5074.22
2891,Artwork Title 2109,442,2,2018,In Stock,2018-12-17,8626.56
2892,Artwork Title 1131,268,1,2015,In Stock,2025-05-01,3787.84
2893,Artwork Title 2426,499,4,2013,In Stock,2021-06-02,8953.42
2894,Artwork Title 1820,459,10,2008,In Stock,2021-07-04,3526.4
2895,Artwork Title 1947,481,4,2015,In Stock,2020-03-21,9189.4
2896,Artwork Title 646,320,4,2019,In Stock,2024-12-09,8307.54
2897,Artwork Title 524,170,6,2020,In Stock,2015-06-26,7182.41
2898,Artwork Title 247,360,8,2018,In Stock,2024-04-21,3590.53
2899,Artwork Title 2117,372,7,2020,In Stock,2016-05-27,9391.74
2900,Artwork Title 1940,117,1,2014,In Stock,2023-12-19,3632.13
2901,Artwork Title 2670,271,3,2014,In Stock,2016-08-28,9351.83
2902,Artwork Title 1655,282,1,2003,In Stock,2015-11-06,9933.35
2903,Artwork Title 534,418,3,2018,In Stock,2025-07-30,2531.33
2904,Artwork Title 1501,408,4,2015,In Stock,2024-07-22,6742.06
2905,Artwork Title 583,395,4,2015,In Stock,2023-03-02,3814.46
2906,Artwork Title 2055,204,6,2011,In Stock,2022-10-06,5504.06
2907,Artwork Title 2001,481,8,2021,In Stock,2015-12-24,8207.39
2908,Artwork Title 1685,200,4,2006,In Stock,2022-08-11,7738.55
2909,Artwork Title 2566,116,9,2004,In Stock,2022-07-13,3694.3
2910,Artwork Title 379,205,2,2002,In Stock,2015-06-07,3259.63
2911,Artwork Title 974,379,8,2001,In Stock,2022-10-12,3995.74
2912,Artwork Title 1670,129,8,2005,In Stock,2024-10-16,9387.76
2913,Artwork Title 34,310,5,2007,In Stock,2023-01-26,5168.83
2914,Artwork Title 443,127,2,2011,In Stock,2018-12-24,5776.53
2915,Artwork Title 2456,221,2,2004,In Stock,2024-06-27,3869.18
2916,Artwork Title 1586,421,9,2022,In Stock,2023-11-17,7213.9
2917,Artwork Title 1657,327,2,2015,In Stock,2016-06-25,9991.54
2918,Artwork Title 61,138,3,2019,In Stock,2016-08-10,5297.0
2919,Artwork Title 2200,289,10,2001,In Stock,2022-09-11,9666.6
2920,Artwork Title 2255,112,1,2021,In Stock,2017-06-24,6848.54
2921,Artwork Title 563,353,7,2023,In Stock,2018-10-11,731.12
2922,Artwork Title 1745,175,1,2022,In Stock,2017-05-18,9963.23
2923,Artwork Title 1546,289,4,2021,In Stock,2019-02-24,4484.51
2924,Artwork Title 1259,318,10,2019,In Stock,2024-01-03,8162.1
2925,Artwork Title 2452,144,9,2004,In Stock,2017-12-09,5324.7
2926,Artwork Title 102,398,2,2005,In Stock,2023-11-14,1345.92
2927,Artwork Title 870,213,6,2018,In Stock,2018-10-24,8020.19
2928,Artwork Title 1425,332,3,2012,In Stock,2019-09-09,4530.54
2929,Artwork Title 723,473,8,2022,In Stock,2022-01-16,6865.91
2930,Artwork Title 1536,356,9,2012,In Stock,2018-11-09,1333.71
2931,Artwork Title 1648,103,6,2015,In Stock,2015-02-17,9195.56
2932,Artwork Title 2416,235,8,2020,In Stock,2018-01-02,4040.43
2933,Artwork Title 2147,161,4,2004,In Stock,2015-02-04,3641.9
2934,Artwork Title 2305,465,9,2010,In Stock,2018-03-18,4439.26
2935,Artwork Title 2216,239,5,2000,In Stock,2023-10-26,1143.11
2936,Artwork Title 2787,277,5,2009,In Stock,2023-05-16,4240.39
2937,Artwork Title 2102,162,7,2023,In Stock,2023-09-10,1557.98
2938,Artwork Title 421,480,10,2006,In Stock,2025-04-29,524.03
2939,Artwork Title 614,410,6,2009,In Stock,2018-01-28,5037.49
2940,Artwork Title 936,131,9,2010,In Stock,2018-04-11,1015.44
2941,Artwork Title 1713,468,1,2023,In Stock,2020-03-09,6642.07
2942,Artwork Title 453,260,8,2005,In Stock,2024-03-19,7941.31
2943,Artwork Title 1146,455,7,2011,In Stock,2022-01-23,4215.03
2944,Artwork Title 1288,411,4,2017,In Stock,2020-01-17,3567.46
2945,Artwork Title 123,360,9,2019,In Stock,2015-12-08,5634.16
2946,Artwork Title 14,394,3,2004,In Stock,2023-11-26,9760.34
2947,Artwork Title 2428,206,6,2020,In Stock,2017-12-03,3815.8
2948,Artwork Title 954,499,2,2020,In Stock,2023-12-16,4049.94
2949,Artwork Title 157,380,3,2005,In Stock,2015-07-30,1420.79
2950,Artwork Title 2781,220,7,2017,In Stock,2017-08-02,595.2
2951,Artwork Title 1556,193,1,2016,In Stock,2023-07-16,1922.08
2952,Artwork Title 1492,363,9,2015,In Stock,2015-12-24,7375.51
2953,Artwork Title 1394,491,7,2012,In Stock,2016-11-27,5135.3
2954,Artwork Title 20,240,6,2011,In Stock,2015-08-03,4757.86
2955,Artwork Title 1162,468,9,2002,In Stock,2015-09-13,3128.99
2956,Artwork Title 1050,491,10,2021,In Stock,2023-09-01,2975.86
2957,Artwork Title 2124,267,2,2022,In Stock,2017-10-22,6672.68
2958,Artwork Title 1220,341,8,2021,In Stock,2025-10-06,1770.1
2959,Artwork Title 1975,147,6,2020,In Stock,2017-12-06,7694.45
2960,Artwork Title 1134,232,5,2017,In Stock,2022-02-24,8784.08
2961,Artwork Title 257,500,10,2017,In Stock,2025-04-03,1352.33
2962,Artwork Title 2690,277,6,2016,In Stock,2016-02-12,9974.89
2963,Artwork Title 1004,409,3,2013,In Stock,2022-02-16,5863.47
2964,Artwork Title 1733,155,3,2009,In Stock,2016-06-01,5033.73
2965,Artwork Title 1203,178,8,2017,In Stock,2016-04-22,8936.19
2966,Artwork Title 303,389,6,2014,In Stock,2016-02-13,4413.82
2967,Artwork Title 1030,163,4,2009,In Stock,2016-11-08,6390.87
2968,Artwork Title 2155,239,9,2017,In Stock,2017-08-04,7359.44
2969,Artwork Title 1968,187,7,2003,In Stock,2018-01-21,9548.83
2970,Artwork Title 776,349,10,2009,In Stock,2017-02-23,4336.4
2971,Artwork Title 633,112,3,2004,In Stock,2022-06-30,2388.9
2972,Artwork Title 2235,329,2,2003,In Stock,2018-11-25,6285.31
2973,Artwork Title 1862,262,8,2021,In Stock,2020-09-05,1340.94
2974,Artwork Title 2325,447,4,2014,In Stock,2016-10-09,8685.99
2975,Artwork Title 741,263,6,2010,In Stock,2018-05-13,4286.25
2976,Artwork Title 169,433,5,2007,In Stock,2024-06-12,5321.58
2977,Artwork Title 855,344,2,2023,In Stock,2016-09-29,8491.16
2978,Artwork Title 217,447,4,2023,In Stock,2019-02-02,9000.04
2979,Artwork Title 1945,444,7,2010,In Stock,2022-09-01,5065.84
2980,Artwork Title 1804,132,10,2013,In Stock,2019-01-16,8226.8
2981,Artwork Title 1570,453,7,2019,In Stock,2022-06-13,4976.67
2982,Artwork Title 107,429,5,2006,In Stock,2019-11-19,969.81
2983,Artwork Title 1449,288,6,2016,In Stock,2018-03-14,6191.09
2984,Artwork Title 2519,369,6,2022,In Stock,2019-12-05,2890.56
2985,Artwork Title 24,442,2,2018,In Stock,2019-06-20,4891.35
2986,Artwork Title 944,289,6,2022,In Stock,2017-05-19,2056.38
2987,Artwork Title 416,372,6,2009,In Stock,2016-11-06,4635.48
2988,Artwork Title 1871,145,10,2003,In Stock,2018-06-15,3663.14
2989,Artwork Title 104,167,2,2018,In Stock,2018-03-30,2766.93
2990,Artwork Title 2184,271,5,2018,In Stock,2016-09-21,9961.67
