transaction_id,artwork_id,customer_id,gallery_id,sale_date,sale_price,payment_method
1001,1327,484,2,2025-05-31,5962.74,Cash
1002,1660,411,1,2025-03-17,1537.3,Cash
1003,1061,715,5,2022-03-02,2192.87,Cash
1004,1495,590,2,2023-07-08,892.43,Wire Transfer
1005,1331,595,5,2022-02-20,8187.76,Wire Transfer
1006,1296,751,3,2022-05-30,5741.2,Debit Card
1007,1925,692,5,2024-05-28,3509.11,Credit Card
1008,1245,515,3,2025-06-29,1700.28,Credit Card
1009,1839,762,2,2022-06-24,5098.44,Debit Card
1010,322,420,3,2023-10-21,5489.98,Debit Card
1011,667,682,2,2025-08-22,7168.51,Credit Card
1012,1439,355,2,2025-04-03,9714.4,Cash
1013,531,327,4,2024-01-29,4631.98,Credit Card
1014,1683,418,2,2025-01-31,4357.32,Cash
1015,288,521,3,2024-02-03,4014.34,Wire Transfer
1016,1597,531,4,2022-08-19,8355.78,Credit Card
1017,1324,353,4,2022-07-02,1985.01,Credit Card
1018,1072,595,2,2022-10-03,3766.22,Wire Transfer
1019,1888,621,5,2023-05-28,7387.22,Wire Transfer
1020,331,701,5,2025-09-20,649.1,Wire Transfer
1021,1886,533,4,2025-03-13,3249.12,Wire Transfer
1022,1533,458,2,2023-09-24,6593.75,Wire Transfer
1023,970,737,5,2023-12-21,2266.54,Debit Card
1024,544,569,2,2023-01-23,3375.75,Debit Card
1025,1716,321,2,2024-10-25,5117.43,Wire Transfer
1026,1638,703,4,2025-03-18,4509.22,Wire Transfer
1027,1006,353,4,2022-12-15,1507.26,Wire Transfer
1028,586,575,1,2022-03-03,9413.24,Wire Transfer
1029,1416,613,5,2024-06-29,920.78,Cash
1030,1156,581,5,2024-04-01,7622.56,Cash
1031,477,514,5,2023-08-11,1178.52,Wire Transfer
1032,1385,331,3,2024-07-29,4939.31,Wire Transfer
1033,660,637,2,2024-03-14,2166.41,Credit Card
1034,1538,483,4,2023-01-01,1840.43,Wire Transfer
1035,222,323,5,2023-08-04,1696.03,Wire Transfer
1036,453,332,1,2023-09-18,4801.47,Debit Card
1037,948,746,5,2025-07-09,5397.11,Cash
1038,1057,374,2,2025-11-03,1767.15,Wire Transfer
1039,1785,310,2,2025-07-27,9804.26,Cash
1040,675,784,4,2024-11-15,2948.78,Cash
1041,1283,756,3,2024-05-04,4858.99,Credit Card
1042,711,354,4,2024-10-03,2554.56,Cash
1043,1906,352,5,2025-10-03,5192.27,Cash
1044,1700,448,1,2022-12-31,7682.16,Wire Transfer
1045,900,460,4,2024-02-21,5450.47,Debit Card
1046,1176,670,3,2024-10-03,3213.66,Wire Transfer
1047,2007,314,4,2024-09-18,2859.77,Wire Transfer
1048,390,478,2,2023-01-04,7709.88,Debit Card
1049,1158,712,5,2024-05-06,1623.26,Debit Card
1050,887,666,5,2025-03-08,4014.68,Credit Card
1051,1158,800,5,2023-11-25,1939.09,Debit Card
1052,763,353,5,2025-03-04,2950.77,Wire Transfer
1053,2100,708,5,2023-06-10,1950.49,Debit Card
1054,1791,635,5,2025-10-02,8924.34,Debit Card
1055,1468,322,1,2024-02-19,7453.09,Debit Card
1056,1032,330,3,2024-05-20,5828.81,Cash
1057,1729,491,5,2022-02-15,2632.04,Credit Card
1058,1355,560,3,2022-09-06,5347.15,Cash
1059,1709,505,5,2024-07-13,5447.92,Cash
1060,2043,359,4,2023-09-06,6108.84,Credit Card
1061,847,771,5,2024-01-12,1070.81,Cash
1062,221,564,2,2022-04-02,9742.57,Debit Card
1063,1041,766,1,2025-05-02,4921.67,Credit Card
1064,367,312,4,2025-02-19,9302.05,Cash
1065,1498,419,4,2022-09-28,593.18,Wire Transfer
1066,588,715,2,2024-07-15,2851.8,Cash
1067,801,762,5,2025-04-09,1487.96,Wire Transfer
1068,516,590,1,2024-07-24,7811.35,Debit Card
1069,214,638,4,2023-03-30,3541.19,Wire Transfer
1070,442,548,1,2024-08-15,8484.68,Cash
1071,977,654,4,2022-11-04,8407.66,Cash
1072,1570,427,5,2023-04-10,6844.05,Cash
1073,765,375,4,2022-12-17,6824.93,Credit Card
1074,1098,661,4,2024-03-24,7151.52,Credit Card
1075,1564,504,3,2022-06-08,6900.76,Cash
1076,292,349,5,2025-09-24,4175.63,Cash
1077,1591,379,2,2023-05-02,6986.86,Debit Card
1078,1156,741,2,2022-11-16,9025.37,Credit Card
1079,1679,779,5,2023-12-26,3659.45,Credit Card
1080,1652,541,2,2023-02-09,9476.45,Credit Card
1081,709,649,5,2024-02-20,629.03,Wire Transfer
1082,976,454,2,2023-05-24,3816.28,Cash
1083,2167,574,3,2022-07-12,1754.93,Debit Card
1084,235,396,2,2023-01-24,1702.89,Debit Card
1085,406,514,4,2023-10-03,8246.58,Cash
1086,1305,594,5,2022-02-14,9224.5,Cash
1087,2156,509,1,2025-01-30,7888.7,Debit Card
1088,1786,643,1,2024-06-26,9777.85,Wire Transfer
1089,2096,388,5,2024-05-27,2555.13,Debit Card
1090,1612,606,3,2024-03-08,1837.6,Wire Transfer
1091,1226,564,2,2024-05-11,5446.69,Wire Transfer
1092,1222,725,3,2025-09-26,8375.86,Credit Card
1093,1614,690,1,2022-01-13,878.47,Cash
1094,766,625,5,2022-03-11,9957.87,Credit Card
1095,1330,728,5,2022-10-07,6221.34,Wire Transfer
1096,1996,677,3,2022-09-02,9799.95,Debit Card
1097,2046,620,3,2022-09-22,3968.28,Credit Card
1098,1701,457,2,2024-09-08,4851.23,Debit Card
1099,903,456,4,2023-11-02,7647.43,Wire Transfer
1100,602,439,4,2025-12-18,8030.65,Debit Card
1101,930,421,2,2022-11-28,2713.81,Credit Card
1102,1780,365,4,2023-03-30,9333.11,Wire Transfer
1103,362,407,1,2025-12-07,8740.52,Cash
1104,402,447,4,2025-04-29,672.95,Credit Card
1105,2182,437,2,2023-11-17,1721.4,Credit Card
1106,1196,711,4,2024-03-20,5212.92,Cash
1107,470,462,5,2025-05-16,4879.08,Wire Transfer
1108,2087,728,3,2023-12-04,7229.71,Cash
1109,1016,752,1,2022-10-28,1352.26,Credit Card
1110,1495,400,5,2025-04-24,6626.13,Wire Transfer
1111,656,638,5,2024-02-25,6355.51,Debit Card
1112,1686,699,2,2022-08-12,2719.39,Credit Card
1113,1951,607,3,2024-01-09,5652.74,Debit Card
1114,1476,441,3,2023-08-27,2610.97,Cash
1115,1217,383,1,2025-07-04,1895.77,Wire Transfer
1116,1926,477,2,2022-07-04,5944.78,Cash
1117,496,498,1,2025-07-01,9786.01,Debit Card
1118,1949,412,4,2024-01-18,2750.87,Credit Card
1119,920,356,5,2023-08-14,3875.69,Wire Transfer
1120,1973,760,1,2022-08-25,2937.45,Cash
1121,538,479,5,2024-10-20,3031.37,Debit Card
1122,1079,721,2,2025-09-15,4339.83,Debit Card
1123,1277,701,4,2023-07-03,7167.63,Credit Card
1124,992,486,2,2022-12-19,868.64,Debit Card
1125,2146,771,4,2024-03-21,9592.68,Wire Transfer
1126,417,518,4,2025-03-08,939.66,Debit Card
1127,964,713,5,2022-01-06,8871.91,Credit Card
1128,388,717,2,2024-07-10,8996.59,Cash
1129,580,616,2,2024-05-20,5482.65,Wire Transfer
1130,693,775,1,2023-04-10,1801.47,Cash
1131,1265,517,2,2023-10-22,5868.89,Cash
1132,1381,420,1,2022-12-27,6472.01,Debit Card
1133,215,739,3,2025-02-27,8648.71,Debit Card
1134,2037,694,3,2024-07-15,5733.51,Credit Card
1135,265,475,3,2024-02-17,4401.74,Debit Card
1136,2081,323,2,2023-07-28,8463.77,Debit Card
1137,2063,513,2,2023-03-02,9819.04,Cash
1138,721,705,1,2025-04-16,6628.48,Wire Transfer
1139,1568,535,4,2023-10-22,8806.68,Debit Card
1140,1353,313,1,2024-01-03,6187.98,Wire Transfer
1141,848,401,3,2024-01-31,7052.99,Debit Card
1142,1696,717,1,2023-10-17,7037.59,Debit Card
1143,1287,324,4,2023-01-09,7195.48,Credit Card
1144,1363,664,2,2022-06-25,3549.63,Debit Card
1145,1723,311,1,2022-05-24,5968.78,Credit Card
1146,793,573,3,2025-01-10,6144.29,Cash
1147,592,752,3,2022-11-23,3493.18,Wire Transfer
1148,1899,731,2,2022-03-23,3823.6,Debit Card
1149,619,581,1,2025-03-10,7741.34,Credit Card
1150,489,394,4,2022-08-13,6035.88,Cash
1151,579,501,2,2024-07-01,1917.51,Debit Card
1152,1997,321,1,2023-05-10,8457.55,Credit Card
1153,1714,640,5,2022-07-04,8889.59,Credit Card
1154,431,767,3,2023-08-29,4928.34,Cash
1155,1218,511,4,2022-01-22,2484.62,Debit Card
1156,241,440,4,2025-05-12,9502.26,Debit Card
1157,1252,593,4,2024-01-20,8881.56,Wire Transfer
1158,335,598,3,2022-07-23,2821.63,Debit Card
1159,401,701,1,2022-12-12,1408.14,Credit Card
1160,2064,401,2,2023-10-17,4686.21,Wire Transfer
1161,980,604,1,2022-10-03,6925.77,Wire Transfer
1162,1130,659,2,2023-01-28,2166.19,Debit Card
1163,1257,328,4,2024-02-20,5375.52,Wire Transfer
1164,1272,341,1,2025-04-30,4541.45,Credit Card
1165,703,655,4,2023-08-10,8960.24,Credit Card
1166,607,603,5,2024-11-12,4580.88,Cash
1167,1798,796,4,2025-07-03,5570.88,Credit Card
1168,1952,446,4,2022-11-12,9575.22,Cash
1169,1005,556,2,2025-03-24,3347.07,Wire Transfer
1170,299,762,5,2025-01-10,3245.41,Cash
1171,884,527,4,2023-06-06,8096.15,Debit Card
1172,2096,536,4,2025-12-15,3136.62,Cash
1173,926,661,5,2023-01-19,8402.73,Debit Card
1174,1771,680,5,2023-01-08,1407.59,Wire Transfer
1175,1161,755,1,2025-02-01,1556.98,Cash
1176,1963,789,2,2023-09-27,9062.57,Credit Card
1177,813,313,5,2023-04-28,5637.72,Debit Card
1178,2167,510,5,2022-09-18,7328.74,Wire Transfer
1179,1686,529,3,2025-01-22,2640.24,Credit Card
1180,843,697,5,2025-02-22,2079.61,Debit Card
1181,1993,400,2,2024-04-07,8432.07,Wire Transfer
1182,1229,331,4,2025-10-29,3906.92,Wire Transfer
1183,1442,686,4,2023-04-10,4822.81,Credit Card
1184,703,316,4,2022-11-17,765.73,Wire Transfer
1185,967,437,4,2024-09-16,4165.87,Cash
1186,598,629,3,2025-01-12,7819.16,Wire Transfer
1187,1071,466,5,2022-11-25,8302.11,Debit Card
1188,995,759,4,2022-04-22,7138.17,Debit Card
1189,593,610,1,2025-03-29,7075.71,Debit Card
1190,407,740,4,2025-11-26,5309.27,Cash
1191,1239,770,5,2024-07-30,5614.13,Credit Card
1192,2082,781,4,2023-02-10,7555.0,Cash
1193,1778,400,3,2025-12-26,2849.37,Cash
1194,1092,409,2,2025-07-28,2699.41,Cash
1195,1685,643,2,2024-01-20,9524.29,Wire Transfer
1196,1915,473,5,2025-04-19,763.05,Credit Card
1197,1799,537,2,2025-04-06,1824.92,Wire Transfer
1198,1064,462,2,2025-09-26,5918.16,Cash
1199,943,693,1,2025-05-12,7509.43,Debit Card
1200,1465,516,5,2024-07-28,5609.97,Cash
1201,764,564,5,2024-06-08,3873.11,Credit Card
1202,1221,563,2,2023-11-14,9790.77,Debit Card
1203,296,592,2,2024-07-03,7186.6,Credit Card
1204,2124,574,2,2025-03-07,8398.21,Cash
1205,1958,303,3,2025-11-15,882.35,Credit Card
1206,685,328,4,2023-11-14,2741.24,Wire Transfer
1207,1631,626,3,2024-04-17,4054.63,Debit Card
1208,431,792,5,2023-10-12,2234.71,Credit Card
1209,949,728,1,2024-09-02,1192.54,Debit Card
1210,1879,449,4,2024-07-08,2638.37,Debit Card
1211,1395,328,1,2022-01-27,5569.54,Cash
1212,741,788,5,2024-03-01,7109.58,Cash
1213,1260,610,5,2022-05-10,7853.2,Debit Card
1214,725,738,1,2022-02-08,907.89,Credit Card
1215,1384,365,1,2025-03-01,4565.87,Debit Card
1216,2063,656,1,2023-01-13,1661.01,Cash
1217,1923,321,5,2023-05-13,4596.4,Credit Card
1218,1467,552,2,2022-04-04,4622.77,Debit Card
1219,1310,535,1,2022-09-20,5233.01,Cash
1220,2020,527,4,2025-01-22,8981.89,Debit Card
1221,778,313,5,2023-12-22,8148.41,Debit Card
1222,882,613,3,2025-07-09,6548.85,Debit Card
1223,757,349,3,2023-08-03,8911.37,Credit Card
1224,1798,418,4,2023-01-28,6945.45,Cash
1225,2177,354,2,2023-05-23,8279.12,Cash
1226,1213,438,1,2024-11-06,5855.89,Wire Transfer
1227,846,353,5,2024-03-21,5489.57,Debit Card
1228,996,344,1,2025-08-13,7378.92,Debit Card
1229,1252,603,5,2024-05-29,687.05,Wire Transfer
1230,1844,353,3,2023-12-21,7058.59,Debit Card
1231,1780,374,1,2025-02-21,9377.92,Credit Card
1232,1564,346,4,2025-10-15,7282.45,Wire Transfer
1233,2022,313,2,2023-06-04,849.54,Cash
1234,2182,465,4,2022-12-31,4089.91,Debit Card
1235,1555,402,2,2024-06-18,8191.02,Cash
1236,1864,580,1,2023-12-30,9606.78,Debit Card
1237,1730,558,1,2025-12-15,4016.55,Wire Transfer
1238,1572,770,2,2023-11-07,8491.34,Cash
1239,1697,637,3,2022-04-19,8706.19,Debit Card
1240,1455,656,5,2025-11-27,1671.22,Credit Card
1241,390,698,4,2025-05-16,8534.99,Wire Transfer
1242,1449,438,4,2022-09-18,3580.37,Debit Card
1243,1609,463,4,2025-08-13,6135.76,Debit Card
1244,1601,709,1,2023-05-13,5620.14,Debit Card
1245,1507,687,4,2023-07-05,6799.01,Wire Transfer
1246,2182,411,5,2025-08-16,7534.41,Debit Card
1247,833,402,5,2024-02-13,4688.37,Debit Card
1248,828,317,2,2022-07-21,8938.95,Cash
1249,1173,568,1,2023-06-23,8190.24,Cash
1250,1969,482,5,2024-11-20,7961.5,Wire Transfer
1251,1483,672,3,2022-09-12,4853.34,Wire Transfer
1252,1583,324,1,2024-05-11,856.94,Credit Card
1253,910,329,1,2024-10-12,5176.44,Debit Card
1254,1680,471,5,2023-05-18,9035.23,Cash
1255,1635,709,3,2024-10-10,2309.28,Cash
1256,849,528,2,2025-07-14,9834.63,Debit Card
1257,518,678,5,2023-11-21,8173.06,Debit Card
1258,1901,488,3,2023-07-14,7243.38,Wire Transfer
1259,1449,646,1,2023-01-02,6933.02,Credit Card
1260,2043,530,3,2024-06-01,6076.75,Credit Card
1261,1458,621,1,2025-07-08,7346.37,Wire Transfer
1262,884,640,5,2023-04-20,4508.1,Wire Transfer
1263,864,419,5,2023-08-02,8530.24,Cash
1264,2199,456,4,2023-08-17,7115.29,Wire Transfer
1265,2051,572,4,2024-03-29,7826.9,Credit Card
1266,1598,475,4,2022-11-30,8028.63,Cash
1267,1896,765,5,2025-04-15,1374.67,Credit Card
1268,1832,404,2,2023-03-08,1028.59,Debit Card
1269,1696,392,5,2024-10-26,8109.37,Credit Card
1270,1457,486,3,2024-01-20,2964.15,Cash
1271,1916,760,5,2024-05-05,6028.71,Credit Card
1272,1337,583,5,2022-09-20,4715.25,Cash
1273,2054,481,1,2024-12-09,709.37,Cash
1274,1721,470,1,2022-10-03,882.67,Wire Transfer
1275,642,487,1,2022-06-15,8357.69,Credit Card
1276,764,475,5,2024-03-09,6272.94,Wire Transfer
1277,1492,522,2,2024-11-01,5476.51,Wire Transfer
1278,1734,533,3,2022-03-15,9471.34,Credit Card
1279,2031,462,3,2022-04-12,2144.59,Cash
1280,1610,721,2,2025-03-17,2950.72,Debit Card
1281,1611,434,2,2025-03-27,7689.02,Credit Card
1282,1337,691,3,2022-12-25,7864.73,Wire Transfer
1283,1837,780,4,2024-06-17,4346.52,Wire Transfer
1284,1849,524,1,2023-10-10,9534.3,Cash
1285,1152,453,1,2024-07-12,9413.42,Wire Transfer
1286,1305,333,3,2025-06-13,617.89,Debit Card
1287,899,355,2,2022-04-27,2137.12,Wire Transfer
1288,313,742,4,2025-02-09,8292.08,Cash
1289,202,307,3,2023-12-21,3684.56,Credit Card
1290,842,544,1,2024-04-03,1406.9,Cash
1291,420,613,5,2024-08-12,7957.49,Wire Transfer
1292,1790,426,2,2025-09-09,4818.54,Cash
1293,1055,312,5,2022-03-24,5177.9,Wire Transfer
1294,1960,316,3,2022-02-13,2270.51,Cash
1295,1449,508,1,2022-09-18,6778.5,Credit Card
1296,585,343,4,2025-12-11,5736.79,Wire Transfer
1297,1627,673,5,2024-11-10,2463.39,Debit Card
1298,1862,784,4,2024-06-16,3733.15,Debit Card
1299,1354,761,1,2022-03-10,6170.35,Debit Card
1300,1277,435,5,2025-07-07,9286.29,Debit Card
1301,1908,528,4,2025-04-01,9243.58,Wire Transfer
1302,930,411,4,2024-08-28,3235.11,Wire Transfer
1303,1896,607,5,2023-05-11,7488.4,Credit Card
1304,1934,757,1,2022-04-13,7867.43,Cash
1305,1640,460,4,2024-04-26,8183.82,Wire Transfer
1306,447,631,3,2024-11-16,5922.24,Debit Card
1307,1036,564,5,2022-05-18,599.83,Wire Transfer
1308,1663,525,2,2024-07-14,7735.92,Debit Card
1309,403,771,2,2023-02-23,1512.68,Credit Card
1310,1408,517,1,2025-01-20,1610.28,Cash
1311,323,756,3,2024-02-27,6253.44,Wire Transfer
1312,601,345,4,2022-07-08,9843.44,Cash
1313,967,514,2,2024-02-08,2804.12,Debit Card
1314,494,359,1,2023-08-01,6635.2,Debit Card
1315,480,432,3,2022-09-21,3384.71,Cash
1316,2061,404,3,2025-05-13,9037.9,Credit Card
1317,1084,495,1,2022-01-17,6138.41,Cash
1318,1834,713,1,2023-04-01,2471.03,Cash
1319,398,789,4,2022-01-19,2990.24,Wire Transfer
1320,1182,457,1,2022-05-21,4608.57,Wire Transfer
1321,2131,398,4,2023-03-10,1659.41,Debit Card
1322,1735,526,4,2022-03-21,1247.97,Wire Transfer
1323,952,712,5,2024-05-21,6960.58,Credit Card
1324,344,505,3,2022-05-07,4368.07,Credit Card
1325,809,379,3,2024-10-21,7399.15,Credit Card
1326,1425,424,3,2022-03-18,1545.55,Debit Card
1327,1348,771,5,2022-03-28,6293.72,Credit Card
1328,387,728,4,2023-03-22,4711.41,Credit Card
1329,1550,518,4,2025-08-01,1050.99,Wire Transfer
1330,664,304,1,2024-07-25,5675.62,Debit Card
1331,1573,390,5,2025-01-29,1286.64,Cash
1332,1995,404,1,2022-07-26,8363.34,Credit Card
1333,860,693,5,2025-05-02,6503.6,Wire Transfer
1334,964,419,1,2022-01-12,5791.19,Cash
1335,1155,433,2,2022-11-08,1767.96,Credit Card
1336,2156,612,3,2024-06-18,3230.84,Cash
1337,603,396,3,2023-07-02,5182.32,Cash
1338,1570,768,4,2025-12-07,6516.19,Debit Card
1339,2187,734,2,2022-02-14,2240.69,Debit Card
1340,1735,631,3,2025-12-28,584.23,Credit Card
1341,347,443,4,2024-06-29,3775.22,Credit Card
1342,1372,588,2,2024-03-26,5087.28,Debit Card
1343,1064,328,3,2022-03-28,2252.12,Credit Card
1344,1935,578,1,2023-02-04,5175.57,Credit Card
1345,2044,533,5,2025-09-12,3715.62,Debit Card
1346,689,317,2,2023-06-02,4823.35,Cash
1347,1129,359,4,2024-08-24,3800.85,Credit Card
1348,2160,390,2,2025-12-30,6470.44,Wire Transfer
1349,1864,792,4,2023-01-20,907.52,Debit Card
1350,751,499,2,2024-04-21,2123.6,Credit Card
1351,538,662,4,2024-10-13,4611.13,Credit Card
1352,1072,741,3,2022-08-29,3884.82,Debit Card
1353,841,326,1,2022-08-06,4220.5,Wire Transfer
1354,2003,325,3,2023-10-29,8135.73,Wire Transfer
1355,2177,694,1,2023-07-18,8920.15,Debit Card
1356,673,601,3,2024-11-08,2862.35,Wire Transfer
1357,2170,639,3,2022-04-12,8445.72,Credit Card
1358,351,567,2,2025-11-20,4858.5,Wire Transfer
1359,1639,761,5,2022-01-21,3101.3,Credit Card
1360,1522,481,4,2024-05-27,9861.83,Cash
1361,1835,756,4,2024-04-01,8335.62,Wire Transfer
1362,463,660,4,2022-07-16,9945.41,Cash
1363,1988,368,1,2022-08-09,2097.81,Debit Card
1364,344,795,4,2025-03-03,1866.51,Wire Transfer
1365,546,651,4,2025-07-19,5282.09,Credit Card
1366,824,712,2,2023-02-18,6567.12,Wire Transfer
1367,1217,759,3,2023-10-02,2125.07,Debit Card
1368,1796,791,4,2023-06-03,8674.09,Debit Card
1369,1081,621,5,2022-04-16,5554.13,Credit Card
1370,202,349,4,2024-09-09,4403.95,Wire Transfer
1371,1097,475,1,2025-04-19,6219.51,Cash
1372,1528,352,1,2023-03-22,6532.06,Debit Card
1373,454,402,1,2025-12-16,906.44,Debit Card
1374,1876,516,4,2022-04-21,9998.98,Credit Card
1375,653,738,2,2024-08-24,3957.24,Wire Transfer
1376,1261,488,5,2023-10-17,1084.66,Cash
1377,1384,357,4,2023-10-15,8597.07,Wire Transfer
1378,1215,347,2,2023-10-31,9933.68,Wire Transfer
1379,209,459,2,2023-01-13,8255.41,Cash
1380,1457,789,4,2024-11-10,8592.88,Credit Card
1381,1323,474,4,2024-11-19,6446.38,Debit Card
1382,1883,542,2,2023-02-17,9262.09,Credit Card
1383,1016,582,2,2025-05-04,839.52,Credit Card
1384,408,541,2,2023-04-08,7783.88,Wire Transfer
1385,1355,670,4,2024-11-24,6871.75,Cash
1386,604,305,2,2022-06-26,971.06,Debit Card
1387,352,384,1,2022-09-04,5667.75,Wire Transfer
1388,254,608,4,2023-04-07,5393.07,Debit Card
1389,1344,661,1,2024-05-17,7069.58,Wire Transfer
1390,1897,759,3,2024-07-31,1236.55,Cash
1391,2144,548,4,2023-08-02,8150.15,Debit Card
1392,828,354,3,2022-04-24,1824.33,Debit Card
1393,787,461,2,2023-06-30,4477.31,Credit Card
1394,1849,734,2,2024-10-02,8872.24,Wire Transfer
1395,2192,722,5,2024-09-06,5825.05,Wire Transfer
1396,1644,711,2,2022-08-22,4106.11,Wire Transfer
1397,1646,526,3,2022-01-12,957.92,Credit Card
1398,304,315,2,2025-01-04,6886.6,Credit Card
1399,2076,524,4,2022-06-05,9872.19,Debit Card
1400,454,361,2,2022-05-01,9162.07,Wire Transfer
1401,1451,422,5,2022-01-04,7314.31,Wire Transfer
1402,1336,577,2,2023-09-24,1500.28,Debit Card
1403,710,346,3,2024-01-05,2774.68,Debit Card
1404,1697,753,3,2024-07-19,2275.07,Debit Card
1405,299,690,2,2023-03-09,3876.89,Cash
1406,353,594,3,2024-11-03,2737.41,Cash
1407,2085,362,3,2022-09-05,2822.17,Debit Card
1408,1114,386,5,2025-04-29,6358.93,Credit Card
1409,2120,746,4,2024-04-14,3527.68,Credit Card
1410,1078,510,5,2024-05-02,6933.05,Wire Transfer
1411,538,378,1,2022-11-03,9504.95,Cash
1412,1930,502,5,2022-04-19,6565.54,Cash
1413,1022,602,2,2023-11-10,7640.74,Debit Card
1414,1387,697,4,2024-06-17,7640.01,Debit Card
1415,1944,523,2,2022-05-19,3641.68,Debit Card
1416,1157,522,1,2025-10-19,642.1,Debit Card
1417,1905,303,4,2025-12-02,1022.96,Debit Card
1418,361,778,3,2024-03-07,3179.57,Credit Card
1419,1804,306,5,2025-10-19,7050.66,Credit Card
1420,1001,393,2,2022-09-19,9113.49,Debit Card
1421,598,308,1,2022-02-07,9608.58,Credit Card
1422,1501,728,3,2022-02-27,745.56,Debit Card
1423,1016,793,5,2024-05-07,9905.83,Debit Card
1424,2140,535,3,2022-03-31,3563.72,Cash
1425,1728,408,5,2025-10-31,8508.08,Credit Card
1426,2120,461,4,2022-07-27,2212.81,Credit Card
1427,1616,509,3,2023-03-21,1097.53,Cash
1428,1359,540,3,2025-04-15,4094.38,Credit Card
1429,1419,631,3,2022-11-16,8659.79,Cash
1430,601,633,4,2022-12-21,2597.84,Wire Transfer
1431,840,350,1,2024-07-26,1962.59,Credit Card
1432,1257,311,5,2023-02-08,9143.14,Debit Card
1433,888,651,3,2022-11-14,9414.2,Cash
1434,660,456,4,2023-01-07,619.21,Debit Card
1435,1155,792,1,2023-12-18,7410.64,Debit Card
1436,2107,370,5,2025-11-11,3437.47,Credit Card
1437,670,469,4,2025-04-30,4059.69,Cash
1438,1599,572,5,2023-02-20,4956.48,Wire Transfer
1439,1246,368,3,2023-06-15,4554.51,Debit Card
1440,950,655,1,2023-11-10,5392.25,Debit Card
1441,1894,552,4,2025-11-30,6032.44,Wire Transfer
1442,238,348,1,2022-09-09,4923.16,Cash
1443,430,484,3,2023-06-06,7164.85,Credit Card
1444,1589,620,1,2024-11-30,7326.72,Debit Card
1445,763,487,1,2025-11-08,4683.41,Credit Card
1446,638,390,2,2022-08-16,1853.4,Cash
1447,2000,746,1,2022-11-28,6586.07,Wire Transfer
1448,1507,632,5,2022-11-26,7843.09,Credit Card
1449,227,439,4,2022-01-31,6562.04,Cash
1450,426,657,2,2024-06-01,6086.52,Credit Card
1451,1501,389,4,2024-09-06,2679.41,Credit Card
1452,998,574,4,2024-05-29,6628.8,Debit Card
1453,1833,319,3,2022-04-15,3681.13,Credit Card
1454,484,771,3,2022-04-12,9235.81,Debit Card
1455,1079,611,2,2022-11-04,6710.34,Cash
1456,1160,658,3,2023-02-28,3142.71,Cash
1457,1705,674,3,2025-02-22,4992.81,Debit Card
1458,653,766,3,2022-08-21,8542.52,Wire Transfer
1459,1220,454,4,2022-03-06,3686.91,Credit Card
1460,2053,690,2,2023-07-30,5491.69,Cash
1461,1016,560,4,2023-08-31,6956.86,Cash
1462,859,408,5,2023-10-21,7668.03,Wire Transfer
1463,1740,671,4,2025-04-22,2151.98,Cash
1464,747,585,5,2022-05-24,5868.95,Debit Card
1465,1416,359,1,2024-10-24,9165.9,Wire Transfer
1466,1273,425,1,2023-05-09,9699.42,Cash
1467,1736,654,5,2023-03-29,6733.38,Wire Transfer
1468,217,573,5,2025-09-23,9844.78,Wire Transfer
1469,1396,407,4,2022-12-29,5921.98,Cash
1470,1444,599,5,2024-07-27,4704.75,Cash
1471,358,545,2,2023-02-06,5740.08,Cash
1472,677,636,1,2024-01-11,1599.27,Wire Transfer
1473,1270,750,1,2025-02-21,4316.3,Debit Card
1474,1597,718,5,2025-07-11,4854.85,Debit Card
1475,718,547,3,2025-05-09,8561.96,Credit Card
1476,299,308,3,2024-04-29,7707.16,Cash
1477,2116,441,5,2022-12-30,6213.55,Debit Card
1478,1969,662,2,2024-08-23,3799.13,Credit Card
1479,1261,308,3,2024-11-02,2276.83,Credit Card
1480,480,778,5,2022-01-16,3803.77,Cash
1481,1573,652,2,2023-10-04,6958.14,Credit Card
1482,697,784,2,2025-05-16,2998.86,Debit Card
1483,502,795,4,2023-12-16,4555.42,Credit Card
1484,381,394,2,2023-03-31,4174.32,Credit Card
1485,807,621,3,2025-06-26,7773.11,Debit Card
1486,1323,727,3,2022-08-16,8895.98,Credit Card
1487,900,339,5,2022-10-29,7144.02,Credit Card
1488,1193,381,5,2024-09-30,3745.22,Wire Transfer
1489,1340,487,2,2023-05-30,4615.18,Credit Card
1490,391,384,1,2024-11-07,1861.83,Credit Card
1491,453,388,4,2022-08-19,2096.93,Wire Transfer
1492,1181,542,1,2023-01-04,2060.78,Wire Transfer
1493,1128,642,2,2022-08-17,1740.57,Wire Transfer
1494,1385,393,2,2025-10-23,2206.02,Cash
1495,1480,386,1,2023-08-15,2425.54,Cash
1496,1547,344,4,2023-05-08,1562.54,Debit Card
1497,328,437,1,2022-01-21,6582.48,Credit Card
1498,218,721,5,2022-08-12,9908.81,Debit Card
1499,2017,374,3,2023-09-07,8852.27,Cash
1500,1959,336,5,2022-04-11,933.23,Credit Card
1501,766,401,3,2024-01-16,4519.06,Credit Card
1502,770,776,2,2023-10-27,8663.45,Wire Transfer
1503,1547,456,4,2025-01-25,1779.41,Cash
1504,2096,726,1,2024-08-21,8552.63,Credit Card
1505,886,555,4,2023-10-14,6130.66,Wire Transfer
1506,2016,471,1,2022-11-25,9347.34,Credit Card
1507,826,769,5,2024-11-27,8822.37,Cash
1508,1512,516,5,2024-10-30,6931.83,Debit Card
1509,2167,470,1,2022-08-12,6749.32,Debit Card
1510,1054,552,4,2025-08-28,2525.06,Credit Card
1511,1887,660,1,2022-04-05,1609.15,Wire Transfer
1512,1162,622,2,2022-03-22,4446.24,Wire Transfer
1513,1863,355,5,2022-10-01,2272.51,Wire Transfer
1514,355,756,2,2025-08-20,1472.96,Cash
1515,690,732,5,2024-01-30,3372.1,Debit Card
1516,1610,391,5,2025-02-24,8674.65,Debit Card
1517,985,578,3,2022-11-29,662.91,Credit Card
1518,1328,401,2,2023-12-17,3280.06,Debit Card
1519,2153,455,2,2023-06-08,4528.5,Wire Transfer
1520,1617,677,3,2025-04-23,5350.41,Cash
1521,2035,649,4,2022-02-03,2224.99,Wire Transfer
1522,446,751,2,2022-12-23,9660.09,Wire Transfer
1523,1400,664,1,2022-08-11,5999.29,Debit Card
1524,1263,441,3,2025-06-08,5460.05,Cash
1525,1701,473,2,2023-11-14,583.81,Cash
1526,1906,310,4,2023-08-14,5114.3,Wire Transfer
1527,959,528,2,2023-10-19,8457.87,Credit Card
1528,738,565,5,2025-11-20,2586.62,Debit Card
1529,2091,738,1,2025-05-26,3836.47,Credit Card
1530,2042,548,3,2024-10-28,695.43,Wire Transfer
1531,1121,547,5,2023-03-01,9780.81,Debit Card
1532,608,455,4,2022-08-30,1133.19,Credit Card
1533,725,334,5,2025-09-07,9033.1,Credit Card
1534,1028,799,5,2023-09-10,3473.38,Credit Card
1535,1730,429,4,2023-02-11,6081.79,Debit Card
1536,1103,460,5,2023-11-19,6953.5,Credit Card
1537,2049,389,3,2025-09-02,1837.88,Cash
1538,236,393,2,2023-07-20,4715.71,Wire Transfer
1539,885,627,5,2024-04-01,3591.93,Debit Card
1540,220,541,3,2025-03-18,1037.72,Cash
1541,521,623,2,2023-09-16,8415.34,Credit Card
1542,2000,768,2,2022-12-07,929.09,Wire Transfer
1543,712,704,5,2025-12-23,6705.95,Credit Card
1544,600,417,3,2025-10-28,3483.74,Cash
1545,854,394,5,2025-05-16,2325.23,Credit Card
1546,1172,463,4,2024-10-02,6837.32,Debit Card
1547,2107,399,2,2023-03-07,5958.11,Cash
1548,671,413,5,2025-08-26,3494.93,Debit Card
1549,1367,659,2,2023-02-07,5373.13,Wire Transfer
1550,1316,391,3,2025-03-15,2839.25,Debit Card
1551,1578,646,1,2025-09-02,8705.12,Debit Card
1552,1034,506,5,2024-05-30,3481.28,Credit Card
1553,2024,317,5,2025-03-18,2828.95,Credit Card
1554,927,574,2,2025-03-01,7642.42,Cash
1555,2183,473,3,2022-10-10,667.13,Wire Transfer
1556,1054,416,4,2024-09-02,3046.11,Cash
1557,251,649,3,2022-05-17,4066.25,Wire Transfer
1558,1889,768,5,2024-01-12,8881.26,Wire Transfer
1559,1922,481,4,2022-08-25,9529.2,Debit Card
1560,775,391,3,2023-08-31,7306.54,Credit Card
1561,1414,382,1,2025-05-01,5179.05,Wire Transfer
1562,1349,624,2,2025-12-12,6585.9,Credit Card
1563,350,749,3,2023-04-10,4433.01,Wire Transfer
1564,514,414,3,2024-02-16,3338.85,Credit Card
1565,770,557,1,2024-01-17,9531.54,Cash
1566,1566,358,5,2025-10-25,1596.21,Credit Card
1567,505,454,2,2023-11-30,3790.74,Debit Card
1568,1916,665,3,2024-10-17,9041.35,Wire Transfer
1569,882,704,4,2025-09-07,7369.84,Debit Card
1570,1038,416,3,2023-06-30,776.46,Wire Transfer
1571,2007,643,2,2025-08-10,719.45,Debit Card
1572,1278,566,3,2025-09-01,5406.87,Wire Transfer
1573,1203,615,1,2025-09-20,5100.4,Credit Card
1574,644,503,3,2023-01-30,4708.42,Wire Transfer
1575,813,341,3,2023-08-08,3372.27,Debit Card
1576,1193,405,4,2025-06-24,9873.07,Debit Card
1577,464,689,1,2023-06-09,3083.88,Wire Transfer
1578,1277,678,1,2024-05-26,5155.38,Wire Transfer
1579,1796,493,3,2022-06-22,4346.48,Cash
1580,1204,701,4,2022-03-24,2117.37,Cash
1581,1844,578,3,2023-08-25,2424.88,Credit Card
1582,205,654,3,2024-04-25,9223.88,Credit Card
1583,1327,537,2,2023-07-28,8653.66,Credit Card
1584,1420,725,2,2024-04-23,2390.92,Credit Card
1585,974,521,4,2024-01-23,8818.79,Credit Card
1586,1077,368,5,2024-09-28,2487.27,Wire Transfer
1587,1192,497,2,2024-08-06,6452.19,Cash
1588,1084,556,5,2023-09-12,1272.16,Wire Transfer
1589,1574,439,1,2023-09-13,8863.51,Cash
1590,247,612,2,2022-07-25,989.25,Cash
1591,1067,735,2,2024-01-20,5771.96,Debit Card
1592,1023,449,4,2024-05-07,7907.26,Debit Card
1593,1136,399,5,2023-11-27,1609.93,Cash
1594,2044,376,2,2023-04-21,4342.56,Wire Transfer
1595,856,582,2,2024-11-19,898.53,Cash
1596,469,671,4,2022-04-20,6986.15,Credit Card
1597,570,703,4,2025-08-28,3420.77,Wire Transfer
1598,836,409,5,2022-01-31,5814.25,Wire Transfer
1599,1330,488,1,2025-11-06,9360.96,Cash
1600,1894,499,1,2023-11-07,3405.65,Credit Card
1601,1883,603,3,2023-08-26,961.96,Cash
1602,857,627,2,2023-01-10,6918.46,Credit Card
1603,320,454,5,2022-01-15,7974.99,Wire Transfer
1604,1031,340,2,2023-02-06,9599.75,Cash
1605,2011,433,5,2022-06-09,1999.11,Credit Card
1606,1828,705,5,2024-08-21,4225.33,Debit Card
1607,1282,762,5,2023-04-11,8519.33,Wire Transfer
1608,2175,432,2,2025-01-25,8165.28,Wire Transfer
1609,1570,579,4,2022-10-30,6435.56,Debit Card
1610,941,662,2,2025-08-07,3059.0,Credit Card
1611,1698,384,5,2024-02-03,3198.34,Wire Transfer
1612,317,699,3,2022-06-17,1678.03,Credit Card
1613,2054,542,1,2023-08-09,9257.61,Debit Card
1614,991,416,5,2022-10-29,2142.85,Cash
1615,1351,409,3,2022-10-19,5942.42,Wire Transfer
1616,1617,521,4,2024-01-10,6051.34,Wire Transfer
1617,2132,692,5,2024-09-07,4011.25,Credit Card
1618,1213,341,3,2025-08-23,3848.93,Wire Transfer
1619,1865,668,5,2024-01-04,6851.59,Cash
1620,1282,447,2,2025-11-11,4188.83,Debit Card
1621,834,412,3,2025-10-06,2923.6,Wire Transfer
1622,713,403,2,2025-06-16,4291.75,Debit Card
1623,1975,346,2,2023-12-31,8172.79,Credit Card
1624,1002,712,3,2022-07-25,9681.55,Cash
1625,1320,794,1,2022-11-15,6541.53,Wire Transfer
1626,1862,775,3,2024-08-03,7929.96,Debit Card
1627,1342,624,1,2023-09-08,5561.84,Cash
1628,760,678,5,2022-08-03,6435.82,Debit Card
1629,1825,571,5,2023-12-01,9886.82,Credit Card
1630,688,783,3,2022-01-26,4664.98,Cash
1631,1461,721,5,2024-12-07,1129.42,Cash
1632,2109,685,4,2022-04-18,9591.57,Credit Card
1633,1097,495,2,2024-07-07,8034.09,Credit Card
1634,1496,667,2,2025-03-03,4283.95,Wire Transfer
1635,1413,580,1,2022-07-13,9832.75,Credit Card
1636,904,583,5,2024-01-28,3782.59,Credit Card
1637,1671,340,1,2025-02-11,4035.14,Debit Card
1638,781,747,2,2023-01-16,6292.45,Cash
1639,990,489,2,2022-08-26,3106.3,Debit Card
1640,1061,464,5,2023-05-07,7136.43,Credit Card
1641,447,782,4,2024-03-20,1952.08,Wire Transfer
1642,2187,777,4,2024-04-19,1526.24,Debit Card
1643,1300,324,5,2022-07-11,5581.34,Debit Card
1644,354,324,5,2023-10-31,5777.19,Cash
1645,1880,790,1,2023-01-27,1513.22,Cash
1646,1659,304,5,2025-05-14,9659.67,Cash
1647,1197,623,4,2023-04-03,5946.22,Wire Transfer
1648,1310,590,5,2025-05-09,1934.83,Wire Transfer
1649,897,741,1,2023-09-18,3458.7,Credit Card
1650,1509,733,1,2024-11-26,8102.23,Credit Card
1651,2198,771,1,2024-01-15,5470.7,Cash
1652,1444,481,1,2024-06-27,2287.41,Debit Card
1653,1293,548,3,2023-08-01,1477.07,Cash
1654,1271,416,5,2025-01-26,4592.36,Credit Card
1655,1209,579,2,2023-09-13,3705.44,Debit Card
1656,294,665,5,2023-10-30,6731.21,Credit Card
1657,1974,369,3,2024-01-26,9289.85,Wire Transfer
1658,1158,651,1,2025-04-29,2853.44,Cash
1659,1212,554,3,2024-08-20,8624.72,Cash
1660,653,481,4,2023-05-25,9244.39,Debit Card
1661,1428,618,4,2024-09-05,9069.02,Cash
1662,1112,469,5,2024-07-26,9544.73,Credit Card
1663,418,613,5,2025-09-21,8500.03,Credit Card
1664,674,549,2,2025-05-13,6138.12,Wire Transfer
1665,632,488,2,2024-08-03,4393.54,Credit Card
1666,541,354,4,2023-05-14,5171.03,Debit Card
1667,751,626,1,2025-02-12,8789.82,Credit Card
1668,1836,657,3,2024-04-19,3363.28,Wire Transfer
1669,1513,613,2,2025-12-09,2012.99,Wire Transfer
1670,1478,438,2,2022-12-28,1837.78,Cash
1671,1958,468,1,2022-04-27,8356.45,Debit Card
1672,557,691,1,2022-04-13,7734.11,Credit Card
1673,223,403,5,2024-07-23,5227.63,Wire Transfer
1674,1986,722,3,2025-10-03,3111.28,Credit Card
1675,722,385,1,2022-01-03,6937.33,Wire Transfer
1676,1982,617,2,2024-11-25,865.11,Cash
1677,2061,512,2,2024-08-17,5898.16,Wire Transfer
1678,1324,303,4,2024-12-05,4285.04,Cash
1679,1002,684,1,2023-06-03,9789.67,Debit Card
1680,1404,479,5,2025-04-12,5321.82,Credit Card
1681,1447,642,3,2022-03-07,5746.54,Credit Card
1682,2130,603,5,2025-01-07,7267.45,Cash
1683,962,752,2,2023-01-25,5103.12,Debit Card
1684,1883,776,5,2023-11-28,2633.4,Cash
1685,642,632,2,2025-04-16,5604.14,Wire Transfer
1686,1832,338,2,2023-02-01,9470.55,Cash
1687,969,799,2,2022-09-28,4394.15,Debit Card
1688,1216,720,2,2024-09-21,6956.59,Wire Transfer
1689,1549,539,2,2024-02-18,9791.32,Credit Card
1690,716,469,4,2024-01-22,8384.26,Credit Card
1691,1240,753,5,2023-01-10,6760.82,Credit Card
1692,992,697,4,2022-02-20,7491.97,Debit Card
1693,536,643,4,2023-08-22,9396.59,Debit Card
1694,1983,614,1,2022-06-05,9617.64,Debit Card
1695,458,606,1,2025-08-15,9705.2,Debit Card
1696,697,330,1,2022-03-02,6443.6,Debit Card
1697,1096,490,3,2023-09-23,4154.76,Wire Transfer
1698,360,657,1,2022-03-18,1764.95,Cash
1699,1699,325,5,2022-05-20,4162.71,Credit Card
1700,1052,412,4,2024-08-19,9458.08,Debit Card
1701,1888,711,5,2024-08-02,8953.07,Credit Card
1702,2132,735,1,2022-02-18,5474.77,Debit Card
1703,890,506,3,2022-01-02,5601.57,Credit Card
1704,1899,485,3,2022-04-26,3434.74,Cash
1705,580,682,4,2025-01-18,4817.82,Credit Card
1706,1769,796,5,2024-05-03,7287.26,Credit Card
1707,2153,679,2,2022-02-25,4323.09,Debit Card
1708,1157,347,5,2023-12-14,2285.85,Wire Transfer
1709,891,674,1,2024-11-05,5638.17,Wire Transfer
1710,1651,528,2,2025-06-22,2640.7,Credit Card
1711,1837,339,3,2025-09-25,9755.73,Wire Transfer
1712,1492,316,4,2023-04-24,4208.23,Cash
1713,2059,322,4,2022-07-18,9141.82,Cash
1714,1801,513,3,2022-12-12,2642.76,Wire Transfer
1715,1641,610,1,2025-02-07,2297.49,Wire Transfer
1716,1392,449,3,2025-11-19,6360.56,Cash
1717,2066,756,1,2023-11-12,7904.1,Wire Transfer
1718,1267,541,2,2023-03-22,5884.26,Wire Transfer
1719,1780,572,3,2023-09-19,2683.06,Debit Card
1720,485,359,1,2023-03-22,860.0,Debit Card
1721,597,587,2,2023-01-10,6373.74,Wire Transfer
1722,212,726,3,2024-05-16,1744.85,Wire Transfer
1723,1831,502,4,2022-01-23,3760.18,Debit Card
1724,1526,332,3,2023-01-14,6919.96,Debit Card
1725,2122,743,5,2024-08-23,1431.22,Wire Transfer
1726,1477,462,3,2022-02-16,1708.89,Debit Card
1727,699,555,5,2022-05-02,1085.83,Cash
1728,954,554,2,2023-03-05,9962.75,Credit Card
1729,235,309,3,2025-07-05,4177.23,Cash
1730,927,765,2,2025-01-21,9105.05,Debit Card
1731,1049,439,2,2022-02-02,3289.06,Cash
1732,290,780,1,2024-01-03,7655.42,Credit Card
1733,976,310,2,2023-02-06,2581.13,Debit Card
1734,805,514,2,2024-08-05,5234.08,Cash
1735,2146,573,3,2024-11-19,8333.85,Cash
1736,1170,624,3,2025-06-13,8255.18,Credit Card
1737,1826,348,4,2023-11-26,8045.67,Debit Card
1738,1222,736,1,2025-12-22,8325.48,Wire Transfer
1739,618,411,2,2025-12-01,2508.99,Debit Card
1740,315,453,1,2025-07-11,5081.05,Credit Card
1741,817,423,5,2024-04-19,5106.28,Credit Card
1742,2127,705,2,2023-08-05,8959.77,Credit Card
1743,1420,657,1,2023-06-17,3320.47,Credit Card
1744,1026,402,4,2022-01-18,9349.21,Wire Transfer
1745,1725,541,4,2022-12-30,4782.56,Debit Card
1746,1850,621,2,2024-11-15,6862.98,Debit Card
1747,1717,491,5,2024-05-31,3054.39,Cash
1748,1299,517,4,2025-08-30,4397.83,Wire Transfer
1749,613,351,4,2022-03-15,7243.11,Wire Transfer
1750,1600,592,5,2022-08-15,5371.1,Cash
1751,1644,381,1,2025-02-26,9341.73,Cash
1752,929,789,4,2023-06-08,7502.69,Debit Card
1753,1501,683,3,2022-06-22,5861.83,Debit Card
1754,1221,388,4,2025-12-25,8923.36,Debit Card
1755,961,494,1,2025-02-23,6822.79,Wire Transfer
1756,876,404,1,2023-08-20,6649.54,Wire Transfer
1757,1618,571,2,2025-04-17,2840.53,Cash
1758,2093,396,3,2024-09-20,4251.14,Credit Card
1759,657,723,1,2025-02-27,6991.38,Credit Card
1760,1120,679,5,2025-04-05,8972.02,Credit Card
1761,392,498,3,2022-05-04,3497.7,Credit Card
1762,939,301,3,2024-06-28,2547.11,Credit Card
1763,1913,795,5,2022-01-10,6140.11,Debit Card
1764,1323,707,4,2022-03-05,1138.37,Cash
1765,1772,678,5,2025-08-12,7288.15,Credit Card
1766,1178,467,5,2024-02-10,7179.82,Credit Card
1767,1209,426,4,2024-12-10,3872.18,Credit Card
1768,296,613,4,2025-05-09,8980.44,Debit Card
1769,1888,381,4,2025-10-18,5270.72,Credit Card
1770,863,718,4,2025-06-23,6634.77,Cash
1771,1414,551,4,2023-12-07,2491.0,Debit Card
1772,1960,469,5,2023-05-06,4464.73,Debit Card
1773,237,777,2,2022-08-14,8692.97,Wire Transfer
1774,2004,373,2,2023-08-08,2522.93,Wire Transfer
1775,1593,441,1,2023-06-20,4210.46,Debit Card
1776,1919,370,2,2024-03-27,3521.73,Credit Card
1777,1749,562,2,2024-08-29,1935.55,Credit Card
1778,479,640,5,2025-11-29,3252.32,Credit Card
1779,417,608,4,2024-11-29,2711.34,Credit Card
1780,1067,545,4,2024-07-28,9274.14,Wire Transfer
1781,1073,303,5,2023-05-05,7540.25,Cash
1782,2022,637,2,2022-02-20,3502.97,Debit Card
1783,1497,363,5,2023-02-25,7751.72,Credit Card
1784,2105,349,1,2025-01-26,710.33,Wire Transfer
1785,262,376,4,2022-10-27,5501.98,Cash
1786,796,668,3,2024-11-05,2878.18,Debit Card
1787,2104,475,1,2024-04-26,1586.06,Debit Card
1788,929,409,1,2022-09-08,8895.71,Debit Card
1789,1566,483,5,2023-01-17,2393.74,Credit Card
1790,597,492,2,2023-12-26,8312.72,Debit Card
1791,899,365,4,2023-09-03,4425.62,Credit Card
1792,1243,637,3,2025-02-10,635.76,Cash
1793,377,751,1,2024-12-08,7459.06,Wire Transfer
1794,1836,774,3,2024-04-18,6165.42,Wire Transfer
1795,596,571,2,2025-04-15,3769.63,Wire Transfer
1796,645,400,2,2024-04-01,3174.69,Debit Card
1797,1457,332,3,2025-11-09,1200.07,Wire Transfer
1798,2139,652,4,2022-11-14,9443.54,Cash
1799,276,428,2,2024-11-08,5192.86,Credit Card
1800,465,752,3,2023-06-25,1312.48,Wire Transfer
1801,655,702,1,2023-02-12,8752.46,Credit Card
1802,2020,669,3,2022-09-21,3148.92,Credit Card
1803,918,639,3,2024-03-17,2434.23,Wire Transfer
1804,935,343,5,2022-11-11,3168.91,Wire Transfer
1805,1608,672,2,2022-10-20,5863.43,Wire Transfer
1806,1788,719,4,2025-12-17,1203.54,Debit Card
1807,1051,788,4,2025-03-16,5076.69,Wire Transfer
1808,1730,378,5,2024-12-28,9009.56,Debit Card
1809,1591,614,4,2025-03-05,2287.63,Cash
1810,344,589,3,2025-11-15,3646.29,Credit Card
1811,1085,570,5,2024-04-16,4263.16,Cash
1812,1293,462,1,2022-11-18,6069.1,Wire Transfer
1813,1323,489,2,2025-06-12,9232.92,Credit Card
1814,596,547,2,2024-12-20,4248.12,Wire Transfer
1815,1249,688,2,2023-08-28,1156.95,Wire Transfer
1816,1148,516,3,2023-11-23,3805.53,Credit Card
1817,1091,615,1,2023-08-24,2305.81,Cash
1818,1693,713,5,2025-09-19,6691.86,Wire Transfer
1819,1708,639,5,2023-05-17,777.99,Credit Card
1820,1789,690,2,2025-11-07,3273.33,Cash
1821,1375,677,1,2025-08-21,5679.15,Debit Card
1822,1368,781,1,2024-07-09,3134.67,Cash
1823,769,733,1,2024-04-26,5734.46,Cash
1824,1263,468,4,2023-06-25,1589.77,Credit Card
1825,309,639,4,2022-01-27,9456.65,Cash
1826,1917,493,2,2022-07-06,3263.61,Debit Card
1827,1266,753,1,2025-01-06,9268.51,Debit Card
1828,1410,583,1,2023-11-20,3595.44,Wire Transfer
1829,1135,636,5,2022-08-07,7927.48,Debit Card
1830,598,690,5,2023-01-21,2838.78,Wire Transfer
1831,1447,788,2,2025-10-15,6862.8,Debit Card
1832,834,313,1,2023-06-21,3575.3,Cash
1833,1357,540,2,2025-08-18,5337.01,Wire Transfer
1834,1387,620,5,2023-03-21,6901.23,Debit Card
1835,1439,746,5,2024-03-04,6094.38,Cash
1836,933,783,4,2022-01-30,5974.67,Cash
1837,435,447,2,2024-02-01,1123.97,Wire Transfer
1838,2067,504,2,2024-07-18,2866.23,Credit Card
1839,858,380,1,2022-12-09,5932.47,Cash
1840,951,679,1,2024-04-25,674.01,Cash
1841,788,343,4,2024-08-02,2881.12,Credit Card
1842,1233,758,3,2024-09-29,2677.26,Wire Transfer
1843,1298,389,3,2025-02-07,2873.63,Debit Card
1844,1154,448,3,2023-03-31,5588.29,Debit Card
1845,692,395,2,2024-04-08,6028.62,Cash
1846,1113,752,2,2025-12-04,9135.48,Credit Card
1847,1477,728,5,2025-08-04,4167.29,Cash
1848,1454,451,2,2025-10-22,9302.5,Wire Transfer
1849,1743,302,2,2023-07-18,6693.57,Cash
1850,1398,676,2,2025-02-22,9170.27,Debit Card
1851,1877,322,4,2024-06-24,8417.98,Credit Card
1852,1392,671,2,2022-05-01,7032.03,Wire Transfer
1853,370,613,1,2025-04-18,3883.01,Cash
1854,1617,785,1,2024-09-15,2790.55,Debit Card
1855,1146,628,5,2022-10-18,2612.72,Cash
1856,995,307,4,2022-04-27,9545.65,Debit Card
1857,834,506,1,2025-05-07,9606.45,Credit Card
1858,1418,740,4,2022-04-26,7385.9,Wire Transfer
1859,1741,675,4,2022-05-14,8896.06,Cash
1860,229,751,5,2023-09-17,9230.46,Wire Transfer
1861,1389,414,4,2022-07-16,5359.78,Credit Card
1862,1646,572,2,2025-08-26,6476.07,Debit Card
1863,539,383,4,2023-11-18,4478.17,Credit Card
1864,1872,479,5,2024-04-10,4475.66,Credit Card
1865,1720,510,5,2025-09-17,865.07,Wire Transfer
1866,1589,800,5,2024-02-14,4621.3,Credit Card
1867,2057,764,1,2023-06-01,6898.15,Cash
1868,1566,628,2,2025-03-09,4508.83,Debit Card
1869,700,424,1,2023-10-09,8787.89,Credit Card
1870,1881,781,3,2023-04-10,3659.35,Cash
1871,711,413,2,2024-11-21,1760.48,Debit Card
1872,1551,312,4,2025-03-16,8209.81,Wire Transfer
1873,417,426,5,2025-03-01,6902.51,Debit Card
1874,1525,353,3,2025-11-28,2797.29,Wire Transfer
1875,1356,631,2,2025-02-22,5596.29,Debit Card
1876,2028,689,1,2025-01-29,4317.6,Credit Card
1877,1294,583,5,2025-06-05,9419.17,Wire Transfer
1878,1476,440,1,2022-01-01,6269.65,Wire Transfer
1879,1639,701,2,2023-06-14,2004.7,Wire Transfer
1880,2011,690,2,2024-12-12,5270.41,Credit Card
1881,645,397,3,2024-05-25,8694.29,Credit Card
1882,1076,305,4,2022-09-17,6879.22,Debit Card
1883,1406,357,1,2023-03-20,8503.29,Debit Card
1884,367,712,3,2023-05-07,2878.79,Credit Card
1885,291,634,5,2024-04-09,8939.34,Credit Card
1886,914,369,4,2025-04-29,7678.31,Wire Transfer
1887,2082,418,3,2025-09-23,7424.68,Debit Card
1888,1755,676,1,2024-12-31,3792.14,Debit Card
1889,239,359,2,2025-05-15,8932.75,Wire Transfer
1890,1350,333,5,2023-11-18,6560.8,Wire Transfer
1891,1675,618,1,2023-07-24,8592.48,Wire Transfer
1892,373,350,4,2023-07-28,3929.23,Cash
1893,853,668,4,2024-06-18,1883.69,Cash
1894,954,789,2,2022-07-01,3657.2,Credit Card
1895,1444,319,2,2024-04-26,4825.01,Debit Card
1896,1862,514,5,2024-08-29,5567.37,Wire Transfer
1897,1282,497,5,2023-10-03,5352.69,Wire Transfer
1898,1884,679,2,2025-10-23,5687.52,Debit Card
1899,676,750,2,2024-06-06,8496.2,Cash
1900,656,778,4,2022-11-18,2115.96,Debit Card
1901,1029,347,2,2023-12-01,3502.49,Credit Card
1902,1095,467,3,2024-09-13,8941.78,Cash
1903,1585,752,1,2023-04-18,5824.35,Debit Card
1904,2159,589,2,2022-04-27,6042.2,Debit Card
1905,1225,441,5,2024-05-01,5041.59,Credit Card
1906,587,384,3,2025-10-15,5715.26,Debit Card
1907,2197,482,5,2023-12-10,2381.76,Cash
1908,548,691,3,2025-08-15,5695.24,Wire Transfer
1909,390,379,2,2025-05-04,9973.14,Wire Transfer
1910,705,515,1,2022-08-04,5877.45,Wire Transfer
1911,1415,314,5,2024-10-30,921.82,Cash
1912,1732,515,3,2023-09-28,8066.14,Debit Card
1913,1593,703,4,2023-01-01,4266.52,Debit Card
1914,1633,428,2,2024-09-29,1959.92,Debit Card
1915,1024,610,1,2024-12-20,8693.94,Debit Card
1916,1129,777,2,2022-09-20,2380.75,Wire Transfer
1917,1134,548,4,2025-08-28,9247.29,Cash
1918,1341,704,1,2025-01-01,4697.07,Credit Card
1919,334,329,4,2025-09-24,7556.51,Cash
1920,258,580,2,2023-04-08,5696.46,Debit Card
1921,1780,638,3,2025-10-03,2937.95,Debit Card
1922,885,619,2,2023-06-23,6875.36,Cash
1923,872,502,2,2022-03-20,9600.17,Cash
1924,373,661,2,2025-01-18,7811.55,Wire Transfer
1925,2053,357,5,2024-10-24,6238.17,Debit Card
1926,1015,692,4,2024-05-22,9910.97,Cash
1927,1373,518,4,2023-12-17,3020.6,Debit Card
1928,280,362,4,2022-02-16,1092.24,Cash
1929,1086,457,5,2024-06-30,805.24,Debit Card
1930,1437,502,3,2023-09-01,7251.53,Cash
1931,403,317,2,2024-03-28,8387.21,Debit Card
1932,964,622,3,2023-09-19,6533.46,Credit Card
1933,1453,306,5,2025-11-11,9097.75,Wire Transfer
1934,1900,358,4,2024-05-31,7130.77,Credit Card
1935,1451,625,2,2024-12-29,4024.07,Wire Transfer
1936,1883,712,1,2025-09-29,2221.95,Wire Transfer
1937,1756,618,1,2024-05-13,9284.15,Cash
1938,1665,469,3,2022-01-18,1484.17,Credit Card
1939,1626,753,4,2022-02-20,5658.39,Wire Transfer
1940,247,382,1,2024-10-22,3483.08,Debit Card
1941,1457,774,3,2023-02-12,3078.44,Cash
1942,1529,768,5,2024-04-25,6635.43,Cash
1943,1750,725,3,2022-10-23,2696.75,Debit Card
1944,1367,733,3,2023-01-30,9205.47,Debit Card
1945,1639,519,3,2024-01-07,4357.42,Wire Transfer
1946,1737,477,2,2025-11-25,6935.07,Debit Card
1947,1597,504,3,2024-06-18,7413.68,Cash
1948,1790,371,3,2025-09-28,6987.95,Debit Card
1949,2110,687,2,2025-11-01,9082.3,Credit Card
1950,1483,566,2,2022-10-31,2695.74,Cash
1951,856,398,5,2023-03-31,1317.52,Debit Card
1952,671,645,4,2025-01-29,1026.92,Cash
1953,2177,591,1,2025-06-19,8839.52,Wire Transfer
1954,1171,508,1,2024-01-29,9746.23,Credit Card
1955,1236,302,3,2025-12-21,3374.0,Wire Transfer
1956,1554,424,5,2022-01-17,7088.38,Credit Card
1957,936,580,3,2023-03-14,584.67,Debit Card
1958,984,374,1,2024-06-28,2292.0,Cash
1959,1168,466,2,2023-11-17,7048.11,Debit Card
1960,558,322,4,2022-06-20,1125.93,Wire Transfer
1961,1172,454,5,2023-06-21,4950.85,Cash
1962,1632,727,2,2022-02-07,6794.54,Debit Card
1963,868,739,4,2024-07-27,7776.6,Debit Card
1964,573,595,5,2025-07-27,4811.25,Cash
1965,1232,519,5,2025-07-15,6487.7,Cash
1966,1346,457,1,2024-10-18,5625.97,Wire Transfer
1967,1572,795,2,2023-11-12,996.9,Credit Card
1968,876,530,5,2024-01-18,7556.64,Credit Card
1969,290,320,5,2022-07-19,2137.44,Cash
1970,1872,775,4,2023-05-13,802.15,Credit Card
1971,898,341,1,2022-10-02,4786.1,Wire Transfer
1972,1540,738,3,2025-04-13,8723.56,Credit Card
1973,1402,448,1,2025-08-28,1932.88,Cash
1974,740,408,3,2024-02-23,622.15,Wire Transfer
1975,932,703,2,2024-11-28,1544.8,Cash
1976,1069,384,2,2022-06-27,3954.76,Wire Transfer
1977,241,783,5,2024-06-07,6011.63,Wire Transfer
1978,940,667,2,2024-10-23,2333.62,Cash
1979,1928,622,5,2023-10-24,8118.66,Debit Card
1980,2147,714,1,2022-12-22,7656.32,Cash
1981,702,609,2,2025-07-04,7110.7,Wire Transfer
1982,1159,590,1,2024-12-20,5130.96,Cash
1983,1369,706,1,2025-08-06,3969.56,Cash
1984,1425,623,2,2025-04-09,4068.07,Wire Transfer
1985,1129,434,1,2025-12-16,5279.17,Credit Card
1986,1948,507,2,2022-10-08,1234.49,Wire Transfer
1987,661,583,2,2022-05-07,6981.9,Cash
1988,932,566,2,2023-05-08,3839.32,Wire Transfer
1989,952,373,3,2022-07-08,2635.21,Wire Transfer
1990,1125,781,1,2024-02-03,3144.11,Credit Card
1991,1109,652,4,2024-07-13,2212.8,Debit Card
1992,1782,348,2,2024-04-24,9064.9,Cash
1993,1771,626,1,2023-01-14,2105.86,Cash
1994,1477,533,5,2025-08-19,8887.8,Credit Card
1995,590,743,2,2022-01-31,5936.31,Wire Transfer
1996,1818,400,2,2023-05-24,8740.78,Debit Card
1997,1083,359,4,2024-11-15,5003.61,Cash
1998,456,558,3,2025-01-24,9312.52,Debit Card
1999,909,713,3,2023-08-31,2509.16,Debit Card
2000,2039,752,2,2022-01-25,5769.57,Wire Transfer
2001,2145,365,1,2024-06-21,1695.47,Wire Transfer
2002,650,383,5,2022-04-03,4748.59,Wire Transfer
2003,210,454,5,2022-06-07,5914.09,Cash
2004,1024,773,1,2024-08-07,6253.91,Debit Card
2005,998,566,2,2023-04-02,3972.52,Debit Card
2006,1466,609,5,2023-05-24,1225.19,Cash
2007,1475,379,3,2023-12-12,6725.6,Credit Card
2008,1077,615,1,2025-11-29,5140.1,Wire Transfer
2009,1229,450,4,2025-11-10,1800.35,Cash
2010,1343,735,2,2023-08-31,9390.82,Wire Transfer
2011,1216,348,1,2023-01-23,9578.85,Debit Card
2012,2025,705,5,2023-03-18,8637.76,Cash
2013,574,679,2,2023-01-28,8516.75,Credit Card
2014,1289,548,3,2024-02-17,1437.38,Wire Transfer
2015,346,578,2,2024-06-05,9937.49,Debit Card
2016,424,656,2,2023-12-15,4303.62,Debit Card
2017,1463,398,3,2023-08-19,2049.65,Credit Card
2018,377,714,3,2022-11-05,8214.97,Credit Card
2019,2003,325,2,2023-12-06,2644.44,Wire Transfer
2020,1053,793,3,2023-05-14,5498.67,Debit Card
2021,1506,584,1,2024-03-01,1716.15,Credit Card
2022,263,749,3,2024-09-12,5009.13,Cash
2023,1441,669,3,2024-07-13,5802.34,Credit Card
2024,2078,601,2,2023-11-07,4736.28,Cash
2025,1027,368,1,2024-03-22,1160.12,Debit Card
2026,995,307,4,2023-02-20,5106.92,Wire Transfer
2027,889,605,4,2022-02-05,4954.96,Debit Card
2028,1685,437,5,2024-07-01,2985.39,Debit Card
2029,2153,464,3,2023-01-04,9255.22,Debit Card
2030,1834,383,3,2024-09-03,4469.03,Debit Card
2031,305,685,1,2024-12-26,8709.1,Wire Transfer
2032,1323,438,4,2025-08-30,1541.81,Credit Card
2033,711,720,5,2025-10-30,3529.33,Wire Transfer
2034,585,373,1,2022-01-16,2175.14,Wire Transfer
2035,605,537,3,2025-12-16,4379.9,Wire Transfer
2036,1023,346,4,2024-09-24,1560.55,Wire Transfer
2037,718,406,5,2024-07-28,4689.83,Credit Card
2038,676,716,2,2022-01-23,3861.77,Debit Card
2039,909,588,4,2025-06-11,2621.49,Credit Card
2040,2087,562,5,2022-08-01,6600.7,Credit Card
2041,1869,476,1,2025-05-07,9533.66,Debit Card
2042,2094,466,2,2022-01-23,2467.58,Credit Card
2043,971,445,5,2024-08-01,7262.01,Wire Transfer
2044,1661,630,5,2023-09-27,7552.62,Wire Transfer
2045,1247,670,3,2022-10-21,5232.14,Debit Card
2046,1197,583,4,2022-06-07,9027.85,Debit Card
2047,1789,354,3,2023-10-05,9680.71,Debit Card
2048,877,478,2,2022-06-30,3941.34,Wire Transfer
2049,914,719,5,2023-12-12,6684.82,Debit Card
2050,1682,544,3,2024-07-01,6791.02,Credit Card
2051,283,641,4,2025-04-22,4334.54,Credit Card
2052,1369,427,2,2024-09-17,3509.52,Cash
2053,1309,709,1,2022-04-06,9370.57,Cash
2054,1302,712,3,2023-03-25,8004.82,Debit Card
2055,657,667,2,2023-02-25,1587.41,Cash
2056,2102,571,1,2025-08-28,1638.9,Wire Transfer
2057,201,432,3,2025-06-20,9264.16,Wire Transfer
2058,251,393,2,2023-06-25,1273.39,Credit Card
2059,885,679,2,2022-04-14,7040.0,Credit Card
2060,917,373,3,2025-07-29,2654.2,Cash
2061,1996,711,2,2025-07-20,834.26,Cash
2062,1670,710,5,2025-06-01,1066.56,Wire Transfer
2063,649,703,3,2025-05-18,4048.46,Credit Card
2064,1081,548,2,2023-12-03,1237.09,Cash
2065,688,648,1,2022-09-17,6168.07,Wire Transfer
2066,2024,573,1,2023-11-29,6648.92,Credit Card
2067,234,343,5,2023-12-24,4047.95,Wire Transfer
2068,1572,677,3,2023-12-17,7557.34,Wire Transfer
2069,295,341,2,2024-02-26,5155.4,Credit Card
2070,1296,470,2,2023-01-12,4587.17,Wire Transfer
2071,1775,734,1,2023-06-19,4366.39,Cash
2072,354,512,5,2023-09-26,4595.51,Wire Transfer
2073,450,793,1,2022-07-11,9694.93,Cash
2074,874,468,1,2023-10-27,6973.37,Debit Card
2075,638,339,5,2025-03-29,3494.49,Debit Card
2076,318,669,3,2025-04-23,7471.67,Debit Card
2077,971,545,2,2023-08-24,3637.54,Wire Transfer
2078,2115,451,3,2024-01-28,1694.29,Debit Card
2079,1530,411,4,2022-02-19,5015.92,Debit Card
2080,468,780,4,2024-09-11,7634.73,Wire Transfer
2081,2185,736,4,2023-08-14,4087.77,Credit Card
2082,1278,347,5,2023-10-13,8757.15,Wire Transfer
2083,436,363,1,2025-06-29,4176.05,Cash
2084,589,525,3,2023-11-06,3823.47,Wire Transfer
2085,1190,666,2,2022-01-31,9983.32,Credit Card
2086,1958,369,4,2022-11-29,5083.48,Debit Card
2087,963,599,3,2023-11-26,8149.6,Wire Transfer
2088,2049,732,4,2023-09-12,8147.39,Debit Card
2089,601,590,4,2025-06-10,9300.51,Cash
2090,824,596,2,2024-03-02,1306.5,Credit Card
2091,967,503,5,2024-10-03,3076.59,Debit Card
2092,1527,361,1,2023-11-17,7793.61,Debit Card
2093,1119,734,5,2023-10-04,5844.71,Debit Card
2094,1431,751,3,2023-10-14,5816.34,Debit Card
2095,1453,618,5,2023-08-23,2079.05,Wire Transfer
2096,1053,614,3,2024-02-26,3170.95,Credit Card
2097,2134,461,3,2023-01-01,5452.67,Credit Card
2098,778,631,1,2025-07-24,3133.22,Debit Card
2099,275,316,2,2023-05-02,2497.69,Credit Card
2100,635,638,1,2022-08-04,1333.68,Debit Card
2101,303,394,5,2022-05-21,1979.4,Cash
2102,1646,604,3,2022-01-20,7804.24,Cash
2103,1928,438,4,2023-09-10,7328.4,Cash
2104,964,638,4,2022-10-01,935.42,Credit Card
2105,938,338,3,2022-02-01,2431.2,Debit Card
2106,1006,427,1,2024-01-30,5824.33,Wire Transfer
2107,1530,575,2,2024-09-19,3564.96,Wire Transfer
2108,298,464,1,2022-05-06,8320.87,Cash
2109,2074,743,3,2023-11-04,7957.4,Cash
2110,998,619,3,2024-12-21,8970.02,Credit Card
2111,1559,377,2,2025-12-10,5847.85,Wire Transfer
2112,1059,474,5,2024-09-01,3844.73,Credit Card
2113,635,687,5,2022-12-24,6257.61,Cash
2114,647,758,2,2024-11-12,1346.8,Debit Card
2115,1532,658,5,2024-05-22,591.07,Debit Card
2116,449,621,4,2022-11-06,662.39,Debit Card
2117,366,676,5,2025-05-27,4371.66,Cash
2118,1705,391,5,2023-09-17,2666.74,Credit Card
2119,1184,538,5,2025-11-05,1994.71,Debit Card
2120,1559,564,4,2024-11-21,6345.6,Wire Transfer
2121,1220,479,5,2024-07-30,9953.4,Wire Transfer
2122,742,794,4,2024-11-29,2188.66,Cash
2123,959,790,2,2023-11-30,5691.0,Wire Transfer
2124,1330,509,1,2024-01-08,1637.41,Wire Transfer
2125,1787,373,2,2025-05-27,9375.25,Cash
2126,281,690,1,2024-09-21,3271.67,Credit Card
2127,333,407,2,2025-08-02,8844.23,Debit Card
2128,997,645,1,2025-07-24,3189.23,Cash
2129,1100,595,1,2025-11-26,8157.5,Wire Transfer
2130,338,669,3,2024-10-19,2489.12,Debit Card
2131,384,744,1,2024-01-04,3281.5,Debit Card
2132,1625,584,1,2022-08-31,2328.52,Debit Card
2133,1554,653,3,2024-10-26,3010.47,Cash
2134,985,482,5,2023-03-02,8431.22,Debit Card
2135,1732,337,5,2023-02-18,6570.81,Credit Card
2136,2076,437,3,2022-12-14,4355.86,Wire Transfer
2137,1184,638,4,2025-07-01,9729.45,Cash
2138,269,356,1,2025-06-21,4916.18,Cash
2139,746,487,1,2024-07-10,9712.72,Debit Card
2140,1998,641,3,2023-11-22,2367.58,Wire Transfer
2141,253,558,3,2024-09-08,9094.07,Debit Card
2142,1674,745,4,2024-06-05,631.31,Debit Card
2143,405,358,5,2023-08-30,5680.38,Cash
2144,326,663,2,2023-07-09,4519.0,Credit Card
2145,1971,423,5,2023-07-13,5488.33,Wire Transfer
2146,243,488,1,2024-05-10,5757.73,Wire Transfer
2147,1976,530,3,2024-08-03,4195.8,Wire Transfer
2148,2195,468,4,2023-10-22,9982.88,Wire Transfer
2149,2107,720,5,2025-11-15,9776.82,Credit Card
2150,311,414,4,2022-05-03,9636.58,Cash
2151,961,552,5,2023-05-22,9801.31,Credit Card
2152,1887,407,1,2023-09-04,8033.62,Debit Card
2153,1407,337,2,2022-01-25,9891.61,Cash
2154,1048,635,4,2023-06-17,8977.42,Credit Card
2155,295,392,4,2023-02-04,4451.36,Wire Transfer
2156,2195,318,2,2024-01-09,7955.38,Wire Transfer
2157,1598,654,4,2023-05-07,9164.64,Cash
2158,2136,363,4,2024-11-26,7269.76,Credit Card
2159,1744,450,5,2024-01-15,4516.43,Cash
2160,1100,439,5,2022-07-09,1125.01,Wire Transfer
2161,560,486,2,2024-12-31,8192.12,Credit Card
2162,1100,485,1,2022-05-25,9551.06,Wire Transfer
2163,1920,505,4,2025-05-10,3943.4,Cash
2164,481,560,1,2025-09-21,1943.11,Cash
2165,1419,514,2,2023-04-16,3601.79,Cash
2166,2088,556,2,2025-09-14,6034.91,Cash
2167,1419,435,5,2025-03-03,3510.83,Cash
2168,867,361,4,2025-09-08,6300.88,Debit Card
2169,293,663,3,2024-08-30,9685.1,Cash
2170,872,610,2,2022-12-11,6871.98,Cash
2171,2170,388,4,2025-07-30,3945.26,Wire Transfer
2172,261,624,1,2022-09-27,9389.65,Cash
2173,834,776,5,2022-11-08,5873.54,Credit Card
2174,1275,507,1,2023-01-31,1719.54,Cash
2175,1627,429,2,2023-03-21,5240.32,Debit Card
2176,2013,611,2,2024-01-22,6709.55,Cash
2177,1229,303,1,2024-11-07,8463.42,Wire Transfer
2178,1690,762,2,2025-09-14,9396.53,Credit Card
2179,804,722,4,2022-05-10,3515.45,Credit Card
2180,882,542,2,2025-10-25,1977.37,Cash
2181,2053,421,5,2025-09-07,1201.37,Cash
2182,734,685,4,2022-03-20,7514.37,Cash
2183,1629,402,3,2023-06-11,8054.0,Cash
2184,1038,338,2,2025-04-02,4389.04,Wire Transfer
2185,1737,641,2,2024-06-11,4261.29,Wire Transfer
2186,845,796,5,2025-02-11,9565.25,Credit Card
2187,433,713,5,2024-11-15,9208.47,Cash
2188,724,433,1,2023-12-27,2716.03,Wire Transfer
2189,546,797,1,2022-03-02,7917.67,Wire Transfer
2190,1270,502,1,2024-05-03,6415.65,Credit Card
2191,746,648,5,2022-03-12,1965.12,Credit Card
2192,2169,321,1,2024-05-31,3889.32,Debit Card
2193,1302,542,1,2025-03-14,2185.99,Wire Transfer
2194,1954,755,3,2024-05-04,3303.98,Credit Card
2195,2037,751,1,2025-12-26,6345.36,Wire Transfer
2196,2147,409,2,2023-10-28,4065.02,Wire Transfer
2197,1297,603,5,2024-12-29,4243.57,Cash
2198,994,384,4,2024-09-01,5626.65,Cash
2199,449,383,3,2025-12-18,1328.63,Cash
2200,247,591,5,2024-11-07,7518.57,Cash
2201,1345,752,5,2022-08-28,4316.24,Wire Transfer
2202,414,369,2,2025-10-27,5063.77,Debit Card
2203,439,429,1,2024-09-01,9755.85,Debit Card
2204,1280,496,2,2022-03-28,3771.49,Debit Card
2205,550,440,1,2024-08-18,6658.08,Wire Transfer
2206,307,744,1,2025-07-13,4228.79,Debit Card
2207,1031,583,5,2024-04-22,8995.69,Wire Transfer
2208,248,612,1,2023-06-01,8544.18,Credit Card
2209,1797,534,3,2025-04-13,2795.43,Debit Card
2210,537,323,3,2025-02-16,7071.58,Wire Transfer
2211,1250,453,3,2024-03-05,1119.13,Credit Card
2212,1004,577,5,2022-08-14,9650.26,Cash
2213,1481,361,2,2023-01-02,3815.41,Credit Card
2214,208,619,4,2024-12-14,8402.51,Credit Card
2215,825,678,1,2025-03-22,3525.1,Debit Card
2216,2091,352,4,2023-02-12,6511.32,Cash
2217,1477,644,2,2023-06-22,9844.11,Cash
2218,1916,453,2,2022-04-24,8829.12,Debit Card
2219,919,537,5,2024-11-07,2023.48,Credit Card
2220,503,611,3,2022-01-06,5701.14,Wire Transfer
2221,839,602,3,2022-03-09,3811.05,Debit Card
2222,256,332,2,2022-01-07,4626.22,Credit Card
2223,926,355,5,2024-07-31,3684.24,Wire Transfer
2224,726,652,5,2023-09-02,3691.61,Debit Card
2225,674,689,1,2023-03-11,5654.26,Debit Card
2226,228,336,3,2025-08-25,2323.66,Cash
2227,278,410,2,2022-10-09,5605.26,Cash
2228,1440,790,4,2023-07-23,3150.17,Cash
2229,1610,477,3,2025-10-04,3245.34,Wire Transfer
2230,565,662,1,2023-09-16,7518.11,Debit Card
2231,866,614,5,2024-03-20,781.14,Cash
2232,726,595,2,2022-04-28,4118.98,Cash
2233,899,636,3,2025-02-27,4371.58,Debit Card
2234,1536,397,4,2023-09-10,5108.55,Wire Transfer
2235,1083,669,1,2025-03-14,6855.6,Cash
2236,1231,513,1,2023-01-06,4012.02,Credit Card
2237,1227,617,3,2023-09-09,2524.8,Wire Transfer
2238,1847,437,4,2025-02-22,8906.29,Cash
2239,1119,306,1,2025-11-22,9819.87,Credit Card
2240,950,799,2,2022-03-29,690.14,Cash
2241,563,409,1,2025-04-01,5691.44,Wire Transfer
2242,1975,335,4,2023-03-16,3746.17,Debit Card
2243,1732,339,5,2024-03-15,3131.4,Debit Card
2244,1498,450,5,2023-02-28,3689.21,Wire Transfer
2245,1730,725,3,2024-06-14,6569.34,Cash
2246,1006,418,4,2023-06-01,2311.8,Wire Transfer
2247,939,561,1,2023-05-03,9172.18,Credit Card
2248,2107,726,1,2022-02-25,4928.09,Cash
2249,1239,387,5,2022-08-03,3592.98,Wire Transfer
2250,1416,765,5,2025-08-31,7772.55,Debit Card
2251,1855,376,2,2025-12-28,655.29,Wire Transfer
2252,685,771,5,2025-02-13,4602.6,Cash
2253,228,764,2,2023-02-23,3875.38,Wire Transfer
2254,914,751,1,2023-08-11,3712.99,Debit Card
2255,1263,714,2,2024-12-15,3702.18,Credit Card
2256,2177,613,2,2025-11-15,797.08,Wire Transfer
2257,1497,683,3,2023-10-27,1945.11,Wire Transfer
2258,1455,514,5,2025-04-26,1847.91,Credit Card
2259,286,757,2,2025-11-24,9891.8,Wire Transfer
2260,1698,585,1,2025-06-29,710.57,Debit Card
2261,326,539,4,2022-11-28,2087.2,Credit Card
2262,1012,465,2,2022-01-12,9754.66,Debit Card
2263,737,387,5,2023-12-20,6468.44,Debit Card
2264,345,441,3,2024-02-15,4781.34,Debit Card
2265,1749,460,1,2022-10-21,1248.23,Cash
2266,1436,346,3,2023-02-20,6861.78,Credit Card
2267,225,672,4,2025-01-22,1809.13,Cash
2268,1804,795,2,2023-11-18,6876.27,Cash
2269,1618,412,2,2023-04-09,9802.18,Wire Transfer
2270,267,707,5,2024-06-28,5553.74,Credit Card
2271,433,345,2,2024-08-11,2533.8,Wire Transfer
2272,309,701,1,2025-01-28,6440.2,Cash
2273,1370,547,4,2022-08-17,5372.83,Wire Transfer
2274,311,404,3,2024-12-18,5564.83,Debit Card
2275,428,385,4,2024-05-25,5042.02,Cash
2276,311,750,2,2022-03-26,6900.54,Debit Card
2277,1694,785,3,2025-02-09,5933.48,Credit Card
2278,234,434,5,2023-07-14,9876.45,Wire Transfer
2279,823,408,4,2023-04-28,8345.7,Cash
2280,2000,318,3,2023-10-17,3014.63,Credit Card
2281,2160,394,3,2023-05-21,7394.69,Debit Card
2282,1593,450,3,2023-05-09,2535.85,Wire Transfer
2283,948,546,1,2025-03-25,7932.29,Wire Transfer
2284,795,589,4,2022-07-01,1901.8,Cash
2285,1778,714,3,2025-11-18,4998.76,Wire Transfer
2286,625,509,4,2024-03-21,8010.76,Wire Transfer
2287,813,426,3,2022-09-25,3161.07,Debit Card
2288,1742,535,5,2022-07-11,8452.63,Debit Card
2289,892,716,5,2024-05-13,6619.43,Debit Card
2290,1506,726,5,2024-07-13,4276.46,Credit Card
2291,1544,799,2,2022-03-19,4522.46,Credit Card
2292,1962,762,3,2022-12-21,9296.92,Wire Transfer
2293,1667,422,2,2025-03-07,2569.01,Credit Card
2294,2176,438,4,2022-03-14,7086.94,Cash
2295,515,795,2,2025-06-02,7219.29,Debit Card
2296,1077,415,4,2024-08-18,9263.27,Credit Card
2297,2190,720,4,2023-09-27,7275.06,Wire Transfer
2298,1965,462,4,2023-05-21,6052.44,Debit Card
2299,1601,501,2,2022-01-29,9073.96,Credit Card
2300,1513,534,3,2025-04-19,8376.75,Debit Card
2301,1661,328,2,2022-07-28,7309.38,Credit Card
2302,862,311,3,2023-03-28,809.49,Wire Transfer
2303,477,506,3,2024-04-10,4048.44,Credit Card
2304,1934,467,4,2022-12-26,6502.95,Credit Card
2305,1806,547,2,2023-12-27,5461.38,Credit Card
2306,1727,347,3,2025-03-27,3533.52,Debit Card
2307,824,546,5,2023-11-18,1872.03,Credit Card
2308,716,427,3,2025-10-17,5753.47,Credit Card
2309,1574,447,5,2025-05-22,3216.22,Credit Card
2310,1043,418,2,2023-05-02,2713.5,Debit Card
2311,1670,699,2,2023-08-07,4290.1,Wire Transfer
2312,2054,682,2,2023-09-11,7962.17,Wire Transfer
2313,550,712,3,2024-07-03,5134.61,Wire Transfer
2314,1831,452,1,2023-02-23,2556.68,Credit Card
2315,1888,372,3,2025-11-16,1610.58,Debit Card
2316,1023,663,3,2024-06-07,5240.38,Wire Transfer
2317,1361,437,4,2023-08-07,8046.48,Wire Transfer
2318,959,475,4,2024-07-30,6701.77,Wire Transfer
2319,1099,589,3,2023-08-01,2705.41,Cash
2320,443,746,5,2025-04-08,4648.71,Debit Card
2321,743,781,4,2024-04-09,8624.69,Cash
2322,1264,319,3,2022-03-03,2187.73,Credit Card
2323,429,495,1,2022-09-16,5554.77,Wire Transfer
2324,748,630,5,2025-06-16,3884.2,Credit Card
2325,1120,724,2,2024-04-01,1679.71,Debit Card
2326,1447,475,3,2025-10-19,974.09,Credit Card
2327,206,790,3,2022-04-16,5780.78,Credit Card
2328,1546,749,5,2023-03-08,697.11,Wire Transfer
2329,668,713,4,2022-10-10,1482.74,Debit Card
2330,1956,734,4,2024-03-19,3801.86,Credit Card
2331,275,654,4,2023-07-13,913.44,Cash
2332,204,799,2,2022-08-18,4304.23,Wire Transfer
2333,2071,441,5,2024-07-27,1738.47,Cash
2334,846,546,5,2024-02-22,3823.79,Wire Transfer
2335,318,685,4,2023-02-06,8016.02,Credit Card
2336,1081,718,4,2023-12-02,6450.46,Wire Transfer
2337,1830,393,1,2024-12-24,4731.31,Credit Card
2338,704,732,1,2022-10-27,1372.42,Cash
2339,1147,539,3,2023-03-04,6381.92,Credit Card
2340,774,505,3,2023-05-21,2055.24,Wire Transfer
2341,1665,348,5,2024-12-26,1227.57,Wire Transfer
2342,394,733,5,2025-05-21,6807.96,Wire Transfer
2343,1047,545,2,2023-07-04,9164.57,Cash
2344,915,620,2,2023-03-10,4875.64,Debit Card
2345,1616,617,1,2025-07-22,889.46,Cash
2346,1250,713,3,2025-12-30,8862.83,Credit Card
2347,1659,595,1,2024-09-05,1136.25,Credit Card
2348,373,428,1,2025-12-16,8741.38,Cash
2349,1524,644,3,2024-08-21,4222.28,Cash
2350,1869,582,2,2024-12-06,3971.25,Credit Card
2351,526,317,3,2023-07-22,5656.58,Credit Card
2352,1634,371,4,2023-09-25,9592.31,Credit Card
2353,1342,569,4,2022-07-30,9038.04,Debit Card
2354,1036,625,4,2025-04-16,4968.14,Debit Card
2355,2011,582,5,2025-09-21,7110.32,Cash
2356,924,605,2,2024-06-29,6014.08,Cash
2357,425,751,2,2023-05-17,7087.89,Debit Card
2358,732,307,5,2022-08-13,8378.61,Wire Transfer
2359,313,614,1,2023-01-23,827.69,Debit Card
2360,340,605,4,2023-01-08,3594.72,Cash
2361,759,403,4,2024-06-14,9613.63,Debit Card
2362,201,609,1,2025-10-11,9518.69,Wire Transfer
2363,290,493,3,2022-03-12,606.6,Cash
2364,854,541,3,2022-01-02,2413.68,Credit Card
2365,520,362,2,2024-05-26,9940.82,Cash
2366,1774,317,5,2023-02-19,5181.84,Debit Card
2367,2029,471,2,2025-07-09,5942.23,Debit Card
2368,2118,325,3,2023-04-23,2080.99,Wire Transfer
2369,339,551,1,2023-02-28,8996.19,Debit Card
2370,1735,553,2,2023-01-29,2697.01,Wire Transfer
2371,2092,687,4,2022-07-31,2301.65,Cash
2372,1045,507,4,2024-04-29,2667.16,Debit Card
2373,459,329,1,2022-09-03,9236.41,Cash
2374,1897,417,3,2023-09-12,7177.04,Credit Card
2375,1102,791,4,2023-11-05,7801.67,Credit Card
2376,890,716,4,2022-01-30,4081.85,Wire Transfer
2377,210,582,5,2022-01-25,9137.18,Debit Card
2378,461,680,2,2024-01-30,7999.38,Cash
2379,2143,444,3,2024-10-13,7630.67,Cash
2380,1874,325,2,2025-10-07,9723.93,Debit Card
2381,372,610,3,2022-09-19,3978.87,Cash
2382,1098,456,4,2022-05-31,6304.25,Debit Card
2383,213,373,5,2022-03-18,9144.33,Debit Card
2384,1392,420,2,2023-09-29,8013.44,Credit Card
2385,1866,612,4,2024-06-28,5852.1,Debit Card
2386,1820,621,3,2025-05-12,1224.03,Cash
2387,521,393,2,2024-09-23,6700.87,Debit Card
2388,1543,386,2,2022-11-01,5502.28,Credit Card
2389,1837,636,4,2023-11-06,2249.71,Credit Card
2390,529,725,2,2025-08-22,8881.4,Wire Transfer
2391,985,799,5,2023-04-23,3760.86,Cash
2392,977,664,5,2023-12-30,4181.06,Debit Card
2393,2195,735,4,2025-10-31,6887.81,Cash
2394,1111,418,3,2024-12-08,5143.59,Cash
2395,2144,533,4,2024-12-27,1348.17,Debit Card
2396,1774,499,5,2023-01-04,4180.7,Credit Card
2397,1643,506,1,2023-08-29,1397.43,Cash
2398,1830,713,1,2022-05-01,2312.13,Wire Transfer
2399,1319,639,2,2024-06-04,568.16,Cash
2400,2041,447,2,2022-06-01,2222.47,Credit Card
2401,1805,750,1,2025-05-05,3639.25,Wire Transfer
2402,518,725,5,2025-04-04,5613.08,Wire Transfer
2403,2180,729,2,2024-02-19,9233.13,Wire Transfer
2404,436,571,4,2022-07-26,5633.11,Wire Transfer
2405,2170,687,4,2022-02-07,7203.23,Debit Card
2406,534,439,5,2025-03-09,3897.93,Debit Card
2407,2109,481,2,2024-05-26,7640.49,Debit Card
2408,576,730,4,2024-11-03,6394.45,Wire Transfer
2409,1683,330,2,2023-03-20,4868.04,Credit Card
2410,1361,357,2,2024-01-14,2340.8,Cash
2411,2154,532,4,2024-12-26,3383.64,Wire Transfer
2412,788,446,1,2023-11-07,6398.99,Credit Card
2413,1771,735,4,2024-05-28,4547.54,Cash
2414,713,684,5,2025-02-27,8949.17,Wire Transfer
2415,1520,348,3,2022-11-11,2730.98,Cash
2416,1544,494,4,2022-04-07,1194.19,Debit Card
2417,1118,524,2,2024-02-16,6098.81,Debit Card
2418,1796,436,2,2022-04-01,8917.48,Debit Card
2419,2056,322,4,2025-01-24,3965.02,Credit Card
2420,1573,306,3,2024-11-16,6653.26,Debit Card
2421,2064,504,4,2025-07-11,2698.42,Credit Card
2422,2003,539,3,2024-07-22,5805.48,Debit Card
2423,1073,485,3,2022-04-09,7974.52,Debit Card
2424,1453,660,5,2023-01-05,8736.8,Debit Card
2425,470,592,2,2025-03-25,1498.63,Credit Card
2426,2052,635,2,2022-09-02,3885.56,Cash
2427,998,520,3,2024-10-16,6576.62,Credit Card
2428,1515,416,2,2025-02-13,829.87,Wire Transfer
2429,925,613,1,2023-04-27,7060.84,Wire Transfer
2430,1389,349,3,2023-04-16,5516.32,Credit Card
2431,205,473,2,2024-03-25,3241.38,Credit Card
2432,1051,382,1,2025-06-11,8239.22,Cash
2433,1603,622,5,2022-11-23,3255.48,Credit Card
2434,278,633,2,2025-10-06,9918.44,Debit Card
2435,1634,345,1,2024-05-24,8255.52,Cash
2436,774,635,4,2025-12-19,7225.81,Credit Card
2437,332,320,4,2022-05-11,1082.8,Credit Card
2438,801,748,1,2022-07-04,9090.95,Wire Transfer
2439,1973,521,3,2025-04-21,8005.53,Cash
2440,1266,423,3,2025-06-16,2675.74,Wire Transfer
2441,289,534,2,2023-10-13,4226.36,Credit Card
2442,602,521,4,2024-11-08,3052.0,Cash
2443,496,623,3,2025-06-20,9851.95,Debit Card
2444,2064,639,3,2022-03-04,8614.87,Credit Card
2445,1519,303,4,2024-04-17,9337.14,Credit Card
2446,816,482,5,2025-05-31,7993.36,Wire Transfer
2447,1750,506,3,2023-08-05,4835.31,Debit Card
2448,1000,620,1,2023-03-18,2451.63,Credit Card
2449,1915,340,2,2025-03-07,2476.76,Wire Transfer
2450,1861,359,3,2023-05-06,1940.99,Wire Transfer
2451,622,739,3,2022-01-05,5693.17,Credit Card
2452,2089,362,5,2025-11-01,9239.68,Cash
2453,1247,432,1,2024-05-14,9922.08,Credit Card
2454,775,360,2,2025-04-11,3229.35,Debit Card
2455,343,672,3,2025-04-19,7124.49,Credit Card
2456,1193,631,2,2022-04-07,6172.43,Cash
2457,865,422,4,2022-09-07,5144.89,Wire Transfer
2458,345,779,3,2023-03-31,6824.8,Debit Card
2459,1449,407,3,2023-04-14,4027.95,Debit Card
2460,1207,396,4,2024-08-19,9472.61,Debit Card
2461,703,647,5,2024-06-28,7201.76,Debit Card
2462,2186,714,3,2023-12-24,7664.91,Cash
2463,2198,535,2,2022-11-05,2803.01,Cash
2464,1021,686,1,2023-07-12,2101.53,Cash
2465,1840,362,2,2024-03-04,4246.24,Cash
2466,304,556,5,2023-11-15,7783.39,Wire Transfer
2467,2171,349,1,2022-07-05,9418.56,Credit Card
2468,1263,693,2,2024-08-06,4559.63,Cash
2469,2171,648,2,2022-04-17,7854.49,Credit Card
2470,398,459,4,2023-07-07,4968.87,Debit Card
2471,1870,424,5,2024-11-02,3304.67,Wire Transfer
2472,779,782,4,2022-01-30,7523.02,Wire Transfer
2473,591,617,1,2024-04-12,8082.92,Credit Card
2474,1403,507,4,2023-05-04,2426.99,Credit Card
2475,2192,348,5,2022-01-13,3399.11,Credit Card
2476,754,709,3,2022-10-05,5200.38,Wire Transfer
2477,1672,720,3,2025-10-05,2271.96,Cash
2478,1724,436,1,2024-01-31,9323.93,Wire Transfer
2479,1239,501,3,2025-12-26,6117.67,Cash
2480,1847,550,4,2024-02-06,1651.43,Debit Card
2481,1893,614,1,2024-03-05,2248.28,Cash
2482,1513,657,5,2023-07-27,9566.38,Credit Card
2483,678,668,1,2023-03-29,7512.6,Cash
2484,1455,729,1,2023-01-03,7476.85,Cash
2485,1123,618,2,2023-05-17,1188.74,Wire Transfer
2486,620,595,2,2023-11-03,9005.34,Credit Card
2487,357,780,1,2022-10-08,4715.49,Debit Card
2488,750,614,3,2022-11-25,6767.31,Cash
2489,1665,800,2,2023-02-01,9617.05,Debit Card
2490,1321,509,5,2023-10-18,1450.12,Credit Card
2491,1221,655,4,2024-08-11,5081.63,Cash
2492,1197,785,2,2025-06-03,971.32,Wire Transfer
2493,1635,511,1,2023-02-24,5245.68,Debit Card
2494,1151,492,3,2022-09-26,2896.46,Wire Transfer
2495,489,344,4,2023-07-08,9155.12,Debit Card
2496,1478,329,2,2025-07-29,4285.68,Credit Card
2497,396,359,3,2022-01-15,6521.79,Cash
2498,798,371,3,2024-09-16,8672.73,Debit Card
2499,2058,392,3,2023-11-28,9845.07,Wire Transfer
2500,1746,565,1,2022-08-24,5286.28,Debit Card
2501,717,683,5,2023-04-14,4829.7,Debit Card
2502,1859,520,3,2022-11-25,1219.53,Debit Card
2503,2066,690,4,2025-07-05,621.02,Debit Card
2504,1065,713,2,2023-12-05,6283.62,Debit Card
2505,1342,742,4,2024-04-02,1121.91,Debit Card
2506,1006,701,1,2024-05-16,4113.6,Wire Transfer
2507,2133,700,1,2024-07-22,534.26,Debit Card
2508,1383,515,4,2023-12-25,6344.66,Debit Card
2509,1015,779,5,2022-01-27,4541.44,Debit Card
2510,428,687,1,2023-05-04,1706.7,Cash
2511,2101,577,1,2022-09-26,3315.49,Credit Card
2512,416,364,4,2024-09-20,5911.78,Credit Card
2513,1148,646,1,2022-03-24,6738.78,Credit Card
2514,1920,592,5,2024-04-03,4892.19,Wire Transfer
2515,215,790,5,2022-11-04,8137.61,Wire Transfer
2516,1381,785,5,2025-10-17,1568.18,Wire Transfer
2517,1872,545,2,2023-05-05,1303.18,Debit Card
2518,1485,770,5,2023-04-20,920.32,Credit Card
2519,1381,362,5,2025-09-10,5590.36,Debit Card
2520,247,726,2,2023-09-02,7209.2,Cash
2521,524,632,3,2025-11-06,1739.95,Credit Card
2522,1044,470,1,2022-02-05,6569.98,Cash
2523,1909,745,5,2023-03-24,5031.0,Cash
2524,330,569,1,2024-08-30,9879.77,Debit Card
2525,1635,567,4,2025-07-24,7316.0,Credit Card
2526,295,354,1,2023-01-10,6746.0,Cash
2527,827,316,2,2025-09-20,5919.27,Credit Card
2528,955,308,1,2024-05-17,9974.98,Cash
2529,2156,404,1,2025-03-15,9814.36,Cash
2530,1516,359,1,2023-08-03,5612.09,Debit Card
2531,994,613,3,2022-11-06,4824.24,Credit Card
2532,2035,340,3,2025-08-23,4890.09,Debit Card
2533,1507,537,4,2025-09-24,4569.25,Debit Card
2534,269,743,2,2023-12-28,5548.28,Debit Card
2535,1884,686,1,2022-01-10,3099.05,Debit Card
2536,211,394,1,2022-06-10,9304.49,Debit Card
2537,1478,522,1,2024-04-16,5157.19,Cash
2538,2066,504,1,2022-02-04,8499.07,Credit Card
2539,1072,438,3,2023-08-03,5015.38,Credit Card
2540,750,600,4,2023-03-19,7323.76,Debit Card
2541,1358,695,5,2024-11-08,3700.38,Credit Card
2542,912,507,2,2022-03-23,6435.67,Cash
2543,223,636,1,2023-12-15,5234.53,Debit Card
2544,1015,381,4,2024-04-25,3987.59,Wire Transfer
2545,546,518,5,2024-06-20,8874.78,Wire Transfer
2546,502,302,4,2023-08-15,1570.76,Cash
2547,563,478,3,2023-03-21,5125.77,Cash
2548,596,696,5,2024-09-23,2346.51,Wire Transfer
2549,418,671,4,2025-05-22,8680.02,Debit Card
2550,341,646,3,2024-10-09,2907.96,Cash
2551,1840,579,4,2025-09-22,6517.59,Wire Transfer
2552,1158,446,4,2024-11-13,2072.85,Debit Card
2553,1434,618,5,2025-01-21,4346.68,Cash
2554,1185,524,3,2022-09-03,9043.89,Credit Card
2555,1193,669,1,2023-09-05,2077.61,Credit Card
2556,1847,684,2,2023-12-10,6800.36,Credit Card
2557,1840,362,5,2023-01-10,2442.85,Debit Card
2558,1028,594,3,2024-02-11,4449.62,Cash
2559,883,539,4,2023-03-01,5635.86,Wire Transfer
2560,1684,495,3,2024-09-30,5984.41,Cash
2561,1204,466,2,2023-11-18,6223.86,Credit Card
2562,556,751,2,2023-11-01,6581.25,Credit Card
2563,1208,522,1,2025-12-07,3081.8,Debit Card
2564,1548,361,1,2023-07-27,4312.99,Wire Transfer
2565,1357,429,2,2023-06-13,854.53,Debit Card
2566,1088,778,5,2023-04-11,7803.19,Wire Transfer
2567,2029,473,5,2025-07-30,8452.45,Cash
2568,2064,780,4,2023-12-27,2392.75,Debit Card
2569,327,456,1,2024-05-26,2413.72,Debit Card
2570,1330,705,4,2022-09-21,899.35,Debit Card
2571,1209,678,1,2024-02-29,9718.65,Credit Card
2572,804,410,2,2023-02-05,8168.27,Credit Card
2573,2023,569,5,2024-12-02,3926.68,Wire Transfer
2574,1602,711,5,2025-04-30,5078.13,Cash
2575,2129,656,2,2024-11-09,3273.69,Debit Card
2576,1214,691,4,2024-12-02,6173.82,Credit Card
2577,251,578,4,2024-01-19,7314.43,Debit Card
2578,1253,374,3,2024-11-05,4750.0,Wire Transfer
2579,1686,787,1,2023-09-10,8799.14,Wire Transfer
2580,1520,737,4,2024-08-09,5411.75,Cash
2581,1521,763,2,2023-01-14,1870.41,Wire Transfer
2582,1950,507,4,2022-04-12,6411.77,Debit Card
2583,979,688,5,2023-08-27,4891.19,Cash
2584,1631,780,1,2023-11-06,9388.88,Cash
2585,1993,579,3,2023-01-10,4222.99,Credit Card
2586,1014,675,1,2024-11-28,4327.22,Debit Card
2587,1837,626,5,2022-04-18,6682.35,Wire Transfer
2588,1629,772,5,2022-11-22,5506.37,Credit Card
2589,1570,640,5,2024-12-28,4057.27,Debit Card
2590,1846,657,5,2023-10-01,9902.86,Debit Card
2591,620,640,2,2024-10-26,3370.76,Cash
2592,1406,504,3,2024-04-08,3136.52,Cash
2593,1183,461,5,2025-10-20,8712.06,Debit Card
2594,1025,328,5,2024-05-22,532.04,Credit Card
2595,1225,692,4,2022-01-22,2411.91,Cash
2596,2055,557,3,2023-05-31,6109.24,Cash
2597,2174,465,1,2022-07-28,2043.28,Debit Card
2598,767,363,3,2025-09-11,9865.14,Debit Card
2599,571,322,3,2022-06-01,4909.86,Cash
2600,1136,370,3,2023-07-21,6174.96,Credit Card
2601,2135,681,5,2022-11-27,2023.55,Cash
2602,861,705,5,2025-05-21,3249.09,Debit Card
2603,1655,396,2,2023-03-27,6338.94,Cash
2604,1169,463,1,2025-12-19,5720.76,Debit Card
2605,1533,379,4,2022-02-26,7951.46,Cash
2606,1361,305,3,2022-07-07,3057.72,Debit Card
2607,402,616,1,2022-11-24,6708.65,Debit Card
2608,1660,420,1,2025-03-30,3264.27,Credit Card
2609,513,602,2,2025-07-06,6074.15,Debit Card
2610,317,478,4,2022-04-15,6247.79,Cash
2611,1890,476,3,2022-02-17,1657.47,Debit Card
2612,1137,690,4,2024-12-23,5712.01,Wire Transfer
2613,2027,517,2,2022-07-14,613.41,Cash
2614,775,356,5,2022-07-14,5261.5,Credit Card
2615,444,666,1,2022-02-02,7126.46,Cash
2616,737,487,3,2022-03-14,1191.91,Credit Card
2617,1826,532,5,2023-01-20,9417.75,Wire Transfer
2618,275,555,2,2022-04-05,4858.18,Credit Card
2619,2030,713,4,2023-06-23,9414.95,Debit Card
2620,586,755,1,2025-04-30,1520.29,Wire Transfer
2621,2127,404,3,2023-04-22,9524.07,Wire Transfer
2622,1434,377,5,2024-11-28,1537.37,Credit Card
2623,675,530,5,2022-05-18,4884.21,Cash
2624,618,702,1,2024-08-20,9410.92,Credit Card
2625,547,558,4,2023-04-08,2710.73,Credit Card
2626,1753,564,2,2024-12-30,830.46,Wire Transfer
2627,840,631,4,2022-07-18,8034.55,Debit Card
2628,1139,781,4,2025-08-03,6160.89,Cash
2629,1155,482,4,2022-12-21,5382.25,Credit Card
2630,1076,681,1,2023-05-31,826.26,Debit Card
2631,963,556,1,2025-10-19,6705.7,Debit Card
2632,1403,338,2,2024-04-24,2130.42,Cash
2633,1406,476,4,2023-06-19,9346.37,Debit Card
2634,864,327,1,2025-10-18,7014.41,Credit Card
2635,225,576,2,2023-04-26,7216.82,Wire Transfer
2636,2191,440,2,2022-05-19,2709.51,Debit Card
2637,1404,599,4,2025-12-26,8867.16,Wire Transfer
2638,910,745,3,2023-01-27,5608.46,Cash
2639,1725,587,4,2025-05-27,8642.3,Cash
2640,2080,391,3,2022-08-30,3074.0,Debit Card
2641,1385,780,2,2024-12-03,7676.89,Wire Transfer
2642,377,361,1,2024-02-05,5958.39,Credit Card
2643,485,758,5,2025-12-03,959.98,Wire Transfer
2644,263,751,2,2024-03-18,4350.75,Debit Card
2645,1203,665,1,2022-02-06,2247.15,Wire Transfer
2646,862,647,2,2024-05-31,3912.15,Wire Transfer
2647,866,463,4,2022-08-01,4141.84,Cash
2648,356,651,3,2025-03-11,5011.82,Debit Card
2649,2106,443,2,2025-06-04,6202.76,Wire Transfer
2650,1693,700,1,2023-12-05,5924.29,Debit Card
2651,1273,553,4,2025-02-17,870.42,Credit Card
2652,1167,569,5,2022-07-31,7631.55,Debit Card
2653,1049,669,4,2023-12-20,9517.25,Credit Card
2654,1308,591,3,2023-07-30,3812.47,Debit Card
2655,1585,800,4,2024-06-11,2207.6,Debit Card
2656,889,759,5,2022-03-06,5630.01,Wire Transfer
2657,348,487,1,2025-01-03,7196.67,Wire Transfer
2658,1854,705,2,2022-04-26,6949.6,Credit Card
2659,542,799,3,2024-08-16,6315.04,Credit Card
2660,676,738,5,2022-01-27,1889.21,Cash
2661,1287,759,3,2025-04-29,8449.84,Wire Transfer
2662,1925,714,4,2022-09-13,4543.4,Credit Card
2663,1584,604,3,2024-01-23,2603.95,Wire Transfer
2664,761,591,5,2023-01-17,1319.53,Debit Card
2665,527,386,2,2024-11-21,4458.83,Cash
2666,1993,466,2,2023-04-15,6370.74,Wire Transfer
2667,1960,715,3,2024-11-23,6821.09,Wire Transfer
2668,1365,762,1,2023-02-20,9646.0,Wire Transfer
2669,1190,708,3,2025-01-03,1954.91,Wire Transfer
2670,415,414,4,2022-02-14,9864.85,Credit Card
2671,635,733,2,2023-02-18,6719.42,Credit Card
2672,2115,780,2,2023-12-30,4815.18,Cash
2673,1152,656,2,2022-03-07,8937.85,Debit Card
2674,923,716,1,2022-09-29,7097.56,Debit Card
2675,1542,483,1,2025-09-26,3812.81,Cash
2676,232,507,5,2025-11-27,8898.81,Debit Card
2677,870,556,3,2024-12-16,6832.85,Credit Card
2678,485,535,3,2023-01-04,7138.95,Wire Transfer
2679,1529,742,4,2023-01-16,9015.7,Debit Card
2680,629,655,2,2024-07-31,4759.95,Wire Transfer
2681,1701,303,1,2022-06-21,6740.59,Wire Transfer
2682,486,508,4,2025-10-16,7574.55,Credit Card
2683,1368,497,4,2022-11-25,4812.43,Wire Transfer
2684,1648,641,1,2025-12-30,1292.8,Debit Card
2685,1243,425,3,2023-12-25,7828.68,Credit Card
2686,218,438,2,2025-01-31,954.26,Cash
2687,969,639,3,2022-01-04,7320.19,Credit Card
2688,790,325,4,2025-07-21,9153.31,Debit Card
2689,1595,368,2,2023-01-30,3796.21,Credit Card
2690,1399,361,5,2024-09-02,1469.59,Debit Card
2691,1210,329,4,2025-03-23,2712.21,Debit Card
2692,394,683,3,2022-08-28,5841.67,Credit Card
2693,702,319,3,2023-10-09,9455.27,Debit Card
2694,1188,471,3,2023-12-23,5366.69,Cash
2695,1337,750,1,2023-04-01,1571.0,Debit Card
2696,314,374,4,2023-12-05,6463.94,Cash
2697,1446,361,2,2023-04-09,7462.03,Cash
2698,1902,727,3,2023-06-11,4236.19,Debit Card
2699,1147,453,3,2024-09-04,7354.38,Wire Transfer
2700,1031,576,1,2024-07-12,3585.82,Cash
2701,1868,348,2,2022-12-06,7996.36,Cash
2702,2121,511,4,2025-08-03,3740.19,Credit Card
2703,1488,643,5,2025-06-13,2933.02,Cash
2704,1125,708,1,2024-01-14,8852.22,Cash
2705,255,439,4,2023-09-25,5710.5,Cash
2706,2095,410,5,2023-07-05,3208.98,Cash
2707,1867,782,3,2024-10-29,9383.33,Wire Transfer
2708,1000,483,3,2024-09-07,7063.09,Cash
2709,978,328,2,2022-10-14,2596.65,Debit Card
2710,1682,497,5,2024-09-07,6339.1,Wire Transfer
2711,2102,491,3,2023-01-04,8768.41,Cash
2712,362,615,3,2022-01-28,7113.45,Debit Card
2713,1604,689,2,2024-10-17,2825.21,Debit Card
2714,287,351,4,2024-07-30,6664.06,Wire Transfer
2715,255,449,3,2023-08-23,6382.01,Wire Transfer
2716,1700,568,1,2024-02-07,8298.01,Debit Card
2717,2024,350,1,2025-10-14,2192.26,Wire Transfer
2718,1402,688,4,2024-05-18,7146.53,Wire Transfer
2719,1615,546,5,2024-08-18,760.02,Credit Card
2720,1573,413,2,2022-04-04,7113.67,Wire Transfer
2721,1232,470,1,2022-08-31,9624.15,Credit Card
2722,1033,768,1,2023-03-16,2156.69,Wire Transfer
2723,513,466,4,2024-02-27,3457.35,Wire Transfer
2724,959,709,5,2025-02-07,6037.28,Debit Card
2725,2059,314,5,2023-04-15,7457.75,Credit Card
2726,643,503,4,2023-06-05,3771.53,Wire Transfer
2727,1991,588,1,2023-01-09,6810.46,Cash
2728,528,695,2,2023-01-07,9043.15,Wire Transfer
2729,1278,489,1,2025-10-17,7402.31,Debit Card
2730,961,702,5,2024-07-16,7254.72,Debit Card
2731,1463,455,1,2022-08-16,4128.72,Debit Card
2732,1453,355,2,2024-11-20,9158.58,Credit Card
2733,779,482,3,2024-11-20,3134.57,Credit Card
2734,1275,510,1,2024-08-31,2450.16,Credit Card
2735,1833,676,4,2022-07-16,3960.13,Cash
2736,1828,771,3,2023-08-19,6676.48,Credit Card
2737,1207,375,4,2022-06-05,8685.94,Debit Card
2738,1488,577,4,2025-04-07,1754.75,Credit Card
2739,1642,728,4,2024-08-14,8231.12,Credit Card
2740,2027,433,1,2024-01-11,8221.82,Wire Transfer
2741,296,643,5,2023-05-16,6075.73,Credit Card
2742,1312,725,3,2022-09-27,7726.16,Wire Transfer
2743,1302,359,2,2022-06-05,2227.87,Credit Card
2744,1512,645,5,2025-11-16,2111.07,Wire Transfer
2745,1344,789,1,2022-10-19,8696.6,Debit Card
2746,1014,482,4,2022-03-29,5232.41,Credit Card
2747,691,758,2,2025-11-05,2836.4,Debit Card
2748,2136,706,3,2024-03-12,7042.94,Credit Card
2749,652,639,5,2025-03-09,8972.81,Cash
2750,1724,621,5,2022-03-05,6507.07,Cash
2751,365,364,2,2024-04-07,3799.78,Debit Card
2752,382,627,1,2023-08-05,5090.76,Debit Card
2753,669,560,3,2025-02-01,7646.56,Cash
2754,1110,493,2,2022-02-26,1141.26,Cash
2755,935,443,4,2023-08-10,2563.06,Wire Transfer
2756,1023,404,3,2025-03-12,4894.54,Credit Card
2757,1144,760,5,2024-02-03,6240.29,Cash
2758,207,706,2,2024-03-14,3722.07,Debit Card
2759,530,514,5,2022-05-22,3334.71,Debit Card
2760,975,542,5,2022-07-13,893.15,Cash
2761,1897,731,5,2024-09-15,809.72,Debit Card
2762,351,509,1,2024-09-12,3147.6,Credit Card
2763,1309,393,5,2025-11-30,5539.81,Wire Transfer
2764,347,730,4,2024-11-05,5785.53,Credit Card
2765,1848,442,4,2023-12-22,5193.26,Wire Transfer
2766,1605,734,3,2025-06-05,4393.87,Wire Transfer
2767,1115,704,5,2022-06-02,2896.77,Cash
2768,1772,734,5,2023-10-18,4306.6,Debit Card
2769,1509,412,2,2023-02-24,1818.22,Wire Transfer
2770,900,717,1,2022-06-02,1594.96,Cash
2771,282,675,3,2025-01-19,3349.46,Debit Card
2772,714,359,5,2024-01-16,9955.81,Debit Card
2773,2121,343,2,2024-03-23,3601.72,Wire Transfer
2774,1015,507,1,2023-08-24,9396.34,Debit Card
2775,909,568,3,2023-11-04,4226.49,Credit Card
2776,2140,596,3,2022-06-19,4670.59,Debit Card
2777,1747,418,5,2024-09-09,8072.1,Credit Card
2778,946,320,3,2023-09-24,1389.56,Debit Card
2779,1223,522,2,2025-04-07,2231.98,Wire Transfer
2780,1610,466,3,2022-10-14,9751.48,Wire Transfer
2781,907,431,4,2022-10-27,5306.21,Cash
2782,671,456,2,2024-07-31,920.94,Credit Card
2783,1343,484,1,2025-05-20,950.12,Credit Card
2784,596,390,1,2023-11-21,9118.79,Wire Transfer
2785,1756,394,5,2024-11-27,8796.97,Wire Transfer
2786,461,313,5,2025-12-30,4854.79,Wire Transfer
2787,1005,761,4,2025-12-16,2050.61,Credit Card
2788,1134,622,1,2024-12-22,8387.7,Cash
2789,1480,593,1,2024-12-15,3583.7,Credit Card
2790,1958,733,1,2022-12-28,4481.05,Wire Transfer
2791,1105,530,1,2025-05-01,6983.53,Cash
2792,1450,622,3,2023-08-15,3857.28,Debit Card
2793,1277,592,2,2025-11-05,6472.36,Debit Card
2794,1140,738,2,2022-04-29,8910.19,Wire Transfer
2795,2091,326,4,2023-09-29,8075.05,Cash
2796,1724,375,3,2024-03-22,4125.31,Wire Transfer
2797,1730,756,1,2023-08-15,3235.4,Credit Card
2798,1054,664,1,2022-11-04,3212.35,Credit Card
2799,1588,724,5,2024-05-15,3811.62,Cash
2800,1504,599,5,2025-01-08,5188.41,Wire Transfer
2801,793,450,4,2024-07-30,4457.68,Wire Transfer
2802,914,448,1,2022-12-09,1763.54,Debit Card
2803,1382,308,4,2024-12-04,2052.83,Cash
2804,832,329,3,2023-01-11,3757.83,Wire Transfer
2805,259,596,2,2022-09-13,5839.61,Credit Card
2806,1951,774,1,2024-10-05,6130.31,Wire Transfer
2807,328,714,3,2025-05-15,5118.97,Wire Transfer
2808,936,509,1,2023-12-05,7518.37,Credit Card
2809,921,428,5,2024-02-15,7503.86,Credit Card
2810,2106,640,4,2023-03-19,4562.46,Wire Transfer
2811,1339,416,5,2023-12-24,1682.19,Credit Card
2812,1433,739,2,2022-07-12,5536.66,Debit Card
2813,726,444,5,2025-10-27,4123.96,Debit Card
2814,721,730,1,2025-03-14,1810.27,Debit Card
2815,752,618,5,2024-09-02,9827.26,Credit Card
2816,2186,535,1,2024-02-25,4012.68,Credit Card
2817,437,307,2,2025-03-02,6445.08,Credit Card
2818,1505,764,5,2023-12-24,5156.22,Cash
2819,1583,345,4,2023-03-14,1856.87,Credit Card
2820,1425,743,4,2022-08-23,1027.66,Debit Card
2821,1982,539,4,2024-08-03,6444.81,Debit Card
2822,1502,740,5,2025-09-18,2846.71,Debit Card
2823,1459,732,5,2022-08-13,2814.71,Cash
2824,694,455,5,2022-09-20,9591.27,Wire Transfer
2825,204,481,1,2023-09-26,4886.85,Debit Card
2826,866,515,2,2025-03-24,779.55,Cash
2827,642,388,4,2023-03-06,3728.51,Wire Transfer
2828,229,556,1,2023-01-06,6052.67,Cash
2829,1333,373,4,2024-06-24,3621.39,Cash
2830,810,719,1,2024-02-21,755.09,Wire Transfer
2831,1951,479,5,2022-03-29,4720.96,Credit Card
2832,1005,512,4,2022-04-29,1506.11,Credit Card
2833,275,593,5,2024-07-27,6382.02,Debit Card
2834,1038,534,4,2023-11-11,6386.08,Wire Transfer
2835,1370,765,3,2025-11-18,858.71,Debit Card
2836,328,539,1,2024-09-17,3261.33,Cash
2837,2077,523,3,2022-01-15,4430.02,Credit Card
2838,242,419,1,2023-12-04,5727.51,Debit Card
2839,1580,613,2,2023-08-29,3312.6,Debit Card
2840,241,564,4,2022-06-05,3233.59,Credit Card
2841,1134,507,2,2025-09-09,9838.64,Cash
2842,234,395,2,2025-03-21,897.7,Debit Card
2843,1241,673,1,2022-12-02,9895.93,Debit Card
2844,1901,522,3,2023-01-09,953.64,Wire Transfer
2845,1377,666,5,2022-02-16,3239.24,Wire Transfer
2846,1198,576,1,2023-03-10,5190.06,Credit Card
2847,1602,680,5,2024-05-03,1861.33,Credit Card
2848,788,531,2,2023-09-07,1781.04,Cash
2849,1823,609,5,2025-11-16,2934.97,Cash
2850,1853,419,3,2022-03-23,9748.32,Debit Card
2851,2098,568,1,2024-05-13,4111.11,Wire Transfer
2852,542,733,3,2025-06-07,5876.95,Cash
2853,227,573,3,2023-12-03,7190.77,Debit Card
2854,2049,364,1,2022-01-05,7551.11,Debit Card
2855,1511,598,3,2022-12-21,7036.39,Credit Card
2856,846,650,4,2023-04-18,3700.82,Wire Transfer
2857,931,713,4,2025-11-11,1561.41,Debit Card
2858,368,703,4,2025-08-24,3176.31,Credit Card
2859,810,794,5,2025-10-17,2497.8,Debit Card
2860,468,311,3,2025-04-20,1794.63,Wire Transfer
2861,1973,398,1,2023-05-29,732.72,Debit Card
2862,1021,734,1,2025-08-15,9389.4,Debit Card
2863,655,371,5,2025-12-04,9249.83,Cash
2864,1106,664,1,2023-05-27,978.96,Cash
2865,1909,358,4,2023-01-16,2144.3,Credit Card
2866,1625,590,3,2024-03-09,1825.25,Debit Card
2867,1122,551,1,2022-10-01,3171.62,Credit Card
2868,1181,576,1,2022-02-17,2438.65,Wire Transfer
2869,1700,350,2,2025-10-12,9485.61,Credit Card
2870,902,658,2,2025-09-13,1299.62,Debit Card
2871,834,516,2,2022-08-26,2510.87,Cash
2872,1782,694,3,2023-08-19,1266.87,Cash
2873,1800,716,4,2025-04-28,9813.66,Credit Card
2874,330,352,4,2024-08-23,9224.93,Cash
2875,1220,571,4,2023-07-31,7308.0,Debit Card
2876,2046,785,3,2024-12-22,4546.74,Debit Card
2877,1587,384,3,2025-08-02,2306.69,Wire Transfer
2878,1929,687,2,2025-09-14,2604.15,Cash
2879,1019,593,1,2023-07-08,4708.88,Cash
2880,893,426,5,2022-09-11,7798.12,Wire Transfer
2881,1516,596,5,2025-08-25,3014.93,Credit Card
2882,1595,372,1,2022-05-16,3452.52,Wire Transfer
2883,994,596,2,2024-11-19,6199.47,Cash
2884,229,536,1,2022-07-25,2758.43,Credit Card
2885,349,356,1,2023-07-23,6050.08,Debit Card
2886,2003,707,5,2023-08-24,4177.74,Debit Card
2887,1520,660,2,2022-08-20,826.5,Wire Transfer
2888,211,695,3,2025-09-09,4325.66,Debit Card
2889,1736,410,5,2022-01-04,9235.49,Cash
2890,876,492,3,2025-07-28,3284.56,Wire Transfer
2891,1337,692,2,2025-07-14,3566.91,Cash
2892,387,393,1,2023-04-08,1126.44,Cash
2893,1007,650,4,2024-10-25,6342.95,Credit Card
2894,944,356,4,2023-01-05,8567.8,Credit Card
2895,1451,360,2,2025-01-12,3852.77,Credit Card
2896,1534,438,4,2024-03-30,2782.33,Debit Card
2897,298,339,3,2023-03-15,9587.81,Credit Card
2898,255,328,4,2023-08-08,7578.19,Cash
2899,823,349,2,2024-10-04,5888.05,Wire Transfer
2900,864,720,2,2025-08-15,3402.55,Wire Transfer
2901,958,425,3,2022-07-10,2597.58,Cash
2902,606,313,4,2024-04-14,7299.57,Debit Card
2903,269,780,4,2023-01-06,5456.99,Wire Transfer
2904,1536,336,1,2025-03-16,5445.7,Cash
2905,1513,401,5,2022-04-13,1200.24,Cash
2906,1986,582,2,2024-10-02,5365.85,Cash
2907,1772,386,1,2022-09-13,8316.07,Wire Transfer
2908,951,304,2,2024-05-20,9494.59,Wire Transfer
2909,1372,523,1,2025-05-05,1513.48,Credit Card
2910,1691,638,5,2025-01-07,6496.07,Credit Card
2911,1963,748,1,2025-01-04,5899.3,Cash
2912,1468,466,2,2024-01-27,8957.97,Cash
2913,1715,683,4,2025-07-24,7636.82,Cash
2914,2073,644,2,2024-05-08,9669.99,Cash
2915,1158,683,3,2025-09-01,9620.31,Wire Transfer
2916,1731,676,3,2024-03-08,2644.01,Credit Card
2917,565,771,3,2024-01-09,7390.83,Debit Card
2918,682,578,3,2022-11-21,5539.97,Cash
2919,401,430,5,2024-03-06,2538.72,Credit Card
2920,354,331,4,2022-07-25,2351.26,Cash
2921,1674,675,4,2025-06-23,1270.3,Wire Transfer
2922,1725,311,2,2024-09-13,8057.68,Debit Card
2923,273,776,1,2025-12-21,3582.8,Credit Card
2924,913,602,2,2022-05-15,8641.2,Credit Card
2925,496,396,2,2022-12-18,6279.0,Debit Card
2926,1241,490,2,2025-07-04,6899.52,Wire Transfer
2927,1865,753,2,2023-08-01,3270.9,Debit Card
2928,1441,492,4,2023-11-12,4844.3,Credit Card
2929,261,786,1,2025-06-10,4417.02,Debit Card
2930,1139,566,2,2024-02-01,2739.04,Wire Transfer
2931,1840,724,4,2022-10-10,8408.87,Wire Transfer
2932,242,428,2,2025-07-26,6409.8,Cash
2933,225,538,3,2022-02-15,855.6,Debit Card
2934,1263,708,2,2025-07-31,8289.21,Debit Card
2935,2027,655,2,2022-03-15,1507.36,Credit Card
2936,331,728,5,2024-08-30,4335.12,Wire Transfer
2937,1722,412,3,2022-04-15,5926.94,Debit Card
2938,1453,616,1,2024-10-28,572.69,Credit Card
2939,308,746,2,2022-02-19,6702.63,Cash
2940,372,643,1,2025-05-14,6767.18,Debit Card
2941,1659,445,3,2023-11-12,6699.0,Debit Card
2942,1702,365,2,2022-05-17,2052.95,Credit Card
2943,302,547,5,2024-10-28,2929.46,Credit Card
2944,1066,523,4,2023-12-16,2850.07,Wire Transfer
2945,724,779,5,2022-10-06,9620.64,Wire Transfer
2946,475,790,5,2022-01-23,1141.52,Wire Transfer
2947,1837,613,4,2023-09-03,4573.23,Debit Card
2948,1268,739,4,2022-05-06,8776.91,Credit Card
2949,2179,406,4,2022-05-18,7809.93,Wire Transfer
2950,1017,481,2,2023-01-26,8313.2,Debit Card
2951,1157,484,1,2024-07-09,9736.79,Wire Transfer
2952,1241,526,1,2024-02-13,4178.99,Cash
2953,530,565,4,2022-04-11,3441.73,Debit Card
2954,1793,578,5,2025-11-14,791.27,Wire Transfer
2955,2047,697,3,2025-07-19,1925.18,Wire Transfer
2956,1721,389,4,2023-01-14,5839.14,Cash
2957,2039,476,5,2022-06-28,1997.78,Cash
2958,212,318,5,2025-10-07,7494.9,Wire Transfer
2959,1542,671,2,2023-11-05,853.71,Wire Transfer
2960,1816,760,2,2023-03-31,2965.14,Credit Card
2961,416,724,1,2023-12-17,7106.8,Wire Transfer
2962,539,701,1,2025-02-02,2927.28,Wire Transfer
2963,2000,699,3,2022-09-03,7423.22,Credit Card
2964,861,406,3,2025-01-25,9960.71,Credit Card
2965,1305,571,3,2024-12-30,8072.3,Wire Transfer
2966,1951,763,3,2024-02-27,3747.44,Credit Card
2967,1709,619,5,2025-06-18,9055.62,Debit Card
2968,574,467,5,2022-07-12,986.21,Cash
2969,1176,313,1,2024-05-19,7387.56,Debit Card
2970,910,637,2,2023-10-19,721.56,Cash
2971,1424,332,2,2023-09-09,2158.28,Cash
2972,1761,693,4,2023-01-04,9882.06,Wire Transfer
2973,666,340,5,2023-06-28,3928.41,Cash
2974,1313,448,3,2022-06-07,8294.74,Debit Card
2975,1492,518,3,2023-01-03,4072.82,Wire Transfer
2976,1879,519,4,2023-02-02,8480.27,Credit Card
2977,1795,769,2,2024-11-18,9671.68,Debit Card
2978,2146,382,3,2022-03-12,4637.59,Wire Transfer
2979,689,633,2,2024-08-08,5813.82,Cash
2980,2101,508,4,2022-11-20,6472.08,Debit Card
2981,1762,501,2,2022-04-30,9380.93,Cash
2982,247,747,2,2023-03-16,2939.07,Wire Transfer
2983,1512,632,2,2022-11-24,6306.87,Wire Transfer
2984,978,728,3,2024-03-16,3584.84,Credit Card
2985,1240,338,1,2023-06-06,2560.87,Credit Card
2986,911,511,5,2025-11-11,1306.74,Debit Card
2987,601,744,2,2025-11-07,6396.75,Credit Card
2988,2143,627,2,2023-10-10,8879.81,Cash
2989,2018,549,2,2025-03-06,3838.23,Cash
2990,1181,527,1,2022-01-20,5750.35,Credit Card
2991,1310,348,4,2024-03-10,6600.27,Credit Card
2992,450,318,3,2024-12-21,4439.18,Credit Card
2993,591,700,1,2022-11-13,9081.8,Debit Card
2994,2006,739,2,2022-03-31,3946.17,Debit Card
2995,535,595,1,2022-08-16,1687.6,Cash
2996,829,496,1,2023-10-08,1868.19,Debit Card
2997,1743,487,1,2024-01-10,8963.15,Debit Card
2998,337,645,4,2023-07-11,9886.08,Wire Transfer
2999,1083,524,5,2023-10-05,3244.91,Cash
3000,888,618,3,2023-11-18,1864.23,Cash
3001,2064,788,4,2025-01-28,5081.02,Credit Card
3002,1722,697,4,2022-06-03,7240.52,Wire Transfer
3003,1027,665,5,2025-01-27,6317.83,Credit Card
3004,927,637,4,2024-10-02,9535.53,Debit Card
3005,1701,797,1,2024-12-18,8268.89,Cash
3006,794,529,1,2024-12-08,8755.24,Debit Card
3007,1447,690,2,2023-11-19,5645.84,Debit Card
3008,1190,767,4,2022-11-05,3609.11,Wire Transfer
3009,572,377,2,2024-02-23,7166.49,Wire Transfer
3010,1135,488,3,2025-10-30,4671.0,Cash
3011,1195,646,1,2024-05-09,3233.67,Cash
3012,602,570,3,2022-01-17,1946.57,Wire Transfer
3013,1667,395,5,2022-03-29,5514.8,Wire Transfer
3014,1714,610,1,2025-12-20,6145.41,Wire Transfer
3015,815,432,3,2022-04-16,5903.46,Wire Transfer
3016,1497,339,5,2022-03-09,1607.21,Cash
3017,1750,372,3,2023-05-31,5914.88,Cash
3018,1383,581,5,2025-11-16,2099.93,Debit Card
3019,1376,633,5,2023-04-11,6805.28,Debit Card
3020,1195,460,1,2023-08-22,4579.15,Debit Card
3021,820,487,2,2024-07-14,8563.49,Cash
3022,388,786,5,2022-02-05,7893.52,Credit Card
3023,2037,491,5,2025-08-03,7381.63,Debit Card
3024,1322,722,1,2024-01-29,7157.0,Credit Card
3025,331,420,2,2023-11-13,5824.64,Credit Card
3026,1005,520,4,2025-06-10,1080.58,Credit Card
3027,1395,353,4,2025-10-23,6727.15,Wire Transfer
3028,1136,522,2,2023-09-11,4935.76,Cash
3029,1186,751,3,2022-09-09,4960.77,Cash
3030,383,712,1,2025-04-05,4100.71,Debit Card
3031,1183,431,2,2023-08-12,9326.17,Debit Card
3032,564,537,4,2025-09-27,2869.79,Cash
3033,239,546,5,2025-10-18,3507.65,Wire Transfer
3034,1751,526,4,2022-06-17,9648.89,Cash
3035,2112,508,5,2025-10-28,8196.46,Credit Card
3036,697,706,1,2023-06-22,633.82,Cash
3037,1740,396,5,2024-08-01,9108.02,Wire Transfer
3038,1573,722,2,2022-02-20,2653.15,Cash
3039,1182,500,5,2025-07-21,7206.36,Cash
3040,1121,547,3,2024-07-25,5754.19,Cash
3041,1621,372,2,2024-07-28,5599.71,Credit Card
3042,922,618,1,2025-08-10,7320.25,Debit Card
3043,1385,485,2,2024-01-13,2468.22,Wire Transfer
3044,216,306,3,2023-08-23,2010.74,Credit Card
3045,693,506,1,2025-06-18,6693.17,Cash
3046,1650,332,4,2024-12-19,3260.5,Cash
3047,1332,399,3,2025-10-17,9752.53,Debit Card
3048,1094,694,1,2025-10-04,4789.36,Debit Card
3049,1674,687,5,2023-07-13,1560.17,Debit Card
3050,511,556,2,2023-10-15,7015.24,Credit Card
3051,939,487,1,2023-01-09,3408.51,Wire Transfer
3052,1394,376,2,2024-08-22,1911.58,Debit Card
3053,746,477,5,2023-06-17,4516.82,Cash
3054,614,615,1,2025-02-21,9660.11,Wire Transfer
3055,451,587,4,2022-06-27,4408.59,Cash
3056,959,649,3,2022-06-19,3799.67,Cash
3057,2005,555,1,2022-10-26,4722.84,Wire Transfer
3058,1365,625,5,2022-05-04,615.1,Credit Card
3059,1498,490,1,2024-06-24,1764.46,Wire Transfer
3060,1640,608,2,2022-08-04,8571.91,Debit Card
3061,1832,645,1,2022-08-22,9791.33,Wire Transfer
3062,1963,427,4,2022-01-21,2000.44,Debit Card
3063,2115,725,1,2025-02-15,5587.42,Debit Card
3064,1263,587,3,2025-03-31,9680.17,Wire Transfer
3065,1014,554,1,2022-08-25,1987.52,Wire Transfer
3066,229,513,2,2024-12-15,2269.94,Debit Card
3067,1158,550,1,2023-09-25,9304.76,Cash
3068,677,384,4,2022-12-16,7204.03,Wire Transfer
3069,518,787,5,2024-06-26,1943.68,Credit Card
3070,445,683,1,2022-09-18,4238.18,Debit Card
3071,948,706,1,2025-01-10,1034.56,Cash
3072,897,688,3,2022-03-11,4610.38,Wire Transfer
3073,472,313,4,2025-11-01,7890.06,Wire Transfer
3074,1664,345,5,2022-04-15,5762.73,Cash
3075,1972,427,2,2024-04-25,6650.7,Credit Card
3076,1463,726,1,2025-08-10,3604.79,Debit Card
3077,577,414,5,2022-01-18,2033.26,Wire Transfer
3078,466,733,2,2023-12-29,624.61,Credit Card
3079,1126,576,4,2023-05-27,8302.47,Debit Card
3080,1121,800,4,2024-04-27,6548.22,Credit Card
3081,1583,505,5,2022-11-26,2678.55,Debit Card
3082,540,637,2,2022-04-05,4475.12,Debit Card
3083,589,738,4,2024-07-02,8113.71,Credit Card
3084,777,720,5,2023-09-01,5617.65,Debit Card
3085,1913,781,4,2024-06-27,3351.52,Wire Transfer
3086,203,685,4,2022-11-04,3038.25,Wire Transfer
3087,1653,699,4,2023-05-10,2567.33,Credit Card
3088,1366,761,3,2024-03-31,8325.43,Credit Card
3089,576,573,2,2024-05-15,6027.67,Debit Card
3090,1894,708,5,2023-06-28,7236.99,Debit Card
3091,524,358,5,2023-02-13,8671.14,Credit Card
3092,346,628,2,2023-02-04,9875.19,Cash
3093,2182,798,2,2022-09-13,2870.09,Credit Card
3094,493,519,2,2023-04-21,2218.57,Cash
3095,1889,409,2,2022-10-19,4888.98,Cash
3096,632,579,1,2024-07-14,833.18,Credit Card
3097,905,474,5,2024-04-10,8021.32,Credit Card
3098,1149,628,1,2023-07-13,8895.72,Credit Card
3099,2199,564,4,2023-04-21,7017.38,Cash
3100,785,615,4,2022-12-13,3045.95,Wire Transfer
3101,599,774,5,2024-02-21,1669.98,Wire Transfer
3102,1017,411,4,2025-09-03,4130.37,Credit Card
3103,2113,487,2,2024-09-28,8416.69,Credit Card
3104,1568,569,1,2024-12-22,3804.36,Debit Card
3105,1164,723,2,2025-05-03,825.42,Debit Card
3106,1364,529,4,2023-05-29,3105.66,Debit Card
3107,387,797,1,2022-04-02,9904.48,Credit Card
3108,2029,456,2,2024-06-27,6928.35,Wire Transfer
3109,261,773,5,2022-10-03,9058.12,Wire Transfer
3110,1139,489,2,2024-04-10,7861.22,Credit Card
3111,1604,572,4,2024-12-15,5627.2,Credit Card
3112,910,675,1,2025-02-18,1912.54,Cash
3113,1007,302,5,2023-03-17,3812.12,Cash
3114,1664,546,1,2024-01-19,6045.53,Wire Transfer
3115,1543,510,5,2024-06-25,8771.01,Debit Card
3116,1526,701,1,2025-04-11,3052.41,Wire Transfer
3117,1568,586,4,2025-01-16,1651.66,Cash
3118,211,659,5,2025-12-13,5808.91,Wire Transfer
3119,1286,313,3,2022-01-12,2176.76,Cash
3120,2069,396,1,2023-10-01,6298.44,Cash
3121,426,798,1,2023-01-09,3003.45,Debit Card
3122,1377,521,2,2022-06-25,2694.15,Debit Card
3123,1935,538,5,2025-08-23,4292.22,Cash
3124,764,394,3,2025-12-28,6135.32,Credit Card
3125,972,638,4,2022-09-21,5680.52,Debit Card
3126,1795,569,2,2022-02-26,2824.98,Cash
3127,1808,471,3,2023-02-06,8965.61,Credit Card
3128,1884,769,5,2025-05-03,1543.88,Credit Card
3129,2085,394,3,2023-03-06,874.94,Wire Transfer
3130,1799,449,1,2022-03-25,6225.71,Wire Transfer
3131,1534,412,1,2022-03-18,1672.37,Debit Card
3132,1085,355,2,2023-09-17,5296.46,Credit Card
3133,1467,637,5,2025-09-22,9541.85,Debit Card
3134,1717,724,5,2023-02-22,7136.51,Cash
3135,1590,767,3,2023-09-16,6365.84,Debit Card
3136,1554,416,2,2022-05-29,5960.65,Credit Card
3137,1331,443,5,2023-12-22,2205.62,Wire Transfer
3138,426,501,1,2024-10-13,4610.15,Debit Card
3139,1025,480,3,2023-01-31,3753.97,Wire Transfer
3140,418,502,4,2023-03-10,9554.21,Debit Card
3141,1137,664,1,2025-05-14,2802.04,Cash
3142,953,779,2,2022-01-16,4979.41,Credit Card
3143,706,353,5,2024-07-18,9411.75,Debit Card
3144,459,771,1,2023-07-30,7997.22,Cash
3145,2112,684,4,2023-03-12,9662.89,Cash
3146,1998,480,4,2024-08-18,6279.14,Cash
3147,1741,714,2,2025-05-03,3670.98,Wire Transfer
3148,1997,717,1,2024-03-26,8353.17,Wire Transfer
3149,254,613,3,2022-02-15,3268.83,Cash
3150,1271,608,1,2023-11-05,2065.34,Cash
3151,927,437,4,2023-11-07,7209.74,Debit Card
3152,889,482,2,2024-03-04,6570.08,Debit Card
3153,1745,667,2,2024-09-06,8850.01,Credit Card
3154,1323,301,3,2022-01-29,9638.29,Debit Card
3155,1244,344,2,2024-01-03,8643.38,Credit Card
3156,2114,527,2,2024-05-08,1070.21,Credit Card
3157,1977,631,2,2023-05-17,6812.88,Credit Card
3158,1797,398,2,2024-09-02,7954.96,Wire Transfer
3159,2115,508,2,2022-11-30,9828.32,Debit Card
3160,1714,565,4,2023-04-09,4059.28,Cash
3161,619,588,1,2025-11-06,2113.88,Credit Card
3162,890,571,5,2023-05-24,8602.86,Cash
3163,1050,440,2,2023-05-21,3515.93,Credit Card
3164,262,781,5,2024-05-19,6182.92,Debit Card
3165,1369,537,5,2025-11-18,4204.0,Credit Card
3166,416,762,4,2025-12-06,4322.1,Debit Card
3167,203,741,2,2024-04-26,7458.41,Cash
3168,360,692,5,2022-01-02,3934.01,Debit Card
3169,1963,372,2,2025-08-07,7084.21,Cash
3170,981,455,3,2024-04-12,636.12,Debit Card
3171,1344,490,3,2023-06-19,3584.15,Credit Card
3172,1093,568,3,2025-04-25,3530.92,Credit Card
3173,1313,621,5,2023-08-07,7613.94,Debit Card
3174,529,407,3,2022-02-19,3488.29,Cash
3175,780,532,4,2025-04-13,6516.61,Cash
3176,2134,342,4,2024-03-07,7040.98,Cash
3177,1581,490,5,2023-05-09,6755.04,Debit Card
3178,1834,671,2,2023-01-02,6231.29,Debit Card
3179,1491,439,1,2024-05-16,4429.36,Debit Card
3180,1841,403,2,2022-10-31,4046.4,Debit Card
3181,1152,471,2,2023-04-18,5863.55,Cash
3182,1547,651,2,2024-07-18,1105.18,Cash
3183,835,573,2,2025-07-11,8820.29,Wire Transfer
3184,1188,781,1,2024-02-18,8340.49,Debit Card
3185,1765,716,3,2025-01-13,3790.65,Wire Transfer
3186,1873,521,2,2025-01-19,5884.78,Debit Card
3187,1419,513,4,2024-08-27,9356.16,Wire Transfer
3188,1121,641,5,2022-12-25,3080.55,Cash
3189,938,724,5,2025-06-19,7553.33,Cash
3190,1556,707,4,2023-09-29,1285.95,Wire Transfer
3191,370,356,2,2022-03-06,5472.04,Credit Card
3192,721,690,1,2022-12-24,8897.71,Debit Card
3193,1687,642,3,2025-01-22,5741.24,Wire Transfer
3194,240,734,5,2022-04-11,6354.4,Wire Transfer
3195,1761,402,3,2022-08-04,9122.57,Credit Card
3196,1485,721,1,2024-10-10,7295.93,Cash
3197,1619,793,5,2025-07-27,7110.76,Wire Transfer
3198,1155,492,3,2024-07-14,6070.65,Cash
3199,1450,799,1,2022-11-21,6513.39,Debit Card
3200,1184,610,3,2022-03-19,8135.2,Credit Card
3201,1348,500,2,2024-06-17,9802.71,Cash
3202,1175,533,1,2022-03-11,8055.59,Wire Transfer
3203,238,733,3,2024-06-13,7221.6,Credit Card
3204,528,527,2,2022-11-26,1787.68,Credit Card
3205,1475,671,2,2025-08-13,8262.26,Credit Card
3206,2125,439,1,2023-11-25,7491.95,Credit Card
3207,1400,644,4,2022-11-23,7819.11,Credit Card
3208,1826,605,5,2025-05-30,2695.42,Debit Card
3209,1114,449,1,2023-01-06,9082.72,Debit Card
3210,654,415,2,2023-03-24,1424.17,Credit Card
3211,237,750,2,2025-05-03,2909.31,Wire Transfer
3212,1540,363,1,2023-03-27,6798.72,Wire Transfer
3213,1912,404,4,2023-08-22,6900.29,Debit Card
3214,1173,639,5,2023-05-23,3476.58,Cash
3215,996,659,3,2022-06-19,7164.44,Credit Card
3216,2189,456,1,2022-02-26,4185.34,Wire Transfer
3217,1173,573,5,2024-11-23,501.67,Debit Card
3218,793,306,5,2024-07-30,2044.76,Debit Card
3219,1338,447,2,2023-02-17,8884.87,Cash
3220,1264,484,3,2023-03-08,2615.59,Cash
3221,1525,786,1,2025-10-11,1572.65,Wire Transfer
3222,424,328,2,2025-12-12,6980.91,Cash
3223,518,750,2,2023-11-23,4686.71,Cash
3224,549,338,4,2025-03-17,8067.61,Credit Card
3225,315,419,5,2024-12-11,8683.73,Debit Card
3226,898,593,1,2023-03-11,8536.89,Debit Card
3227,1547,671,1,2022-03-27,3473.59,Cash
3228,1792,544,1,2022-07-28,5302.69,Debit Card
3229,1264,368,2,2025-05-08,6676.35,Debit Card
3230,2090,514,4,2024-12-03,3558.84,Wire Transfer
3231,240,518,3,2024-08-27,890.44,Debit Card
3232,2083,477,2,2022-07-10,5208.81,Cash
3233,2197,599,3,2024-07-23,621.77,Wire Transfer
3234,1973,464,4,2025-02-01,9531.13,Debit Card
3235,1513,358,5,2025-06-10,8068.49,Debit Card
3236,1486,569,1,2022-01-20,2324.09,Wire Transfer
3237,416,608,3,2024-09-26,3231.93,Wire Transfer
3238,1371,358,2,2022-01-28,9836.97,Debit Card
3239,536,588,3,2024-10-29,4048.71,Credit Card
3240,1392,765,5,2024-07-17,7945.36,Credit Card
3241,292,405,1,2022-08-05,4744.75,Debit Card
3242,553,528,3,2025-01-23,8708.91,Debit Card
3243,771,547,5,2022-04-10,7185.66,Wire Transfer
3244,1795,488,2,2025-04-21,717.65,Wire Transfer
3245,1016,794,4,2023-01-18,3296.7,Debit Card
3246,1905,383,2,2024-10-02,5800.93,Debit Card
3247,981,486,1,2025-09-10,9298.65,Debit Card
3248,563,552,2,2023-05-12,1469.28,Debit Card
3249,757,655,2,2024-01-05,6211.04,Credit Card
3250,1569,538,2,2023-11-08,3370.68,Wire Transfer
3251,1917,660,2,2022-08-19,8948.61,Cash
3252,1394,484,1,2024-05-11,7769.11,Debit Card
3253,556,584,5,2024-12-20,4012.18,Debit Card
3254,391,685,3,2025-08-31,2087.48,Debit Card
3255,1891,726,4,2025-05-27,609.23,Cash
3256,622,510,3,2024-01-15,6400.78,Wire Transfer
3257,900,604,3,2024-11-15,4358.18,Wire Transfer
3258,207,596,4,2025-03-15,3490.19,Debit Card
3259,333,397,1,2023-12-22,9862.27,Debit Card
3260,1971,747,4,2022-06-18,4928.35,Wire Transfer
3261,757,760,1,2023-10-02,7623.47,Cash
3262,1026,756,3,2025-05-15,2185.42,Debit Card
3263,961,772,1,2024-05-21,627.82,Cash
3264,1255,508,5,2024-11-23,4466.84,Cash
3265,735,670,4,2022-09-28,6823.82,Wire Transfer
3266,626,688,5,2025-11-08,5312.69,Debit Card
3267,1618,722,3,2023-08-13,8959.43,Credit Card
3268,872,792,4,2024-08-12,4622.8,Wire Transfer
3269,563,711,3,2022-01-28,3454.53,Wire Transfer
3270,1661,437,5,2022-07-05,9202.46,Credit Card
3271,1894,667,3,2025-02-15,4364.62,Debit Card
3272,1775,700,4,2025-11-14,3061.65,Cash
3273,2151,484,4,2023-04-13,1427.78,Cash
3274,282,376,3,2022-02-24,8036.44,Cash
3275,556,587,4,2023-06-11,8338.37,Debit Card
3276,1482,772,4,2022-01-26,816.33,Wire Transfer
3277,1942,675,3,2022-10-08,3907.13,Wire Transfer
3278,789,442,5,2025-01-03,7623.83,Wire Transfer
3279,1748,537,4,2025-09-30,9490.63,Wire Transfer
3280,495,325,4,2022-05-08,4089.27,Wire Transfer
3281,2186,590,4,2024-03-25,8784.51,Credit Card
3282,1448,367,4,2023-01-06,4240.34,Cash
3283,1749,550,3,2022-07-23,2205.2,Cash
3284,1270,708,5,2022-11-16,532.74,Debit Card
3285,1891,418,5,2024-04-23,3636.72,Credit Card
3286,1337,790,1,2022-04-06,4095.51,Wire Transfer
3287,1457,373,4,2023-09-26,9478.62,Wire Transfer
3288,217,582,4,2022-07-17,2457.67,Wire Transfer
3289,560,704,1,2023-02-03,4131.19,Credit Card
3290,1447,748,5,2022-10-06,738.96,Debit Card
3291,1066,660,2,2025-07-13,7753.63,Credit Card
3292,900,310,2,2024-10-30,9193.84,Debit Card
3293,648,511,5,2025-06-21,2759.3,Cash
3294,1056,623,4,2023-07-14,4575.45,Debit Card
3295,565,452,2,2023-04-03,1660.07,Cash
3296,875,305,3,2023-07-10,4839.94,Debit Card
3297,1208,495,3,2022-01-28,1766.75,Cash
3298,1550,742,1,2024-11-24,5471.81,Cash
3299,667,583,5,2023-05-26,7478.91,Wire Transfer
3300,614,764,5,2023-04-03,5756.76,Debit Card
3301,1679,413,2,2024-05-23,2829.59,Wire Transfer
3302,786,571,4,2023-09-29,3861.06,Cash
3303,1457,463,5,2025-12-03,6566.44,Wire Transfer
3304,1448,760,2,2023-06-05,6102.68,Credit Card
3305,1194,405,2,2024-06-15,1799.36,Wire Transfer
3306,2055,481,5,2023-04-01,8527.02,Debit Card
3307,1636,344,2,2025-12-17,5014.29,Wire Transfer
3308,772,582,1,2023-10-12,2042.51,Credit Card
3309,535,475,1,2024-07-14,1666.85,Wire Transfer
3310,1446,462,5,2022-07-05,9672.74,Cash
3311,237,771,4,2024-12-06,3174.58,Cash
3312,1189,651,1,2023-01-29,9131.64,Cash
3313,478,734,1,2023-10-17,4400.56,Debit Card
3314,1420,640,5,2025-07-13,4166.25,Wire Transfer
3315,1116,440,3,2025-11-18,7158.83,Cash
3316,2088,771,2,2023-09-12,593.89,Wire Transfer
3317,684,432,1,2025-05-03,3711.85,Credit Card
3318,1466,387,3,2022-03-19,3375.13,Credit Card
3319,1548,476,4,2025-05-22,8746.93,Debit Card
3320,931,483,3,2024-07-08,5526.67,Wire Transfer
3321,392,668,5,2023-12-15,3963.42,Credit Card
3322,1241,429,4,2025-07-23,3027.75,Debit Card
3323,724,546,4,2025-05-19,6109.84,Debit Card
3324,1118,389,3,2023-03-10,1940.89,Cash
3325,601,366,5,2025-03-01,2838.95,Credit Card
3326,2130,458,1,2022-05-26,3289.32,Wire Transfer
3327,1086,687,3,2025-04-16,6275.14,Credit Card
3328,905,678,1,2024-09-13,4045.92,Credit Card
3329,222,449,3,2022-05-09,5304.94,Wire Transfer
3330,674,773,1,2024-09-24,6679.16,Wire Transfer
3331,1344,640,3,2024-04-27,9584.58,Cash
3332,410,733,4,2024-05-18,7765.96,Debit Card
3333,506,416,2,2023-03-01,4349.94,Wire Transfer
3334,1494,514,4,2023-01-25,7608.62,Wire Transfer
3335,904,769,1,2025-01-18,9522.09,Credit Card
3336,887,746,5,2023-01-10,5244.12,Wire Transfer
3337,485,781,4,2023-10-14,4399.72,Wire Transfer
3338,916,672,2,2024-10-11,1241.18,Credit Card
3339,1900,594,1,2022-04-27,8977.52,Credit Card
3340,963,553,4,2024-05-18,2841.13,Credit Card
3341,1451,443,3,2024-05-10,1107.6,Cash
3342,1148,550,5,2024-09-25,5603.43,Debit Card
3343,581,666,1,2023-06-25,8536.05,Wire Transfer
3344,660,736,4,2023-10-18,4363.03,Credit Card
3345,1231,763,1,2023-04-27,7939.14,Credit Card
3346,229,602,3,2025-03-25,8445.76,Debit Card
3347,1107,325,2,2022-07-10,4816.83,Cash
3348,1257,577,4,2025-11-06,6114.07,Wire Transfer
3349,1870,772,1,2024-07-15,5572.17,Cash
3350,1079,677,1,2025-07-18,9422.36,Cash
3351,279,678,1,2023-09-15,7392.3,Cash
3352,2152,689,2,2023-05-01,9290.76,Credit Card
3353,1147,370,1,2025-08-08,2590.09,Debit Card
3354,659,413,5,2022-05-25,3447.25,Debit Card
3355,770,663,5,2022-06-20,1173.68,Debit Card
3356,1762,412,1,2023-03-14,5249.13,Cash
3357,1706,664,5,2025-11-02,8802.27,Wire Transfer
3358,1654,603,4,2024-07-13,3605.04,Cash
3359,938,771,5,2024-03-20,1718.68,Debit Card
3360,1509,752,1,2024-10-26,1150.24,Credit Card
3361,716,391,3,2023-09-02,4751.25,Cash
3362,1323,318,4,2025-01-11,2058.21,Credit Card
3363,597,449,2,2023-07-29,3787.99,Debit Card
3364,1713,776,1,2025-04-21,8289.81,Cash
3365,239,527,2,2023-01-26,4148.45,Credit Card
3366,1495,514,3,2023-02-10,6293.77,Cash
3367,1087,660,2,2024-02-02,5270.52,Debit Card
3368,997,451,1,2023-09-21,7326.07,Wire Transfer
3369,357,492,1,2024-08-04,1983.57,Debit Card
3370,1299,751,3,2023-06-16,9244.19,Wire Transfer
3371,1084,340,1,2022-12-03,6614.51,Wire Transfer
3372,2024,542,3,2023-11-17,3074.06,Debit Card
3373,1354,438,3,2024-03-29,1670.91,Credit Card
3374,1911,645,1,2022-07-28,1922.39,Cash
3375,1174,480,5,2024-03-23,7935.3,Cash
3376,1308,797,3,2023-04-12,6087.05,Cash
3377,1246,500,1,2023-07-27,4117.2,Wire Transfer
3378,1683,503,5,2023-02-12,3662.56,Wire Transfer
3379,1763,361,3,2025-09-21,8629.7,Debit Card
3380,1931,492,5,2024-09-24,8810.24,Credit Card
3381,1049,305,4,2023-01-19,6021.99,Debit Card
3382,1606,678,4,2024-07-30,5483.17,Debit Card
3383,948,537,5,2025-05-23,8256.26,Credit Card
3384,1664,481,3,2023-08-10,7618.68,Wire Transfer
3385,1828,611,1,2025-04-26,4303.09,Debit Card
3386,1189,337,2,2022-08-14,1286.02,Debit Card
3387,221,356,1,2025-04-16,7800.75,Wire Transfer
3388,503,743,2,2024-02-28,2102.66,Cash
3389,1069,537,2,2022-11-22,655.58,Credit Card
3390,2179,658,3,2023-08-18,8511.38,Credit Card
3391,284,649,5,2025-12-13,5993.41,Cash
3392,1998,497,1,2025-02-17,8970.83,Credit Card
3393,1883,373,5,2024-04-19,5103.59,Cash
3394,2177,359,4,2022-06-18,9301.57,Debit Card
3395,1677,540,3,2023-09-03,3862.73,Credit Card
3396,1611,302,3,2023-01-20,7382.96,Credit Card
3397,1731,749,4,2022-04-14,3359.37,Debit Card
3398,1481,660,1,2024-03-02,511.05,Wire Transfer
3399,770,488,4,2025-07-22,4107.57,Wire Transfer
3400,2116,607,1,2024-09-13,7508.77,Debit Card
3401,1134,330,2,2022-12-31,1925.23,Credit Card
3402,1751,567,3,2024-04-17,5295.62,Credit Card
3403,1386,776,1,2025-10-09,2517.05,Credit Card
3404,2181,408,5,2024-11-21,1208.93,Cash
3405,1387,632,5,2024-10-03,6365.79,Wire Transfer
3406,2056,723,3,2025-11-14,9543.69,Credit Card
3407,1209,390,4,2025-03-12,3451.69,Wire Transfer
3408,993,505,4,2022-07-19,6016.14,Wire Transfer
3409,992,679,1,2023-05-23,9559.23,Credit Card
3410,1748,756,4,2025-11-10,6679.59,Debit Card
3411,2010,747,3,2023-12-16,6894.58,Debit Card
3412,1495,748,1,2022-06-12,2199.82,Wire Transfer
3413,692,745,2,2023-11-01,5179.79,Cash
3414,408,681,4,2024-10-14,3987.29,Wire Transfer
3415,1763,738,4,2025-12-27,4974.09,Wire Transfer
3416,1808,520,1,2023-04-18,8107.85,Debit Card
3417,1284,678,5,2024-01-21,4876.64,Credit Card
3418,630,394,4,2025-07-08,1097.08,Credit Card
3419,1185,757,3,2023-06-03,9102.65,Cash
3420,1881,403,4,2022-06-09,5675.75,Debit Card
3421,1829,523,2,2025-10-17,9282.7,Debit Card
3422,1533,486,4,2023-12-15,5937.37,Wire Transfer
3423,720,769,5,2024-01-05,1161.55,Debit Card
3424,791,484,4,2024-06-25,5752.26,Wire Transfer
3425,1251,795,1,2022-01-06,5969.52,Cash
3426,1910,462,4,2025-09-21,2536.23,Debit Card
3427,1786,547,5,2023-06-12,4974.78,Debit Card
3428,399,331,1,2023-08-03,4864.69,Wire Transfer
3429,587,352,3,2022-09-12,6417.32,Debit Card
3430,549,645,1,2023-07-07,2966.33,Credit Card
3431,1160,376,2,2025-03-19,6026.61,Cash
3432,2164,685,1,2025-03-13,2789.04,Credit Card
3433,893,739,3,2025-09-28,4741.23,Wire Transfer
3434,1760,578,4,2023-08-12,1665.7,Wire Transfer
3435,2052,340,1,2024-10-31,854.36,Wire Transfer
3436,578,401,1,2024-01-11,3545.58,Cash
3437,1099,411,1,2025-03-19,3108.43,Debit Card
3438,1116,685,1,2024-11-06,4365.89,Credit Card
3439,1782,621,3,2023-06-22,9638.83,Debit Card
3440,727,549,5,2023-05-07,5461.18,Wire Transfer
3441,1377,491,5,2023-01-04,5755.18,Debit Card
3442,934,790,1,2024-04-21,9445.21,Cash
3443,406,482,3,2025-11-08,9250.9,Wire Transfer
3444,655,726,3,2022-10-20,8899.06,Debit Card
3445,1497,705,1,2022-05-20,1430.95,Credit Card
3446,2118,635,2,2022-06-24,6525.83,Wire Transfer
3447,1460,509,1,2025-02-17,8176.94,Wire Transfer
3448,2076,322,2,2023-05-27,8437.96,Cash
3449,1964,466,1,2022-11-24,5990.12,Cash
3450,721,399,2,2023-05-31,666.21,Credit Card
3451,1902,793,2,2024-07-31,9750.27,Debit Card
3452,2168,508,1,2024-03-09,4985.87,Debit Card
3453,1217,308,2,2024-12-21,4239.16,Wire Transfer
3454,1156,490,4,2023-05-11,4252.01,Wire Transfer
3455,2055,475,5,2023-10-22,4529.43,Debit Card
3456,926,573,3,2022-05-29,2800.72,Debit Card
3457,1214,317,2,2022-04-17,3609.67,Debit Card
3458,701,390,2,2023-11-06,9860.9,Wire Transfer
3459,317,441,3,2023-03-17,3997.6,Cash
3460,586,445,2,2024-06-13,5503.89,Cash
3461,1568,466,3,2022-03-04,8558.8,Credit Card
3462,784,637,1,2022-06-27,5510.56,Debit Card
3463,595,796,4,2025-06-17,3582.31,Debit Card
3464,1288,378,4,2024-04-06,5475.63,Debit Card
3465,1941,729,5,2024-11-05,1583.82,Credit Card
3466,921,562,2,2025-05-14,1735.07,Debit Card
3467,272,463,5,2023-11-09,7094.02,Cash
3468,2013,666,1,2025-01-16,9215.88,Debit Card
3469,474,314,4,2024-02-05,7393.94,Credit Card
3470,1544,539,1,2022-11-22,1208.83,Wire Transfer
3471,538,372,1,2023-05-08,4327.51,Wire Transfer
3472,1590,745,2,2023-12-17,524.26,Cash
3473,1719,443,1,2023-04-08,5356.46,Cash
3474,807,610,4,2023-05-05,2335.44,Cash
3475,366,583,5,2023-05-08,8747.39,Wire Transfer
3476,1768,569,4,2022-06-29,1491.18,Debit Card
3477,211,541,2,2022-05-04,513.62,Credit Card
3478,1525,715,4,2022-03-09,4785.89,Credit Card
3479,929,545,3,2022-06-11,1976.62,Debit Card
3480,1001,463,5,2023-05-17,7510.87,Wire Transfer
3481,302,360,3,2024-05-17,9239.38,Wire Transfer
3482,1649,306,3,2022-10-02,898.41,Credit Card
3483,1616,497,2,2025-07-20,4258.03,Cash
3484,979,770,1,2025-03-26,9969.74,Cash
3485,414,358,3,2024-01-30,7460.38,Credit Card
3486,1915,605,4,2024-11-23,9555.28,Credit Card
3487,1312,707,1,2023-06-19,2058.79,Debit Card
3488,1777,517,4,2022-02-23,2603.0,Debit Card
3489,601,718,4,2025-08-13,1970.71,Debit Card
3490,788,326,1,2022-07-06,3372.51,Debit Card
3491,1089,603,1,2025-10-15,7381.65,Debit Card
3492,1270,305,4,2024-04-14,2066.99,Debit Card
3493,1896,774,2,2023-03-23,5480.22,Cash
3494,1687,320,5,2023-12-25,3057.49,Credit Card
3495,792,690,5,2024-01-03,8377.36,Wire Transfer
3496,1534,498,2,2022-02-03,562.63,Debit Card
3497,1310,359,1,2023-06-03,2619.59,Cash
3498,292,748,4,2024-12-16,6249.79,Credit Card
3499,1884,542,5,2024-01-15,1418.75,Credit Card
3500,873,446,4,2022-12-23,4929.97,Credit Card
3501,914,688,2,2023-05-05,4643.97,Debit Card
3502,1136,573,4,2025-06-14,8598.97,Debit Card
3503,2152,549,2,2024-02-07,6441.27,Wire Transfer
3504,442,314,1,2024-02-11,6577.17,Debit Card
3505,2089,762,2,2025-11-04,9542.17,Credit Card
3506,202,313,2,2023-04-14,9832.42,Credit Card
3507,425,691,5,2023-12-02,6707.25,Cash
3508,1001,684,4,2025-03-31,5459.01,Cash
3509,1969,344,5,2025-01-13,6275.24,Wire Transfer
3510,2197,675,3,2023-01-24,4133.22,Cash
3511,2150,699,2,2022-08-09,9880.84,Wire Transfer
3512,2153,319,3,2024-10-20,7197.7,Cash
3513,789,363,5,2023-01-12,3264.56,Credit Card
3514,316,791,4,2025-09-09,1048.78,Debit Card
3515,1890,539,5,2022-07-08,924.86,Debit Card
3516,1118,792,4,2023-04-10,2446.67,Wire Transfer
3517,1327,719,4,2022-03-21,2712.67,Debit Card
3518,394,637,1,2024-10-23,4442.93,Debit Card
3519,1390,719,2,2025-07-25,2541.04,Cash
3520,1071,703,5,2024-07-17,6493.65,Credit Card
3521,290,704,4,2025-10-01,2506.92,Debit Card
3522,1910,400,5,2022-07-07,2284.83,Credit Card
3523,322,463,5,2022-05-09,4976.75,Cash
3524,343,716,4,2025-05-09,8942.35,Cash
3525,1194,422,3,2025-06-03,4948.9,Debit Card
3526,306,732,2,2025-04-28,4431.56,Debit Card
3527,1087,344,2,2025-03-12,5991.9,Cash
3528,628,660,1,2023-06-13,2943.53,Cash
3529,1529,708,1,2022-11-14,3857.65,Wire Transfer
3530,2096,617,1,2025-09-18,2531.43,Wire Transfer
3531,2195,681,2,2023-03-25,5932.19,Credit Card
3532,517,445,3,2023-08-05,7125.18,Cash
3533,2187,627,2,2024-10-18,6900.14,Credit Card
3534,835,663,2,2023-03-05,2920.77,Cash
3535,2126,350,2,2025-04-10,7906.66,Credit Card
3536,209,365,2,2022-04-13,2931.56,Wire Transfer
3537,974,655,3,2025-03-01,1927.96,Cash
3538,1297,588,1,2024-05-28,3823.18,Cash
3539,1583,464,5,2024-04-16,6178.57,Credit Card
3540,423,441,1,2023-11-01,1849.02,Credit Card
3541,1640,754,1,2023-02-09,6656.83,Debit Card
3542,753,614,5,2023-11-09,8699.15,Debit Card
3543,1594,428,2,2023-10-20,3284.83,Wire Transfer
3544,916,698,3,2024-05-02,4776.96,Cash
3545,1488,721,3,2023-02-16,2668.95,Cash
3546,2064,668,1,2022-04-24,3931.99,Credit Card
3547,1914,763,5,2022-07-31,708.72,Wire Transfer
3548,2084,539,4,2024-10-17,9560.81,Cash
3549,1542,624,2,2022-02-02,4450.96,Wire Transfer
3550,1308,596,1,2025-06-04,7994.27,Debit Card
3551,1542,487,3,2024-10-10,1855.11,Credit Card
3552,311,508,5,2025-01-26,8217.37,Cash
3553,451,520,5,2025-05-05,8671.4,Credit Card
3554,583,700,1,2022-06-29,7297.03,Debit Card
3555,207,490,4,2025-04-15,9080.48,Wire Transfer
3556,659,688,3,2024-01-07,2088.37,Wire Transfer
3557,1308,729,1,2025-07-16,5026.58,Debit Card
3558,408,646,4,2025-07-18,6391.04,Debit Card
3559,1100,584,5,2022-02-05,6163.83,Cash
3560,1614,652,2,2023-07-13,8679.89,Cash
3561,1538,537,3,2024-02-08,2549.07,Cash
3562,222,494,3,2024-09-17,2168.62,Cash
3563,610,587,4,2023-02-22,2907.1,Cash
3564,1095,559,1,2023-01-04,8969.73,Wire Transfer
3565,715,546,5,2023-07-11,9439.76,Cash
3566,1351,436,4,2024-01-02,5911.49,Debit Card
3567,1009,580,2,2025-10-20,5263.03,Debit Card
3568,1924,571,2,2025-01-17,6251.16,Cash
3569,1074,471,2,2023-09-19,6354.92,Debit Card
3570,214,459,4,2022-03-21,2117.89,Credit Card
3571,1171,501,5,2022-09-04,7020.9,Wire Transfer
3572,1178,787,3,2023-10-28,4797.34,Wire Transfer
3573,1214,345,1,2025-04-03,5415.13,Cash
3574,1236,750,3,2023-07-10,788.01,Credit Card
3575,287,564,5,2024-02-26,7763.29,Cash
3576,1748,371,3,2025-07-26,8436.57,Cash
3577,1109,664,4,2025-08-27,6384.5,Debit Card
3578,1761,671,2,2022-11-12,7612.87,Wire Transfer
3579,1525,403,5,2022-03-05,5465.71,Credit Card
3580,1467,790,5,2023-03-22,6374.36,Debit Card
3581,322,425,3,2024-10-12,4248.43,Wire Transfer
3582,1371,613,4,2025-10-20,8022.81,Wire Transfer
3583,1791,764,3,2022-04-23,4948.57,Cash
3584,950,783,3,2022-02-11,6962.02,Credit Card
3585,1580,586,5,2025-07-14,6403.58,Cash
3586,885,758,3,2024-12-28,7171.99,Debit Card
3587,2128,530,2,2025-12-19,7959.55,Cash
3588,1957,446,3,2023-08-03,5370.78,Cash
3589,1855,670,2,2023-08-31,8224.13,Wire Transfer
3590,509,497,5,2022-09-09,5223.94,Wire Transfer
3591,895,673,4,2022-06-19,9588.03,Debit Card
3592,488,521,2,2024-04-24,7650.38,Wire Transfer
3593,507,723,4,2023-06-16,2125.85,Wire Transfer
3594,2036,360,4,2022-04-28,8381.05,Wire Transfer
3595,1818,398,2,2025-07-19,5740.08,Cash
3596,2190,471,5,2022-10-17,9852.38,Credit Card
3597,1114,682,1,2024-12-28,7328.78,Debit Card
3598,1947,473,4,2023-02-17,1301.71,Cash
3599,862,451,4,2025-04-01,4252.12,Debit Card
3600,749,753,5,2022-06-22,5414.12,Cash
3601,1576,650,5,2025-01-08,8470.63,Debit Card
3602,512,690,3,2022-05-24,7428.78,Wire Transfer
3603,1073,740,5,2023-10-15,4008.92,Debit Card
3604,1283,422,4,2024-12-07,6707.61,Credit Card
3605,1867,794,2,2022-09-10,5980.65,Debit Card
3606,1124,408,1,2023-02-22,1697.5,Credit Card
3607,1938,304,3,2025-06-16,2731.16,Debit Card
3608,955,393,2,2025-07-16,3740.66,Wire Transfer
3609,235,707,1,2022-03-07,2357.09,Debit Card
3610,645,306,1,2022-09-03,1926.27,Cash
3611,293,588,1,2022-06-21,1052.88,Wire Transfer
3612,2174,406,2,2022-09-20,8794.47,Wire Transfer
3613,2183,446,3,2025-11-17,3244.96,Cash
3614,1431,571,3,2024-03-16,3258.05,Wire Transfer
3615,553,724,1,2023-11-15,2459.17,Wire Transfer
3616,1103,678,2,2025-12-08,5016.28,Cash
3617,1556,396,1,2024-03-24,5385.3,Wire Transfer
3618,2041,757,5,2024-08-23,2478.67,Wire Transfer
3619,1062,529,3,2023-05-01,6281.42,Wire Transfer
3620,1949,502,4,2023-07-12,7368.5,Wire Transfer
3621,359,512,1,2024-05-17,4051.48,Debit Card
3622,2178,306,5,2022-04-12,6061.79,Wire Transfer
3623,1157,412,3,2023-01-09,5271.87,Wire Transfer
3624,224,676,2,2022-10-15,2357.71,Wire Transfer
3625,604,679,3,2022-01-24,7435.1,Debit Card
3626,1005,747,2,2024-02-23,8113.8,Credit Card
3627,716,623,2,2024-03-30,6663.53,Wire Transfer
3628,932,406,1,2023-07-15,3577.01,Credit Card
3629,1588,439,1,2023-01-28,9304.53,Credit Card
3630,1606,599,3,2024-08-10,4825.9,Cash
3631,732,701,5,2022-07-16,3025.85,Cash
3632,1156,396,3,2024-01-28,4378.23,Credit Card
3633,352,688,4,2025-01-26,7074.71,Debit Card
3634,1786,747,2,2022-08-28,8536.35,Wire Transfer
3635,1913,752,2,2025-01-04,3887.47,Wire Transfer
3636,1147,637,1,2025-01-15,2709.93,Wire Transfer
3637,808,597,5,2022-03-29,6451.68,Cash
3638,1841,767,1,2022-01-28,9251.54,Cash
3639,620,689,4,2025-11-22,2241.29,Wire Transfer
3640,1474,716,3,2022-10-10,8128.68,Credit Card
3641,1341,514,3,2025-04-15,5027.77,Cash
3642,1066,754,5,2024-03-31,8095.37,Wire Transfer
3643,1736,591,1,2023-01-22,5302.64,Credit Card
3644,1964,322,1,2022-07-09,4084.61,Wire Transfer
3645,778,493,4,2023-12-27,7119.04,Cash
3646,535,768,3,2023-08-18,9055.96,Debit Card
3647,1642,450,1,2024-10-17,3542.39,Debit Card
3648,1132,668,5,2025-08-13,4877.11,Cash
3649,1998,547,3,2025-03-21,2679.31,Credit Card
3650,495,567,4,2023-02-05,2242.39,Wire Transfer
3651,2162,761,5,2025-07-07,7889.96,Cash
3652,955,551,2,2025-05-01,2406.31,Credit Card
3653,1595,790,4,2025-09-18,8036.52,Wire Transfer
3654,386,303,5,2023-11-01,4577.56,Wire Transfer
3655,1470,693,1,2025-01-27,9952.96,Cash
3656,837,616,2,2024-05-13,2374.74,Wire Transfer
3657,1492,376,4,2023-03-30,1383.29,Debit Card
3658,1867,387,1,2025-12-22,1216.61,Debit Card
3659,1461,570,2,2022-02-25,8436.47,Wire Transfer
3660,730,525,3,2022-08-25,4658.87,Cash
3661,1776,318,1,2025-07-27,529.68,Wire Transfer
3662,221,413,5,2022-03-30,8810.33,Cash
3663,1111,551,4,2025-07-18,8830.75,Cash
3664,1961,533,2,2024-11-10,8160.96,Debit Card
3665,1067,629,1,2022-02-23,2859.03,Debit Card
3666,994,579,3,2023-09-19,4041.15,Credit Card
3667,1744,502,4,2025-01-06,7576.8,Cash
3668,300,383,4,2024-05-01,5148.85,Wire Transfer
3669,952,425,1,2025-09-28,1961.35,Cash
3670,678,475,3,2025-06-20,2806.58,Debit Card
3671,1823,369,2,2023-05-01,9739.6,Cash
3672,1522,347,1,2022-05-04,1934.62,Credit Card
3673,1140,672,2,2025-10-10,7397.77,Wire Transfer
3674,726,556,4,2024-01-26,5041.17,Cash
3675,534,515,2,2022-04-19,7611.72,Wire Transfer
3676,202,330,3,2025-04-07,6780.58,Wire Transfer
3677,575,581,5,2025-06-22,4672.09,Debit Card
3678,493,712,3,2024-07-22,3862.15,Cash
3679,1037,782,2,2023-10-16,7666.41,Wire Transfer
3680,2158,537,1,2024-08-24,3569.84,Debit Card
3681,1205,548,4,2024-10-28,7983.83,Credit Card
3682,753,668,5,2025-07-27,6958.51,Credit Card
3683,518,795,1,2025-10-27,5987.86,Cash
3684,1726,325,1,2024-01-21,4003.61,Wire Transfer
3685,2052,374,3,2025-03-11,2448.27,Cash
3686,581,506,2,2025-11-09,7248.99,Wire Transfer
3687,1847,790,3,2022-08-09,1367.82,Debit Card
3688,214,794,2,2022-01-27,9720.15,Credit Card
3689,704,614,3,2025-06-22,9798.11,Credit Card
3690,431,394,1,2022-10-13,1737.11,Credit Card
3691,1308,675,4,2022-03-04,1487.39,Credit Card
3692,330,427,2,2022-08-22,4420.81,Cash
3693,1967,725,5,2023-07-15,9654.99,Wire Transfer
3694,1038,325,5,2022-11-17,4302.95,Cash
3695,1369,634,1,2023-03-22,3956.12,Debit Card
3696,1091,655,3,2025-11-24,7184.06,Credit Card
3697,2081,416,3,2024-10-25,2197.95,Wire Transfer
3698,228,348,1,2024-11-05,3951.57,Cash
3699,266,526,5,2022-05-19,3267.42,Wire Transfer
3700,1387,566,5,2024-12-04,6214.58,Cash
3701,1453,399,3,2024-12-15,2046.15,Wire Transfer
3702,461,759,2,2024-08-21,5712.66,Wire Transfer
3703,1673,311,4,2022-11-30,8646.69,Credit Card
3704,1648,385,2,2023-09-10,5384.62,Cash
3705,660,705,5,2025-05-20,6993.22,Debit Card
3706,2176,514,2,2024-09-05,1214.86,Wire Transfer
3707,1900,473,4,2024-12-05,4765.55,Debit Card
3708,501,691,2,2024-05-07,1401.49,Credit Card
3709,1119,509,2,2023-10-19,6194.89,Debit Card
3710,1527,748,2,2025-01-13,3170.02,Wire Transfer
3711,487,682,2,2022-04-10,3229.03,Wire Transfer
3712,1619,364,1,2024-09-09,1229.28,Wire Transfer
3713,1234,558,5,2025-12-26,3447.26,Cash
3714,1931,632,4,2025-02-13,5313.43,Debit Card
3715,830,421,5,2023-03-01,6054.27,Cash
3716,470,598,1,2023-02-10,1133.32,Wire Transfer
3717,792,766,1,2024-09-01,6688.86,Wire Transfer
3718,2194,354,1,2025-07-31,5144.32,Credit Card
3719,1829,631,1,2024-04-23,5600.63,Credit Card
3720,2002,572,2,2024-02-10,8411.57,Wire Transfer
3721,1044,541,5,2022-08-23,3751.15,Cash
3722,1062,543,3,2024-11-10,2153.49,Cash
3723,1585,318,4,2024-10-22,5742.2,Wire Transfer
3724,1481,783,1,2025-11-12,9477.71,Debit Card
3725,333,487,5,2023-03-15,5419.76,Cash
3726,1500,646,1,2025-01-09,8403.17,Wire Transfer
3727,2000,444,1,2023-09-26,7691.8,Credit Card
3728,1907,562,1,2024-03-26,5424.14,Wire Transfer
3729,1172,741,1,2025-04-07,6651.77,Cash
3730,713,664,1,2022-11-21,4363.46,Wire Transfer
3731,513,791,4,2023-05-16,5540.97,Debit Card
3732,776,731,5,2025-02-03,5319.21,Debit Card
3733,1086,539,1,2024-04-12,7236.55,Cash
3734,1508,604,1,2022-05-15,4394.82,Wire Transfer
3735,1345,598,1,2023-09-21,1447.79,Debit Card
3736,1331,376,1,2024-05-06,7992.74,Debit Card
3737,2157,488,2,2025-08-20,7006.1,Credit Card
3738,887,633,2,2022-10-03,9526.17,Cash
3739,1428,688,3,2025-03-22,4572.8,Credit Card
3740,365,787,1,2022-07-10,1242.95,Credit Card
3741,505,546,3,2022-12-20,1655.38,Debit Card
3742,1721,430,4,2022-12-22,7846.54,Wire Transfer
3743,1856,774,3,2025-07-05,1143.69,Credit Card
3744,1780,615,5,2022-10-18,9124.35,Cash
3745,2048,711,2,2025-02-22,3175.68,Cash
3746,356,583,2,2023-11-06,9039.35,Wire Transfer
3747,1591,379,1,2025-12-29,7848.32,Cash
3748,1943,372,1,2025-05-10,8776.41,Credit Card
3749,2126,563,4,2024-12-15,2533.38,Wire Transfer
3750,820,491,4,2025-06-25,6159.09,Cash
3751,1475,667,5,2024-07-14,1389.1,Cash
3752,1157,675,1,2025-05-16,2421.67,Credit Card
3753,2140,730,1,2023-01-17,3444.07,Credit Card
3754,2106,363,4,2022-05-23,7537.72,Credit Card
3755,534,788,4,2024-06-18,734.79,Credit Card
3756,1866,680,4,2023-09-27,9079.61,Wire Transfer
3757,1169,312,2,2023-09-15,1172.63,Wire Transfer
3758,711,441,3,2024-02-09,4076.66,Wire Transfer
3759,1517,554,3,2023-06-12,1270.35,Debit Card
3760,1244,343,1,2024-07-03,7805.19,Credit Card
3761,482,317,2,2022-02-14,1842.49,Credit Card
3762,997,363,4,2025-11-17,8905.19,Wire Transfer
3763,1225,553,1,2025-09-12,5537.11,Cash
3764,319,765,2,2025-09-27,9510.49,Cash
3765,1259,676,5,2023-06-17,3258.43,Credit Card
3766,398,592,2,2024-02-16,4816.0,Credit Card
3767,685,769,1,2025-10-25,7095.35,Wire Transfer
3768,1981,308,3,2025-08-10,8403.18,Credit Card
3769,1283,625,4,2025-02-27,4502.89,Cash
3770,1037,390,5,2023-08-18,8978.11,Cash
3771,1385,508,2,2024-04-03,1620.88,Credit Card
3772,1209,592,1,2025-03-03,7232.5,Wire Transfer
3773,891,584,1,2023-02-03,3807.89,Wire Transfer
3774,1430,418,4,2024-07-03,1462.69,Cash
3775,1236,649,1,2025-04-23,4173.31,Wire Transfer
3776,690,475,1,2024-10-29,8862.05,Cash
3777,476,376,4,2023-12-02,9815.07,Credit Card
3778,893,401,5,2024-05-03,4231.6,Cash
3779,442,714,3,2025-12-14,8920.96,Credit Card
3780,1440,451,3,2024-05-28,5341.72,Wire Transfer
3781,1475,700,2,2025-02-21,7311.64,Debit Card
3782,2035,570,5,2024-11-26,931.03,Debit Card
3783,326,758,2,2024-10-21,5794.46,Debit Card
3784,417,371,3,2024-11-11,1166.54,Cash
3785,1530,793,4,2023-10-26,3051.87,Debit Card
3786,2021,480,1,2023-11-24,5884.74,Cash
3787,1409,424,3,2023-11-15,8168.06,Wire Transfer
3788,1263,681,5,2022-02-18,5828.49,Credit Card
3789,1447,593,3,2022-12-18,9393.82,Debit Card
3790,1408,585,5,2022-08-14,8198.16,Cash
3791,695,495,5,2025-07-18,1984.28,Wire Transfer
3792,627,699,5,2023-02-06,4195.11,Wire Transfer
3793,1402,528,2,2022-07-22,6850.61,Debit Card
3794,1119,731,4,2022-06-24,9414.86,Wire Transfer
3795,1652,730,3,2024-10-18,9883.3,Wire Transfer
3796,1518,736,4,2022-01-09,7750.27,Wire Transfer
3797,2076,575,1,2023-11-20,5950.81,Cash
3798,351,761,3,2022-06-23,7687.79,Wire Transfer
3799,584,406,4,2025-05-25,3095.75,Wire Transfer
3800,1862,321,4,2025-10-31,3194.23,Wire Transfer
3801,2037,364,1,2025-10-31,6716.32,Wire Transfer
3802,508,465,5,2023-10-08,8782.44,Wire Transfer
3803,1560,327,3,2024-07-29,9713.19,Cash
3804,2170,611,3,2024-05-25,3742.68,Wire Transfer
3805,946,800,1,2023-05-27,8067.26,Wire Transfer
3806,1092,585,5,2023-10-11,8589.54,Credit Card
3807,575,448,3,2022-04-04,6420.15,Wire Transfer
3808,1232,581,3,2025-03-07,3802.12,Wire Transfer
3809,1565,626,3,2022-12-18,6381.34,Cash
3810,329,619,5,2023-11-04,6052.26,Wire Transfer
3811,1215,464,1,2023-12-03,6261.99,Cash
3812,2000,686,3,2024-03-29,6382.97,Debit Card
3813,869,706,4,2025-04-09,8547.05,Wire Transfer
3814,1576,524,5,2024-10-07,2115.77,Credit Card
3815,1582,572,2,2024-08-26,3989.29,Cash
3816,717,446,1,2024-02-09,6067.02,Debit Card
3817,1719,753,4,2022-05-21,3191.61,Credit Card
3818,286,738,3,2023-08-10,9792.45,Cash
3819,1399,656,2,2025-10-29,2999.93,Debit Card
3820,2026,330,1,2025-12-24,4961.47,Credit Card
3821,1417,345,5,2024-12-02,8834.97,Wire Transfer
3822,511,575,2,2022-11-29,1260.6,Credit Card
3823,1343,771,2,2022-05-29,8296.54,Credit Card
3824,1442,334,4,2023-08-29,5924.58,Credit Card
3825,627,441,1,2025-06-04,802.12,Cash
3826,2194,727,4,2024-11-19,9077.67,Wire Transfer
3827,1638,618,4,2025-07-14,872.37,Wire Transfer
3828,314,674,3,2024-06-18,5394.57,Cash
3829,1369,521,5,2022-07-10,965.8,Credit Card
3830,1762,656,2,2022-06-17,1176.4,Wire Transfer
3831,1872,322,1,2022-03-12,8928.44,Credit Card
3832,503,480,5,2024-04-07,7775.34,Wire Transfer
3833,944,736,5,2022-12-21,2370.94,Cash
3834,2105,667,1,2024-12-08,6394.45,Debit Card
3835,788,720,5,2024-09-28,8049.46,Credit Card
3836,1187,629,3,2023-04-10,8951.11,Wire Transfer
3837,2064,531,5,2022-09-16,4948.92,Wire Transfer
3838,545,799,3,2022-05-30,9026.25,Wire Transfer
3839,1014,703,2,2024-12-12,5324.58,Cash
3840,2188,338,2,2023-10-20,7038.17,Cash
3841,1001,370,4,2023-04-18,9800.78,Debit Card
3842,1225,416,3,2025-06-04,2741.54,Cash
3843,1371,539,2,2024-05-16,2100.95,Credit Card
3844,1511,635,5,2024-01-27,3749.18,Cash
3845,1878,741,1,2024-12-21,2061.79,Wire Transfer
3846,1277,448,1,2025-04-05,3199.55,Credit Card
3847,1528,309,3,2024-09-28,7558.36,Cash
3848,1293,588,4,2023-10-05,5036.48,Credit Card
3849,561,688,5,2023-07-08,4062.89,Credit Card
3850,1826,350,3,2025-01-31,4002.88,Cash
3851,2182,638,1,2024-01-27,2348.03,Credit Card
3852,1444,305,3,2024-10-25,4750.41,Wire Transfer
3853,2186,704,5,2025-07-23,6434.04,Wire Transfer
3854,1210,643,2,2025-08-30,1821.97,Cash
3855,904,426,5,2023-02-10,9741.72,Cash
3856,2190,375,2,2022-10-02,4711.17,Wire Transfer
3857,775,465,2,2023-01-17,9505.63,Cash
3858,1809,578,2,2025-01-02,1779.26,Wire Transfer
3859,1385,742,3,2023-06-25,7788.55,Credit Card
3860,1905,624,1,2022-09-11,6367.56,Cash
3861,1313,777,3,2022-05-24,8290.61,Debit Card
3862,888,600,1,2023-04-23,6206.44,Wire Transfer
3863,981,590,5,2022-07-18,9646.95,Wire Transfer
3864,785,377,4,2022-08-17,6455.85,Credit Card
3865,1981,598,5,2024-09-25,7953.74,Debit Card
3866,789,437,3,2022-01-29,8837.03,Debit Card
3867,1383,406,3,2022-06-21,7288.54,Debit Card
3868,689,395,1,2025-05-17,5480.25,Wire Transfer
3869,1171,435,3,2025-05-18,3091.76,Wire Transfer
3870,1548,368,2,2023-04-26,8617.68,Debit Card
3871,1834,447,3,2022-05-09,5065.49,Cash
3872,1605,790,1,2024-10-26,6396.73,Debit Card
3873,1326,778,1,2023-06-10,1252.65,Credit Card
3874,694,459,2,2022-03-08,5224.84,Debit Card
3875,1868,684,1,2022-08-19,7132.5,Debit Card
3876,1838,463,4,2022-07-20,6048.68,Debit Card
3877,219,741,5,2024-05-10,4761.27,Cash
3878,1678,641,3,2025-08-04,2622.56,Debit Card
3879,1706,489,4,2025-03-03,3441.87,Debit Card
3880,1818,715,3,2024-03-08,7155.93,Wire Transfer
3881,597,639,4,2023-09-09,2629.81,Debit Card
3882,1201,395,3,2024-06-22,6406.4,Credit Card
3883,1503,481,2,2023-10-10,6102.51,Wire Transfer
3884,1051,588,1,2022-12-26,9718.97,Cash
3885,1589,622,1,2024-09-18,1077.43,Wire Transfer
3886,1555,487,2,2025-06-28,1527.16,Cash
3887,1865,672,4,2023-06-29,5307.79,Cash
3888,1568,438,5,2025-05-13,5507.54,Credit Card
3889,1022,430,4,2023-09-22,879.31,Debit Card
3890,655,494,1,2023-08-09,8345.63,Credit Card
3891,1825,616,5,2022-02-11,5199.87,Wire Transfer
3892,925,772,3,2024-10-12,3793.12,Cash
3893,1879,573,5,2025-03-24,3529.11,Wire Transfer
3894,1289,652,4,2024-08-26,8683.37,Cash
3895,1300,444,2,2022-08-09,2368.96,Wire Transfer
3896,911,316,3,2022-05-31,2023.97,Cash
3897,343,602,4,2024-04-16,2525.2,Credit Card
3898,1117,723,3,2023-08-10,6437.71,Cash
3899,2139,545,5,2023-09-19,8203.84,Debit Card
3900,1028,715,1,2025-11-13,3644.3,Credit Card
3901,805,407,4,2024-11-22,2147.89,Debit Card
3902,1697,388,2,2023-08-25,2487.34,Wire Transfer
3903,1641,429,5,2022-01-28,6382.25,Wire Transfer
3904,505,695,4,2022-02-19,2837.33,Cash
3905,936,675,2,2024-09-26,8834.16,Cash
3906,1721,641,4,2025-05-08,1486.97,Wire Transfer
3907,491,304,5,2024-10-30,807.5,Credit Card
3908,2164,627,4,2023-08-16,1339.59,Debit Card
3909,302,710,3,2022-02-15,8533.61,Wire Transfer
3910,1491,667,5,2025-11-13,6686.68,Credit Card
3911,1067,606,4,2025-12-11,9598.57,Debit Card
3912,1168,696,1,2024-03-13,3694.82,Cash
3913,1846,395,4,2022-04-14,2520.44,Credit Card
3914,1174,509,3,2024-02-29,5838.76,Credit Card
3915,1042,525,2,2025-07-26,5609.37,Wire Transfer
3916,1162,759,2,2024-09-19,6114.73,Debit Card
3917,1142,648,2,2024-11-17,3801.57,Wire Transfer
3918,2001,780,1,2022-05-05,556.02,Cash
3919,1227,621,3,2022-06-05,832.8,Cash
3920,285,347,5,2022-07-05,6806.35,Debit Card
3921,2018,776,2,2025-08-13,5470.95,Debit Card
3922,528,481,3,2024-02-07,8299.61,Debit Card
3923,1016,406,4,2025-03-01,3353.89,Wire Transfer
3924,1674,499,1,2022-06-18,8246.99,Debit Card
3925,654,686,3,2025-09-16,4542.17,Debit Card
3926,2148,406,3,2025-04-13,1418.63,Wire Transfer
3927,829,580,5,2022-11-25,9790.16,Cash
3928,1445,560,3,2025-06-30,5363.39,Cash
3929,1378,408,5,2023-01-20,6480.05,Credit Card
3930,865,319,1,2022-10-27,6872.57,Cash
3931,212,710,1,2023-01-21,3942.92,Debit Card
3932,1357,759,4,2025-08-21,7601.52,Cash
3933,504,596,5,2025-08-29,8767.53,Wire Transfer
3934,1517,606,5,2023-04-26,4178.28,Cash
3935,1175,471,2,2024-10-26,6741.51,Cash
3936,1524,631,2,2024-09-13,7692.68,Credit Card
3937,1964,793,4,2025-03-23,2306.2,Credit Card
3938,983,495,1,2023-03-09,3659.66,Debit Card
3939,243,312,2,2024-01-15,1533.56,Wire Transfer
3940,1144,495,3,2024-09-01,6220.98,Debit Card
3941,543,790,1,2022-02-08,8108.91,Wire Transfer
3942,1550,583,3,2023-07-05,6302.97,Wire Transfer
3943,2038,669,5,2024-10-12,2207.95,Credit Card
3944,698,482,1,2023-01-04,5690.5,Cash
3945,564,750,4,2025-10-30,8431.87,Cash
3946,1091,605,5,2022-02-14,3375.89,Credit Card
3947,627,444,5,2025-10-30,8410.19,Debit Card
3948,1205,686,3,2022-11-13,7953.92,Cash
3949,221,616,5,2022-03-13,706.54,Debit Card
3950,607,482,2,2023-03-04,2774.82,Cash
3951,819,330,1,2025-02-21,5657.95,Debit Card
3952,1215,384,2,2025-01-03,7317.37,Wire Transfer
3953,536,466,3,2022-11-01,8865.04,Wire Transfer
3954,2039,584,3,2022-10-15,6589.9,Cash
3955,1341,581,1,2024-07-27,4113.27,Debit Card
3956,1348,396,5,2023-10-31,2253.96,Debit Card
3957,599,681,4,2025-03-02,7720.34,Wire Transfer
3958,993,566,3,2022-02-05,2464.42,Debit Card
3959,2028,744,1,2024-06-10,7106.59,Credit Card
3960,915,598,4,2024-12-02,2221.51,Debit Card
3961,251,596,5,2025-12-21,1365.01,Wire Transfer
3962,2007,525,3,2024-09-18,2885.45,Credit Card
3963,524,633,1,2022-12-05,3206.83,Credit Card
3964,989,661,1,2022-06-07,6648.49,Debit Card
3965,341,674,1,2024-07-24,2028.39,Wire Transfer
3966,670,342,3,2024-02-03,9337.92,Wire Transfer
3967,987,603,4,2025-08-05,5766.44,Wire Transfer
3968,2026,721,1,2024-11-26,5163.85,Credit Card
3969,1558,546,5,2024-01-15,4629.6,Wire Transfer
3970,2117,508,1,2023-08-13,5882.71,Credit Card
3971,1164,537,4,2023-08-14,713.25,Credit Card
3972,1208,322,3,2022-11-27,9905.82,Cash
3973,573,485,1,2022-01-26,5796.48,Debit Card
3974,1788,768,1,2024-04-19,834.35,Wire Transfer
3975,694,542,5,2022-11-07,6104.79,Credit Card
3976,1763,663,5,2022-11-01,4652.25,Debit Card
3977,1893,583,1,2022-07-03,728.36,Credit Card
3978,951,341,1,2022-10-04,9282.07,Debit Card
3979,1380,636,5,2022-02-16,600.39,Credit Card
3980,491,462,4,2024-09-11,5989.78,Wire Transfer
3981,1872,460,2,2023-08-10,9637.01,Cash
3982,1368,774,2,2024-03-30,2757.24,Cash
3983,306,389,1,2024-07-18,2914.7,Cash
3984,1644,622,5,2025-11-20,504.02,Credit Card
3985,870,312,3,2022-04-10,1130.34,Debit Card
3986,1882,724,3,2023-09-03,926.44,Wire Transfer
3987,202,373,2,2022-12-26,8315.23,Wire Transfer
3988,2169,376,4,2023-11-27,8449.01,Credit Card
3989,789,646,2,2025-09-05,7403.65,Cash
3990,844,501,1,2024-11-23,3851.08,Credit Card
3991,290,310,4,2024-08-24,8301.92,Debit Card
3992,1569,652,3,2023-10-07,5627.86,Cash
3993,550,526,5,2024-09-06,3390.95,Credit Card
3994,1683,476,5,2022-02-17,4654.13,Debit Card
3995,1487,576,1,2024-05-05,1124.79,Cash
3996,1575,339,2,2024-03-19,9476.63,Wire Transfer
3997,1332,360,1,2023-05-22,6381.61,Debit Card
3998,1810,366,5,2022-10-22,7446.72,Wire Transfer
3999,1263,621,3,2025-03-25,6927.54,Debit Card
4000,1109,735,5,2022-03-20,6843.62,Cash
4001,359,424,4,2022-04-12,663.98,Credit Card
4002,1807,464,5,2023-10-06,5491.03,Credit Card
4003,1159,708,5,2023-01-04,8306.25,Credit Card
4004,512,711,4,2024-12-24,922.93,Credit Card
4005,1465,686,2,2024-07-14,9583.57,Debit Card
4006,2162,459,5,2025-02-01,4529.52,Credit Card
4007,645,357,1,2023-04-20,3254.01,Credit Card
4008,498,378,5,2024-12-17,5552.3,Debit Card
4009,1152,494,1,2025-06-12,8111.53,Debit Card
4010,236,585,4,2023-05-20,5010.17,Cash
4011,1308,315,5,2023-05-12,6628.5,Debit Card
4012,1676,312,4,2025-08-06,5249.19,Wire Transfer
4013,2110,401,4,2022-03-14,6497.09,Cash
4014,1999,456,2,2023-05-27,1811.29,Cash
4015,2046,640,5,2022-06-23,867.3,Credit Card
4016,1609,425,1,2022-02-12,1800.56,Credit Card
4017,1396,659,1,2022-06-14,3215.46,Wire Transfer
4018,1600,580,5,2023-09-22,2906.88,Credit Card
4019,1909,705,2,2024-09-29,6344.17,Debit Card
4020,1586,694,2,2023-02-27,4830.95,Debit Card
4021,759,410,2,2025-05-25,868.71,Credit Card
4022,1091,634,1,2023-10-01,831.23,Credit Card
4023,341,657,4,2025-11-14,1360.59,Debit Card
4024,1087,446,2,2025-10-25,3854.27,Cash
4025,2142,516,1,2025-02-02,558.74,Wire Transfer
4026,1342,698,1,2025-09-23,5192.88,Wire Transfer
4027,1501,462,4,2024-10-29,3926.36,Cash
4028,926,428,5,2025-07-31,5776.69,Wire Transfer
4029,1444,614,5,2022-12-12,7347.84,Credit Card
4030,2129,632,2,2023-05-20,2884.24,Credit Card
4031,1250,450,2,2025-01-04,1992.29,Credit Card
4032,721,754,4,2023-09-12,3141.51,Wire Transfer
4033,2007,336,2,2025-05-07,516.75,Cash
4034,210,473,4,2025-07-05,1640.12,Credit Card
4035,1184,720,1,2023-03-14,7632.89,Cash
4036,578,322,2,2025-04-17,2616.67,Debit Card
4037,1857,506,1,2022-08-14,9945.85,Debit Card
4038,1861,427,3,2023-05-03,2094.4,Debit Card
4039,882,636,4,2024-01-27,7993.33,Wire Transfer
4040,784,745,3,2022-11-27,7197.92,Wire Transfer
4041,352,656,2,2024-04-25,3560.26,Credit Card
4042,920,740,1,2024-04-24,3642.02,Debit Card
4043,1273,517,2,2022-10-30,5853.74,Cash
4044,1378,396,3,2025-03-07,8597.55,Wire Transfer
4045,1059,717,2,2024-07-11,4168.78,Cash
4046,1517,729,5,2023-04-09,1081.21,Cash
4047,1804,464,3,2022-12-05,4056.98,Credit Card
4048,250,448,2,2025-07-06,2469.47,Credit Card
4049,864,318,1,2025-05-05,9422.47,Cash
4050,731,594,2,2022-12-02,7124.11,Cash
4051,1836,495,1,2022-02-21,982.91,Cash
4052,1284,451,5,2025-03-20,3283.39,Cash
4053,1391,780,2,2024-06-17,977.05,Debit Card
4054,1426,665,5,2022-05-28,8385.16,Cash
4055,1057,423,3,2024-05-07,9109.82,Wire Transfer
4056,346,700,1,2023-10-23,1566.66,Credit Card
4057,1115,487,3,2025-02-04,4682.76,Wire Transfer
4058,1900,753,1,2022-11-02,9352.89,Credit Card
4059,2194,752,5,2023-10-24,1879.51,Credit Card
4060,1193,449,4,2022-08-17,3273.08,Credit Card
4061,1663,404,2,2025-10-29,3390.61,Wire Transfer
4062,442,543,5,2025-02-10,785.55,Credit Card
4063,781,762,1,2024-12-11,844.6,Cash
4064,887,531,1,2024-10-04,9551.53,Cash
4065,1785,779,1,2023-09-11,5925.38,Debit Card
4066,683,506,1,2025-09-09,3413.16,Debit Card
4067,1332,498,2,2022-04-17,4097.41,Debit Card
4068,1450,696,3,2025-03-18,7291.01,Cash
4069,873,700,4,2022-11-11,3981.91,Wire Transfer
4070,831,637,2,2023-04-19,2663.72,Debit Card
4071,861,793,1,2024-01-29,1467.45,Cash
4072,862,387,2,2025-02-16,7424.86,Credit Card
4073,1656,442,5,2025-05-09,2215.37,Wire Transfer
4074,1005,617,1,2024-05-02,1161.66,Wire Transfer
4075,1879,499,4,2023-08-12,4556.07,Cash
4076,619,346,1,2025-10-13,875.92,Cash
4077,1188,588,4,2022-12-26,9667.48,Credit Card
4078,1679,315,4,2025-03-18,6459.28,Credit Card
4079,1384,344,3,2024-06-12,1950.62,Credit Card
4080,1747,701,3,2023-07-05,2138.31,Wire Transfer
4081,850,469,2,2022-01-02,5913.37,Wire Transfer
4082,1169,610,2,2023-10-15,3887.37,Debit Card
4083,790,795,4,2023-02-09,7855.53,Debit Card
4084,1301,344,1,2022-06-02,5685.16,Debit Card
4085,709,398,5,2022-04-20,4616.67,Wire Transfer
4086,641,561,5,2023-05-23,9648.31,Credit Card
4087,1478,409,1,2024-06-16,4211.93,Debit Card
4088,1121,583,1,2025-05-07,4305.8,Credit Card
4089,970,672,3,2022-09-26,6824.84,Credit Card
4090,1544,643,5,2023-09-12,8190.05,Credit Card
4091,2027,404,4,2023-07-27,6449.04,Debit Card
4092,463,556,2,2024-01-20,7136.8,Debit Card
4093,1821,679,3,2025-03-27,4042.85,Credit Card
4094,1882,506,5,2024-03-19,5055.22,Debit Card
4095,2059,635,1,2025-05-21,2371.83,Cash
4096,1778,343,5,2024-01-28,6962.34,Debit Card
4097,1598,653,4,2024-05-31,2603.79,Credit Card
4098,837,545,3,2023-10-01,511.94,Credit Card
4099,1391,587,1,2025-04-16,9370.74,Wire Transfer
4100,2161,655,4,2025-09-10,3407.14,Wire Transfer
4101,1977,573,2,2024-07-22,2368.0,Credit Card
4102,659,776,3,2025-04-13,3047.39,Cash
4103,1199,383,4,2022-03-28,3639.25,Wire Transfer
4104,1504,410,4,2025-08-15,5008.19,Credit Card
4105,900,738,1,2022-10-03,1158.84,Wire Transfer
4106,502,490,2,2023-01-10,1000.39,Wire Transfer
4107,1755,771,4,2022-03-19,3282.65,Credit Card
4108,1804,588,3,2025-11-10,3309.78,Debit Card
4109,1442,724,4,2025-05-28,1617.64,Cash
4110,1326,697,5,2025-08-26,4345.52,Debit Card
4111,754,551,3,2025-05-21,3198.27,Credit Card
4112,488,512,3,2023-12-02,747.53,Credit Card
4113,1391,591,4,2025-09-11,8914.35,Cash
4114,821,433,1,2025-11-16,8917.18,Credit Card
4115,1206,501,3,2024-01-04,2487.23,Wire Transfer
4116,236,585,5,2022-09-14,2047.29,Cash
4117,944,626,1,2024-08-19,5699.28,Debit Card
4118,1965,709,1,2025-11-25,6492.16,Cash
4119,553,395,1,2025-06-27,9596.65,Debit Card
4120,1900,578,3,2025-06-12,4084.81,Credit Card
4121,2123,750,1,2025-09-25,6372.9,Debit Card
4122,273,729,4,2025-07-29,8842.72,Debit Card
4123,848,625,1,2025-02-07,4774.56,Debit Card
4124,1577,519,5,2024-11-14,1662.28,Cash
4125,2115,389,2,2023-01-22,4085.75,Wire Transfer
4126,1294,372,5,2024-06-26,1797.39,Debit Card
4127,625,547,3,2024-02-01,658.07,Cash
4128,1199,429,1,2025-06-12,7639.75,Cash
4129,908,512,1,2023-12-19,2765.03,Wire Transfer
4130,2005,728,4,2022-07-06,519.07,Cash
4131,761,643,1,2022-01-08,8788.11,Credit Card
4132,1028,396,5,2024-09-16,4715.99,Credit Card
4133,1866,375,3,2024-03-13,2769.17,Credit Card
4134,1156,723,2,2023-04-29,2996.5,Wire Transfer
4135,717,795,1,2022-09-04,2785.11,Cash
4136,628,354,2,2023-11-13,2348.28,Credit Card
4137,1763,644,1,2022-05-27,8491.65,Debit Card
4138,360,759,3,2023-05-06,2118.15,Cash
4139,349,713,5,2023-07-08,5837.62,Credit Card
4140,976,354,3,2023-11-11,1234.54,Cash
4141,1454,518,2,2023-11-13,9520.45,Credit Card
4142,1936,316,1,2023-01-11,6231.48,Debit Card
4143,1786,399,2,2025-05-26,9079.95,Cash
4144,267,320,5,2023-06-04,4279.84,Credit Card
4145,1214,346,3,2022-12-02,8201.38,Credit Card
4146,2036,751,2,2022-09-14,8609.72,Debit Card
4147,581,493,2,2023-04-16,7178.02,Debit Card
4148,258,683,5,2022-04-09,1383.0,Credit Card
4149,1483,358,1,2022-02-18,652.76,Credit Card
4150,542,737,2,2024-06-02,2101.32,Wire Transfer
4151,2062,411,5,2024-06-22,1621.92,Wire Transfer
4152,1354,429,1,2024-02-13,7388.81,Cash
4153,927,637,1,2025-01-17,5791.56,Cash
4154,1396,494,3,2022-02-27,5496.53,Wire Transfer
4155,970,713,5,2025-09-28,2902.24,Credit Card
4156,814,640,1,2022-05-19,1968.77,Debit Card
4157,1433,626,3,2024-09-11,2462.21,Cash
4158,2027,308,4,2022-07-14,4302.63,Credit Card
4159,554,329,5,2025-07-08,7531.36,Debit Card
4160,1695,412,4,2024-01-16,2917.91,Debit Card
4161,2022,735,1,2022-05-01,7136.82,Credit Card
4162,316,461,5,2024-06-19,5169.36,Credit Card
4163,1488,431,3,2022-01-14,8911.69,Cash
4164,862,488,1,2025-02-06,2712.69,Wire Transfer
4165,2036,463,5,2024-08-07,4783.14,Credit Card
4166,1666,497,5,2022-11-07,1418.32,Wire Transfer
4167,1772,775,4,2023-07-02,3683.95,Cash
4168,653,664,1,2022-01-12,5315.36,Wire Transfer
4169,2069,504,3,2024-10-09,7461.03,Wire Transfer
4170,1701,512,3,2023-04-17,2381.73,Debit Card
4171,487,409,1,2024-04-14,2571.88,Cash
4172,1527,576,1,2025-10-28,6499.99,Credit Card
4173,1217,373,2,2023-03-14,4133.35,Wire Transfer
4174,511,467,4,2025-12-16,5079.9,Cash
4175,408,560,1,2024-07-12,8443.28,Debit Card
4176,818,543,1,2022-12-20,5241.29,Debit Card
4177,646,575,2,2023-09-30,6698.74,Wire Transfer
4178,870,402,2,2024-12-17,6739.36,Wire Transfer
4179,833,775,5,2023-10-14,8134.31,Credit Card
4180,255,473,3,2022-04-11,6562.33,Cash
4181,1112,471,4,2022-09-04,1115.69,Credit Card
4182,1236,441,5,2025-03-01,3750.64,Credit Card
4183,857,697,1,2024-08-04,9898.5,Debit Card
4184,1624,488,2,2024-04-11,2366.85,Cash
4185,2132,741,3,2022-09-02,6073.93,Credit Card
4186,1872,386,5,2025-05-08,8507.94,Debit Card
4187,1180,776,3,2025-11-03,6072.31,Wire Transfer
4188,715,352,2,2022-03-01,4036.57,Credit Card
4189,1880,411,5,2022-04-24,1262.17,Wire Transfer
4190,1766,737,5,2025-07-15,3935.82,Cash
4191,437,665,3,2025-04-05,2229.64,Credit Card
4192,1503,642,2,2024-06-21,9628.2,Wire Transfer
4193,548,343,1,2025-10-11,7292.8,Wire Transfer
4194,827,511,5,2024-08-01,7619.14,Cash
4195,1328,756,1,2022-11-12,4641.71,Debit Card
4196,830,800,2,2024-11-29,1544.67,Debit Card
4197,1741,500,5,2024-07-31,3033.81,Credit Card
4198,2096,598,5,2025-12-10,2967.26,Wire Transfer
4199,1472,646,1,2022-11-09,5124.4,Debit Card
4200,564,540,4,2024-05-22,4879.31,Credit Card
4201,521,415,1,2025-02-13,4617.38,Wire Transfer
4202,1857,326,1,2023-05-10,5211.79,Credit Card
4203,486,707,4,2023-07-09,9876.72,Cash
4204,349,599,2,2025-07-20,3334.36,Credit Card
4205,1308,377,2,2023-08-14,6345.06,Cash
4206,2190,712,5,2024-07-01,2775.32,Wire Transfer
4207,606,437,3,2025-07-22,4932.76,Wire Transfer
4208,1178,320,3,2022-11-03,2400.47,Wire Transfer
4209,656,740,5,2025-12-04,5802.83,Credit Card
4210,1967,511,3,2024-10-21,3017.61,Wire Transfer
4211,1000,540,1,2023-12-26,849.49,Wire Transfer
4212,1385,339,1,2023-09-22,8245.08,Cash
4213,1213,735,4,2025-10-25,1718.42,Wire Transfer
4214,984,568,4,2022-10-28,3996.37,Wire Transfer
4215,660,507,5,2023-04-01,5033.19,Wire Transfer
4216,1774,779,5,2023-03-26,4608.56,Debit Card
4217,1724,739,5,2023-02-26,7393.82,Wire Transfer
4218,938,762,1,2023-11-16,6169.38,Credit Card
4219,709,567,3,2025-12-15,3306.03,Cash
4220,1878,454,5,2025-07-21,991.18,Wire Transfer
4221,2028,342,5,2023-04-24,7792.15,Credit Card
4222,681,711,1,2023-09-10,3849.01,Cash
4223,1887,311,1,2024-09-04,8952.39,Cash
4224,314,594,1,2022-01-26,4253.04,Credit Card
4225,949,398,3,2025-04-12,7317.76,Credit Card
4226,1802,727,5,2025-07-08,9425.86,Debit Card
4227,561,575,2,2025-06-05,6685.95,Debit Card
4228,541,748,2,2023-07-02,4428.14,Wire Transfer
4229,970,690,5,2023-11-06,5890.29,Debit Card
4230,961,730,5,2022-01-19,5662.73,Credit Card
4231,1169,672,5,2023-08-07,6055.79,Debit Card
4232,649,530,5,2023-11-04,1894.79,Cash
4233,2067,669,3,2025-08-17,7135.84,Credit Card
4234,1035,726,2,2025-07-29,1877.91,Wire Transfer
4235,1404,520,4,2025-11-11,638.86,Cash
4236,1926,365,2,2025-07-16,6435.41,Cash
4237,1631,655,2,2022-01-12,1610.68,Cash
4238,1890,532,1,2024-07-25,7818.91,Credit Card
4239,1420,628,5,2022-04-10,8726.68,Credit Card
4240,1690,743,5,2023-02-02,9475.0,Wire Transfer
4241,511,352,5,2024-04-24,6812.53,Debit Card
4242,462,674,1,2024-10-19,5079.14,Debit Card
4243,1643,731,3,2024-08-13,3846.67,Debit Card
4244,606,676,3,2022-03-13,5163.79,Debit Card
4245,2163,563,4,2022-06-01,2308.35,Cash
4246,343,567,3,2022-07-07,3810.02,Credit Card
4247,542,659,3,2022-05-14,7320.34,Debit Card
4248,1540,617,5,2022-09-18,2565.52,Cash
4249,1325,624,2,2024-10-02,3008.64,Credit Card
4250,444,709,3,2025-04-28,7618.62,Credit Card
4251,690,696,3,2023-08-20,2189.44,Credit Card
4252,212,454,1,2024-10-08,2835.93,Cash
4253,1463,658,4,2022-10-20,666.7,Debit Card
4254,761,666,1,2025-11-21,7340.49,Credit Card
4255,242,440,5,2023-05-26,6370.08,Cash
4256,878,727,2,2025-05-19,7096.66,Credit Card
4257,794,351,4,2025-10-12,2536.11,Wire Transfer
4258,1653,417,1,2025-06-16,7030.08,Wire Transfer
4259,2027,721,3,2022-04-08,6165.58,Cash
4260,1382,346,3,2024-08-07,3978.17,Debit Card
4261,1440,609,4,2022-06-25,4659.35,Debit Card
4262,1894,388,3,2022-01-09,5895.24,Credit Card
4263,1686,508,1,2022-03-17,5186.28,Debit Card
4264,334,677,1,2025-08-30,6597.37,Debit Card
4265,1291,569,3,2025-08-19,2219.31,Wire Transfer
4266,2072,389,3,2022-11-26,5636.74,Cash
4267,1231,681,5,2024-03-09,4777.66,Wire Transfer
4268,1148,418,2,2025-10-26,4879.69,Cash
4269,1750,354,4,2023-12-27,4959.13,Credit Card
4270,273,741,1,2023-07-29,8873.98,Wire Transfer
4271,599,416,4,2023-12-07,8276.96,Cash
4272,1629,418,5,2025-02-27,6480.91,Debit Card
4273,1899,560,1,2023-11-28,7306.63,Cash
4274,778,375,5,2025-02-17,906.63,Debit Card
4275,1059,780,5,2023-09-23,7567.92,Credit Card
4276,330,605,3,2023-01-03,5118.56,Debit Card
4277,1131,307,4,2023-04-22,3518.6,Cash
4278,1690,666,4,2022-04-24,1827.88,Wire Transfer
4279,1430,422,3,2023-12-28,1214.48,Cash
4280,2012,311,4,2022-08-05,926.41,Wire Transfer
4281,1992,648,3,2025-03-30,2037.06,Cash
4282,466,738,1,2023-09-07,786.37,Cash
4283,1761,789,5,2025-01-21,7460.1,Credit Card
4284,2186,515,5,2025-10-25,2861.83,Debit Card
4285,993,729,4,2025-05-25,4003.03,Cash
4286,453,579,2,2025-10-21,8315.8,Wire Transfer
4287,1022,798,5,2024-04-09,1589.25,Debit Card
4288,1513,328,3,2022-08-30,8438.14,Credit Card
4289,364,535,2,2025-09-27,6575.63,Debit Card
4290,295,667,2,2025-06-22,3749.28,Cash
4291,2006,613,5,2025-06-16,1619.17,Wire Transfer
4292,1033,326,5,2024-10-09,1369.18,Wire Transfer
4293,1334,709,5,2024-07-01,3687.39,Debit Card
4294,536,354,3,2022-01-22,1833.25,Wire Transfer
4295,1022,329,2,2024-12-28,3043.25,Cash
4296,438,767,4,2022-05-14,1003.08,Wire Transfer
4297,581,653,3,2023-01-15,6152.58,Wire Transfer
4298,1660,464,1,2024-03-16,1880.12,Wire Transfer
4299,1099,570,5,2023-10-22,7688.96,Cash
4300,683,634,2,2022-01-24,2572.66,Credit Card
4301,2161,335,3,2025-04-18,8080.78,Wire Transfer
4302,1102,586,1,2025-07-07,2303.88,Credit Card
4303,1249,648,3,2024-09-22,7352.98,Debit Card
4304,1877,573,3,2024-02-29,3664.21,Debit Card
4305,1341,751,4,2025-11-03,6039.64,Cash
4306,682,508,4,2022-06-25,867.29,Cash
4307,1616,538,3,2024-12-13,5204.82,Cash
4308,1117,714,1,2022-07-07,1912.53,Cash
4309,1194,800,2,2023-07-12,5120.04,Credit Card
4310,1164,393,2,2024-05-04,1842.91,Cash
4311,737,473,5,2024-12-12,4652.35,Credit Card
4312,1303,379,5,2022-01-06,1550.9,Wire Transfer
4313,1804,410,2,2023-01-16,2589.54,Wire Transfer
4314,1397,517,3,2024-02-25,6153.25,Debit Card
4315,2180,735,3,2024-02-17,9778.28,Debit Card
4316,1236,658,4,2024-07-19,4767.26,Credit Card
4317,2024,406,4,2023-03-20,7028.15,Cash
4318,328,347,5,2024-02-29,5624.53,Debit Card
4319,1832,481,2,2022-10-05,5234.4,Credit Card
4320,292,364,3,2022-09-30,1114.69,Debit Card
4321,1877,546,2,2024-04-21,1870.83,Cash
4322,743,544,1,2024-09-27,8889.05,Credit Card
4323,1046,722,2,2022-06-25,4396.56,Debit Card
4324,1756,620,1,2022-06-29,6336.16,Cash
4325,1882,387,4,2024-04-05,5518.22,Credit Card
4326,1189,517,4,2023-01-30,4099.38,Credit Card
4327,2052,790,5,2023-07-27,4184.26,Credit Card
4328,647,307,2,2023-08-09,5776.92,Wire Transfer
4329,590,578,2,2022-09-18,1840.85,Credit Card
4330,872,637,1,2022-01-02,4178.96,Debit Card
4331,2085,510,4,2025-05-30,4746.27,Credit Card
4332,243,797,1,2024-11-09,9858.7,Credit Card
4333,454,469,4,2024-10-05,3838.82,Credit Card
4334,1354,630,1,2024-03-08,6623.5,Credit Card
4335,1284,438,4,2024-10-20,1805.45,Credit Card
4336,863,741,1,2025-09-28,1122.07,Wire Transfer
4337,667,691,4,2024-08-29,8779.65,Cash
4338,487,796,1,2023-01-23,7441.98,Wire Transfer
4339,1211,681,2,2024-04-13,3516.24,Debit Card
4340,1741,606,5,2023-10-08,5293.49,Cash
4341,1691,530,1,2024-03-23,1789.57,Debit Card
4342,2154,775,5,2024-01-26,7218.02,Credit Card
4343,978,608,2,2025-06-07,1168.14,Debit Card
4344,545,461,2,2024-08-09,7691.81,Wire Transfer
4345,842,301,4,2022-10-03,5694.95,Wire Transfer
4346,582,536,5,2022-04-03,3149.08,Credit Card
4347,2003,737,3,2023-09-12,8694.46,Credit Card
4348,890,488,4,2022-01-23,9867.68,Cash
4349,1477,718,5,2023-04-10,2916.32,Wire Transfer
4350,2151,304,1,2023-06-22,8159.34,Wire Transfer
4351,1280,701,1,2023-07-03,7626.58,Cash
4352,1687,432,2,2025-11-30,7598.31,Wire Transfer
4353,657,727,3,2023-03-20,9593.74,Cash
4354,1183,518,1,2023-01-23,5122.86,Wire Transfer
4355,283,560,5,2022-07-08,6904.6,Debit Card
4356,2129,301,5,2024-01-17,8326.83,Debit Card
4357,1323,371,1,2022-08-13,5055.6,Cash
4358,349,778,5,2024-06-18,5073.6,Cash
4359,1553,478,5,2022-08-15,3527.22,Credit Card
4360,1380,757,2,2024-04-21,7917.84,Wire Transfer
4361,390,489,3,2025-04-21,7018.86,Debit Card
4362,1718,591,2,2022-03-04,4785.83,Credit Card
4363,1083,308,3,2023-09-05,4483.7,Wire Transfer
4364,463,553,5,2023-11-05,1189.6,Debit Card
4365,1304,708,3,2025-02-28,561.76,Wire Transfer
4366,600,767,5,2023-11-15,5524.49,Cash
4367,964,592,5,2024-04-08,4466.18,Debit Card
4368,809,734,2,2025-03-01,8062.35,Debit Card
4369,1484,544,2,2024-03-28,5655.21,Credit Card
4370,1996,423,4,2023-06-08,9398.71,Wire Transfer
4371,1839,599,1,2022-05-06,2363.34,Cash
4372,1776,583,4,2024-12-01,9906.43,Cash
4373,985,332,4,2025-06-25,3330.23,Wire Transfer
4374,301,634,3,2025-11-17,6603.03,Wire Transfer
4375,1583,677,5,2025-09-14,5267.61,Cash
4376,1604,446,5,2025-03-10,3915.98,Wire Transfer
4377,1020,456,5,2024-07-28,1823.44,Credit Card
4378,1445,713,1,2025-02-14,1780.92,Wire Transfer
4379,1020,316,3,2023-09-23,7259.31,Credit Card
4380,620,655,3,2024-05-18,4087.59,Credit Card
4381,324,347,5,2023-05-25,9632.33,Wire Transfer
4382,622,551,4,2023-04-22,3593.66,Debit Card
4383,1455,487,1,2025-01-09,9843.48,Debit Card
4384,1914,331,4,2023-10-25,2451.52,Credit Card
4385,1287,560,2,2022-11-06,1476.74,Wire Transfer
4386,1709,721,3,2022-10-22,3469.41,Credit Card
4387,1852,317,3,2025-06-08,8913.06,Wire Transfer
4388,1927,339,4,2024-09-16,5457.59,Wire Transfer
4389,1798,604,1,2024-03-08,1788.68,Cash
4390,968,730,3,2023-08-09,2423.74,Debit Card
4391,683,774,4,2023-09-21,3456.98,Debit Card
4392,719,732,1,2022-03-25,6106.58,Cash
4393,355,339,4,2023-10-27,3657.6,Cash
4394,292,789,1,2025-03-07,7597.01,Cash
4395,1182,432,5,2023-07-21,6354.79,Credit Card
4396,1750,330,1,2023-07-15,8801.33,Credit Card
4397,655,458,2,2022-01-23,5259.14,Credit Card
4398,1965,578,5,2023-10-31,3646.18,Credit Card
4399,798,503,4,2022-02-06,9964.58,Credit Card
4400,1869,366,5,2024-04-12,3878.52,Debit Card
4401,710,408,5,2024-01-10,4571.73,Debit Card
4402,1407,568,4,2025-05-11,8186.71,Wire Transfer
4403,586,522,4,2024-04-29,1342.04,Debit Card
4404,1798,592,2,2023-04-18,4171.66,Cash
4405,1955,318,4,2024-01-24,1314.25,Debit Card
4406,605,390,3,2024-10-18,1823.41,Cash
4407,446,481,3,2022-05-18,544.09,Debit Card
4408,942,555,2,2024-06-25,590.67,Credit Card
4409,1815,755,1,2025-08-31,4112.73,Debit Card
4410,861,553,1,2023-03-13,8187.06,Wire Transfer
4411,850,557,3,2024-07-03,6076.54,Credit Card
4412,1695,683,4,2025-04-14,6531.68,Credit Card
4413,2050,742,2,2024-01-18,5432.87,Wire Transfer
4414,2112,646,1,2024-11-14,8288.03,Debit Card
4415,1647,387,1,2023-03-31,8863.6,Debit Card
4416,1101,390,5,2023-03-23,8572.54,Wire Transfer
4417,265,537,3,2024-09-01,8215.26,Credit Card
4418,1237,690,4,2024-10-26,2235.77,Wire Transfer
4419,413,370,2,2025-09-30,6141.82,Cash
4420,442,344,1,2022-11-25,6030.55,Cash
4421,693,500,5,2023-11-15,5515.47,Debit Card
4422,1437,452,3,2023-01-01,5067.72,Credit Card
4423,1917,386,3,2022-04-27,1347.12,Cash
4424,538,319,2,2023-08-12,1470.55,Wire Transfer
4425,373,401,1,2023-07-01,9071.67,Debit Card
4426,872,702,2,2023-01-30,6486.77,Debit Card
4427,364,395,2,2023-03-10,2992.01,Credit Card
4428,665,554,5,2023-06-11,3153.35,Cash
4429,1195,657,3,2025-12-14,6296.85,Debit Card
4430,697,330,4,2025-02-17,4365.88,Wire Transfer
4431,900,549,3,2022-04-15,4692.58,Cash
4432,595,726,3,2025-06-27,1076.17,Debit Card
4433,903,333,5,2024-07-13,1818.02,Debit Card
4434,2141,758,4,2025-07-24,4236.83,Cash
4435,508,529,1,2023-05-14,7147.02,Cash
4436,1992,312,4,2023-11-10,956.24,Credit Card
4437,383,418,1,2025-08-01,3678.3,Wire Transfer
4438,829,650,4,2023-02-02,7103.18,Credit Card
4439,2018,455,2,2025-08-29,8024.48,Credit Card
4440,710,723,4,2025-04-24,2307.1,Wire Transfer
4441,1932,693,5,2025-12-02,7449.13,Wire Transfer
4442,746,546,1,2023-04-19,9576.41,Credit Card
4443,1788,705,3,2022-12-11,9114.72,Cash
4444,824,632,5,2023-04-29,7999.07,Wire Transfer
4445,1988,547,1,2025-10-25,7267.1,Credit Card
4446,794,329,1,2023-05-02,2733.81,Cash
4447,944,461,3,2024-04-05,6522.08,Debit Card
4448,1451,535,2,2023-08-13,6611.1,Cash
4449,1969,490,5,2023-08-02,4364.8,Credit Card
4450,1957,417,3,2022-10-10,5183.65,Wire Transfer
4451,1660,571,3,2024-02-24,7093.27,Cash
4452,2149,558,2,2025-05-25,9544.96,Cash
4453,1646,480,5,2022-03-14,3305.41,Cash
4454,754,787,3,2025-07-22,2840.45,Wire Transfer
4455,221,673,2,2024-08-29,6217.17,Wire Transfer
4456,754,472,5,2024-06-19,1742.59,Cash
4457,597,738,4,2024-07-02,6034.06,Cash
4458,825,574,1,2023-03-09,1344.09,Credit Card
4459,305,559,2,2023-08-30,5160.55,Wire Transfer
4460,392,435,1,2025-03-12,6393.94,Cash
4461,217,471,4,2023-03-24,1166.04,Wire Transfer
4462,1344,510,3,2023-11-18,2466.05,Wire Transfer
4463,593,536,3,2022-01-29,3686.06,Wire Transfer
4464,625,722,5,2024-12-06,4001.69,Credit Card
4465,329,721,2,2023-09-02,6922.99,Debit Card
4466,1354,486,2,2024-02-07,5525.7,Wire Transfer
4467,772,717,5,2022-06-17,4130.03,Wire Transfer
4468,1784,664,1,2025-12-18,4781.42,Cash
4469,229,743,3,2023-03-18,623.28,Wire Transfer
4470,1321,395,3,2024-07-16,7819.99,Debit Card
4471,1234,678,2,2024-04-28,889.54,Wire Transfer
4472,442,311,2,2025-02-20,8378.52,Credit Card
4473,2050,368,5,2023-03-06,5639.47,Cash
4474,2180,679,4,2025-01-08,5514.28,Debit Card
4475,432,510,1,2023-07-13,7193.5,Credit Card
4476,989,496,4,2023-08-24,8665.82,Debit Card
4477,1508,669,4,2024-09-09,9455.14,Cash
4478,915,398,2,2025-02-19,5662.01,Wire Transfer
4479,959,393,2,2024-08-31,1931.25,Cash
4480,1002,772,2,2025-08-06,8846.99,Cash
4481,976,322,4,2023-02-21,886.38,Wire Transfer
4482,2179,750,1,2025-08-07,8169.7,Credit Card
4483,926,472,2,2022-07-11,6964.01,Debit Card
4484,400,683,3,2024-08-20,9094.91,Credit Card
4485,1145,434,1,2024-03-10,9025.9,Wire Transfer
4486,279,726,3,2023-12-24,1004.96,Debit Card
4487,2137,325,1,2023-03-30,6289.74,Wire Transfer
4488,1156,485,2,2024-01-06,1684.38,Credit Card
4489,2079,385,5,2022-08-25,1245.45,Cash
4490,1056,355,2,2023-06-24,4758.63,Debit Card
4491,1397,551,4,2022-05-25,1427.18,Wire Transfer
4492,667,444,4,2024-04-14,7415.07,Debit Card
4493,781,651,1,2022-05-20,9704.94,Debit Card
4494,1640,698,4,2022-08-23,5911.04,Credit Card
4495,1140,467,2,2022-05-05,2734.1,Cash
4496,649,712,3,2023-07-11,8510.46,Debit Card
4497,287,524,2,2025-05-14,8604.48,Credit Card
4498,301,520,1,2025-08-17,7461.47,Debit Card
4499,1232,479,4,2022-04-15,6343.76,Cash
4500,1045,419,3,2024-07-15,8744.03,Debit Card
4501,1424,733,5,2024-09-26,2051.27,Cash
4502,1729,565,3,2024-02-19,9350.2,Credit Card
4503,287,742,3,2024-08-31,9498.43,Credit Card
4504,243,729,2,2022-12-08,8783.93,Cash
4505,1609,450,5,2023-12-16,2881.29,Cash
4506,1845,716,1,2023-07-25,8652.69,Credit Card
4507,1659,753,1,2022-05-11,5227.56,Cash
4508,608,515,3,2024-07-02,6151.84,Cash
4509,1707,497,3,2023-12-25,8485.71,Wire Transfer
4510,864,342,4,2023-02-06,781.04,Debit Card
4511,1241,353,5,2023-11-23,3947.95,Credit Card
4512,1869,780,3,2025-02-05,8249.09,Credit Card
4513,348,743,4,2025-03-16,8232.57,Wire Transfer
4514,477,630,5,2024-08-06,8562.54,Cash
4515,432,551,1,2023-11-14,2107.55,Cash
4516,2050,595,4,2024-04-20,7205.92,Cash
4517,2151,678,5,2023-07-17,1891.78,Credit Card
4518,566,571,4,2022-07-04,7958.43,Wire Transfer
4519,1452,755,3,2023-07-18,2828.7,Debit Card
4520,1875,713,2,2024-02-14,7509.27,Wire Transfer
4521,636,423,1,2024-05-24,4822.52,Credit Card
4522,599,667,3,2025-09-28,9869.5,Debit Card
4523,1435,687,3,2025-02-08,6008.99,Cash
4524,1615,639,5,2022-08-10,6509.5,Wire Transfer
4525,699,566,4,2022-09-12,3997.55,Wire Transfer
4526,740,648,1,2022-05-27,7477.94,Credit Card
4527,763,329,3,2024-12-13,5201.41,Wire Transfer
4528,1715,763,5,2024-10-27,671.63,Debit Card
4529,642,335,1,2025-12-11,6281.53,Wire Transfer
4530,1485,306,4,2024-02-02,8389.37,Credit Card
4531,973,696,3,2025-04-21,2749.62,Wire Transfer
4532,550,411,3,2024-04-21,2600.11,Debit Card
4533,1576,594,3,2025-06-30,6284.42,Debit Card
4534,720,377,1,2024-11-18,8270.8,Credit Card
4535,1544,649,1,2024-07-27,2871.39,Cash
4536,338,447,1,2024-04-05,9356.5,Credit Card
4537,1774,367,1,2024-11-21,9310.18,Cash
4538,1847,692,5,2023-09-05,2405.1,Debit Card
4539,1192,308,2,2022-05-22,3005.95,Wire Transfer
4540,568,422,5,2022-02-28,7155.69,Wire Transfer
4541,1444,640,3,2023-12-01,9541.46,Debit Card
4542,1561,475,5,2024-05-24,7243.89,Credit Card
4543,1447,688,4,2022-04-26,4726.55,Wire Transfer
4544,1872,479,1,2023-02-23,2105.51,Credit Card
4545,1992,385,4,2023-04-16,4879.59,Wire Transfer
4546,560,751,4,2024-04-01,6264.29,Cash
4547,1121,345,3,2023-02-11,3644.04,Wire Transfer
4548,529,436,1,2022-05-20,5347.45,Cash
4549,1162,643,4,2022-08-29,1737.03,Wire Transfer
4550,663,316,3,2022-09-11,4795.79,Wire Transfer
4551,1146,633,1,2025-05-15,1362.37,Wire Transfer
4552,1163,495,2,2023-02-20,966.34,Wire Transfer
4553,1785,796,3,2024-11-09,8643.78,Wire Transfer
4554,2028,309,5,2024-04-09,2448.28,Credit Card
4555,1606,616,1,2025-11-27,5963.98,Cash
4556,1036,634,4,2023-02-03,1915.34,Cash
4557,1814,633,4,2022-08-20,2994.01,Wire Transfer
4558,1841,627,5,2022-03-17,3932.72,Credit Card
4559,369,315,5,2022-12-18,1864.93,Credit Card
4560,417,627,4,2024-09-25,936.64,Debit Card
4561,578,402,1,2022-05-05,8833.02,Debit Card
4562,319,526,3,2022-12-24,612.41,Credit Card
4563,390,725,5,2025-06-02,1082.55,Debit Card
4564,967,578,5,2024-05-01,8148.19,Cash
4565,570,708,5,2022-04-12,3179.08,Credit Card
4566,2002,413,2,2022-03-11,7366.79,Debit Card
4567,349,785,1,2022-03-31,1889.14,Credit Card
4568,1900,728,1,2025-10-07,2754.18,Debit Card
4569,852,301,1,2025-05-25,5941.38,Credit Card
4570,2083,566,1,2025-05-18,9892.04,Wire Transfer
4571,1712,791,1,2025-09-11,1197.72,Cash
4572,970,508,4,2024-01-08,4305.27,Debit Card
4573,574,410,5,2022-12-28,909.27,Wire Transfer
4574,981,500,4,2023-08-09,2392.65,Credit Card
4575,1917,740,2,2024-11-15,9120.97,Wire Transfer
4576,360,669,3,2025-07-03,1416.37,Cash
4577,551,773,5,2023-09-28,8640.13,Debit Card
4578,2136,606,2,2024-02-21,2189.13,Debit Card
4579,1512,312,4,2025-09-22,8686.96,Credit Card
4580,1512,645,3,2022-06-06,5611.21,Cash
4581,1092,765,2,2025-06-12,8842.96,Wire Transfer
4582,1450,488,3,2022-08-21,1941.18,Credit Card
4583,723,454,2,2023-12-08,7739.35,Debit Card
4584,722,794,4,2022-11-15,6966.64,Wire Transfer
4585,983,668,3,2024-05-30,5657.87,Credit Card
4586,473,634,2,2024-03-26,8200.58,Wire Transfer
4587,1136,725,4,2023-07-09,6658.62,Wire Transfer
4588,1626,720,5,2025-06-14,8831.95,Credit Card
4589,383,677,4,2024-08-21,4120.09,Wire Transfer
4590,2193,579,4,2024-11-18,6104.27,Wire Transfer
4591,1889,471,5,2022-08-08,8770.71,Cash
4592,688,434,4,2025-07-13,2540.73,Cash
4593,2051,795,5,2022-09-01,5114.54,Debit Card
4594,1046,753,5,2022-11-22,9627.05,Cash
4595,324,727,5,2022-07-06,4999.22,Credit Card
4596,1185,325,2,2023-10-05,2901.88,Wire Transfer
4597,1850,318,3,2025-07-20,3835.22,Debit Card
4598,990,490,2,2023-01-04,8908.3,Cash
4599,614,441,5,2023-06-30,9571.39,Wire Transfer
4600,1949,343,3,2025-05-20,9526.02,Credit Card
4601,1396,634,3,2024-06-21,7139.95,Wire Transfer
4602,1512,584,5,2025-01-02,5341.22,Credit Card
4603,1659,446,3,2022-11-09,2235.54,Wire Transfer
4604,886,615,3,2024-11-12,1670.6,Debit Card
4605,313,744,2,2022-11-29,1067.78,Debit Card
4606,1088,619,3,2025-12-12,668.29,Cash
4607,2141,741,5,2024-03-28,8842.11,Cash
4608,322,392,1,2024-10-12,8186.32,Wire Transfer
4609,1768,479,1,2022-06-22,5894.3,Wire Transfer
4610,1446,356,1,2023-01-01,9987.87,Cash
4611,1855,455,5,2022-07-24,9553.99,Cash
4612,239,460,1,2023-07-24,6723.54,Wire Transfer
4613,697,411,2,2023-02-19,4913.46,Wire Transfer
4614,980,437,5,2024-12-06,1945.62,Wire Transfer
4615,1457,532,5,2022-06-08,5398.14,Debit Card
4616,1143,780,5,2025-01-03,1998.56,Credit Card
4617,1754,768,3,2022-03-08,4285.29,Credit Card
4618,349,520,3,2022-10-22,9455.16,Cash
4619,1621,781,3,2025-03-02,3748.8,Debit Card
4620,1222,368,4,2024-12-20,1951.48,Wire Transfer
4621,861,602,2,2023-11-27,6032.77,Wire Transfer
4622,1862,549,5,2022-03-14,6222.46,Cash
4623,2128,782,5,2024-06-09,2341.14,Cash
4624,502,796,3,2023-08-17,2367.57,Debit Card
4625,1584,623,5,2023-04-08,9900.72,Credit Card
4626,438,710,5,2024-07-23,2811.17,Credit Card
4627,847,692,1,2023-09-30,8462.82,Wire Transfer
4628,863,306,5,2022-05-15,4968.08,Cash
4629,436,764,4,2025-08-30,4632.4,Debit Card
4630,1960,580,3,2025-02-10,3302.14,Wire Transfer
4631,403,732,2,2022-03-24,7851.35,Credit Card
4632,456,787,2,2024-02-06,8866.28,Credit Card
4633,798,394,1,2022-05-02,2980.71,Debit Card
4634,862,729,2,2025-05-07,1403.42,Wire Transfer
4635,435,569,2,2024-06-14,1800.74,Debit Card
4636,1569,497,3,2022-09-09,8031.63,Wire Transfer
4637,734,325,3,2022-01-31,4640.36,Credit Card
4638,1060,448,4,2022-02-16,1753.19,Cash
4639,2021,418,1,2024-01-11,3732.74,Cash
4640,2005,638,2,2024-12-08,5385.24,Credit Card
4641,1690,667,4,2022-06-26,8594.49,Cash
4642,970,638,1,2022-11-20,6596.56,Cash
4643,741,366,2,2023-04-23,2172.31,Wire Transfer
4644,413,758,2,2022-11-15,2007.68,Debit Card
4645,663,601,3,2023-07-26,4417.18,Wire Transfer
4646,636,670,5,2024-03-28,1214.33,Debit Card
4647,483,475,1,2024-09-27,7677.98,Debit Card
4648,1786,619,2,2025-11-08,4313.81,Cash
4649,1831,376,1,2025-09-21,3758.73,Debit Card
4650,1687,795,4,2024-04-12,5336.53,Debit Card
4651,1631,761,4,2024-12-07,7235.09,Credit Card
4652,288,414,5,2025-10-20,5908.8,Debit Card
4653,1268,411,2,2022-05-02,8122.83,Credit Card
4654,661,549,3,2022-01-09,6478.94,Wire Transfer
4655,478,739,2,2022-02-13,7985.72,Cash
4656,1907,503,1,2024-04-02,7119.43,Debit Card
4657,621,447,4,2025-01-18,2334.67,Credit Card
4658,1925,335,1,2023-06-20,997.37,Wire Transfer
4659,1577,787,5,2024-03-07,9082.27,Wire Transfer
4660,896,609,4,2024-01-24,9483.73,Wire Transfer
4661,715,326,3,2022-05-19,7405.86,Credit Card
4662,903,538,4,2023-04-15,7379.96,Credit Card
4663,1854,314,2,2022-01-29,3066.4,Cash
4664,219,674,2,2022-06-11,5653.2,Debit Card
4665,223,345,4,2025-03-31,9926.28,Wire Transfer
4666,613,728,5,2025-04-25,8633.36,Cash
4667,1254,516,2,2025-03-16,3391.75,Credit Card
4668,2031,533,2,2024-11-27,3359.94,Cash
4669,308,493,3,2025-03-04,5093.98,Wire Transfer
4670,1591,351,4,2024-09-06,4343.69,Wire Transfer
4671,1505,727,2,2024-09-04,4025.95,Cash
4672,1352,675,5,2024-09-01,6456.23,Wire Transfer
4673,1453,514,1,2024-01-21,609.18,Credit Card
4674,1335,451,4,2023-06-15,7751.73,Wire Transfer
4675,336,740,3,2024-12-02,7530.5,Debit Card
4676,562,575,2,2023-03-13,8388.09,Debit Card
4677,1410,638,5,2024-03-03,8493.78,Wire Transfer
4678,1880,376,4,2023-09-25,5880.8,Cash
4679,1808,739,5,2023-02-08,7910.7,Wire Transfer
4680,329,520,5,2025-11-24,5177.75,Debit Card
4681,2100,648,3,2023-01-13,9539.53,Credit Card
4682,1485,744,4,2023-03-28,2311.64,Debit Card
4683,715,487,2,2022-08-24,9198.36,Wire Transfer
4684,649,589,3,2025-04-16,2956.04,Wire Transfer
4685,2124,703,2,2024-05-06,1475.87,Cash
4686,1328,328,1,2024-06-14,4671.49,Wire Transfer
4687,1707,679,5,2025-04-13,6341.71,Wire Transfer
4688,1448,480,1,2023-05-16,2694.4,Credit Card
4689,2056,553,5,2022-10-10,5780.06,Credit Card
4690,1074,426,3,2022-10-17,8174.99,Credit Card
4691,2090,477,2,2024-12-05,2942.31,Cash
4692,1715,337,2,2024-06-15,6013.06,Cash
4693,673,710,3,2022-10-29,3723.47,Debit Card
4694,1234,399,4,2022-07-31,5532.8,Cash
4695,1629,398,1,2022-06-26,6835.73,Credit Card
4696,2120,427,1,2024-07-05,3829.01,Cash
4697,502,783,2,2022-01-01,9947.59,Wire Transfer
4698,431,468,2,2022-01-27,5855.86,Cash
4699,1955,380,2,2023-07-23,8332.38,Wire Transfer
4700,1123,594,3,2024-10-06,7388.78,Debit Card
4701,1290,633,4,2024-10-11,8601.65,Wire Transfer
4702,1137,426,1,2023-09-20,2151.11,Credit Card
4703,312,643,5,2024-10-05,2614.26,Debit Card
4704,1237,610,3,2024-01-31,5130.41,Debit Card
4705,1617,450,1,2025-11-27,8597.12,Debit Card
4706,700,316,4,2022-08-26,2377.26,Credit Card
4707,1132,328,3,2024-05-26,9725.13,Wire Transfer
4708,798,796,1,2023-12-19,1712.22,Debit Card
4709,434,719,3,2022-10-11,2163.24,Credit Card
4710,802,744,1,2024-12-30,2088.72,Debit Card
4711,514,473,1,2023-02-07,6067.06,Debit Card
4712,766,346,4,2023-07-12,9216.64,Credit Card
4713,1236,628,5,2023-07-02,2923.56,Cash
4714,409,536,4,2022-12-23,5753.85,Debit Card
4715,2198,739,1,2023-09-21,2169.84,Cash
4716,1238,514,3,2023-11-23,6495.8,Debit Card
4717,1857,385,4,2024-12-22,1670.84,Cash
4718,1642,582,5,2025-01-22,5167.45,Wire Transfer
4719,1661,532,1,2022-08-20,6724.23,Cash
4720,1601,385,4,2024-05-15,6001.72,Cash
4721,1244,709,4,2025-08-01,1830.0,Cash
4722,787,789,4,2022-06-08,2033.05,Cash
4723,2136,365,4,2023-11-22,6878.21,Wire Transfer
4724,1979,434,3,2024-12-31,8184.64,Credit Card
4725,1959,451,5,2024-06-11,9126.71,Cash
4726,1215,415,5,2022-05-27,8229.31,Credit Card
4727,1294,364,1,2023-08-03,9752.28,Debit Card
4728,2048,643,2,2024-01-11,4378.39,Credit Card
4729,1435,727,3,2025-12-24,3646.07,Cash
4730,1325,663,1,2022-09-18,767.75,Credit Card
4731,898,707,1,2025-12-05,4774.01,Wire Transfer
4732,332,652,4,2023-07-04,6688.03,Wire Transfer
4733,1847,458,2,2022-10-20,8246.38,Cash
4734,1605,377,2,2023-08-28,3040.83,Credit Card
4735,1356,791,3,2024-06-15,5379.12,Debit Card
4736,1244,446,2,2022-11-08,6789.09,Wire Transfer
4737,2130,643,1,2023-03-02,5740.23,Cash
4738,736,763,2,2025-06-01,3103.2,Wire Transfer
4739,1214,525,2,2025-12-29,8064.68,Cash
4740,427,705,5,2023-04-10,2146.93,Credit Card
4741,1378,613,1,2022-08-06,9097.31,Credit Card
4742,2029,403,2,2025-03-04,9549.67,Credit Card
4743,1966,707,2,2024-05-26,3972.95,Credit Card
4744,1693,647,4,2022-05-27,4073.73,Credit Card
4745,1022,601,2,2025-10-14,7561.14,Cash
4746,1071,728,2,2022-04-24,4834.74,Wire Transfer
4747,605,766,5,2024-07-02,771.8,Debit Card
4748,402,388,1,2023-09-11,9238.83,Wire Transfer
4749,238,671,3,2024-03-23,4592.13,Credit Card
4750,1142,603,1,2022-11-08,2433.2,Wire Transfer
4751,1996,468,4,2024-10-01,5778.81,Wire Transfer
4752,388,735,1,2025-11-02,2579.61,Cash
4753,1281,470,2,2023-11-01,2457.21,Debit Card
4754,1141,435,4,2024-02-03,5684.45,Debit Card
4755,1244,350,1,2022-12-17,4214.9,Credit Card
4756,473,732,4,2025-07-26,5943.44,Cash
4757,1343,640,3,2025-11-18,9969.84,Cash
4758,783,647,1,2025-02-21,8660.67,Cash
4759,716,434,2,2024-03-03,572.87,Cash
4760,1445,647,4,2025-10-28,980.28,Cash
4761,726,437,5,2022-08-13,6295.75,Debit Card
4762,1739,545,4,2023-11-30,6449.43,Debit Card
4763,1952,409,5,2024-02-24,8842.81,Wire Transfer
4764,1965,613,2,2023-12-20,6476.04,Debit Card
4765,536,587,3,2025-03-17,2663.29,Cash
4766,898,321,5,2024-09-05,4950.9,Wire Transfer
4767,1279,390,3,2022-07-04,8185.36,Debit Card
4768,700,596,4,2023-05-21,9266.84,Wire Transfer
4769,1100,412,2,2023-05-11,2750.69,Debit Card
4770,2112,601,5,2024-04-05,5626.24,Credit Card
4771,966,377,4,2023-03-02,2009.81,Debit Card
4772,736,477,1,2022-06-21,5221.5,Wire Transfer
4773,362,643,4,2024-08-12,1356.08,Credit Card
4774,1894,448,3,2025-05-27,9446.42,Cash
4775,794,401,2,2025-09-22,6561.54,Wire Transfer
4776,2139,546,2,2025-11-20,8615.06,Cash
4777,359,417,4,2025-02-14,9983.8,Cash
4778,1412,392,1,2022-07-23,2235.33,Wire Transfer
4779,260,701,3,2025-05-30,7094.36,Cash
4780,1115,328,4,2023-08-07,8926.37,Wire Transfer
4781,2041,725,4,2024-12-01,5971.41,Wire Transfer
4782,1543,750,2,2024-02-15,6577.12,Debit Card
4783,2102,325,3,2025-04-24,4372.88,Credit Card
4784,411,358,1,2023-09-14,6910.23,Cash
4785,606,798,2,2022-04-01,4257.99,Cash
4786,864,597,4,2024-03-23,5027.89,Credit Card
4787,1333,434,2,2022-09-08,1477.66,Credit Card
4788,1300,631,2,2025-11-10,574.18,Credit Card
4789,742,549,5,2024-02-09,1023.94,Credit Card
4790,1538,338,2,2024-03-19,2328.96,Credit Card
4791,1198,690,2,2025-08-17,4837.74,Debit Card
4792,1341,729,3,2024-06-30,699.44,Wire Transfer
4793,1127,375,2,2023-03-18,1981.4,Credit Card
4794,1068,442,1,2023-03-09,7923.72,Debit Card
4795,1928,622,4,2024-01-03,7740.58,Credit Card
4796,219,468,3,2025-06-19,8002.44,Credit Card
4797,632,559,2,2025-03-06,9254.64,Cash
4798,1909,673,1,2025-11-06,1631.17,Cash
4799,940,655,4,2022-04-15,2049.83,Cash
4800,1574,525,3,2023-01-27,3668.76,Cash
4801,383,452,1,2022-04-28,9193.84,Wire Transfer
4802,313,319,2,2025-01-01,7867.04,Wire Transfer
4803,1407,446,5,2022-07-25,3579.15,Cash
4804,681,748,5,2022-05-26,1332.54,Cash
4805,1370,541,3,2024-03-31,6355.61,Credit Card
4806,1031,672,1,2023-08-24,2939.78,Credit Card
4807,1852,681,4,2024-11-10,5545.95,Cash
4808,1337,644,1,2023-12-13,9447.13,Cash
4809,963,537,5,2023-09-13,5939.86,Cash
4810,676,335,3,2023-09-14,9276.43,Credit Card
4811,963,490,2,2025-06-26,4233.87,Cash
4812,1527,301,1,2023-08-01,6516.84,Cash
4813,1171,784,5,2023-05-02,8991.95,Wire Transfer
4814,2049,453,4,2023-05-10,6085.88,Wire Transfer
4815,1220,729,3,2022-10-15,6341.54,Credit Card
4816,1342,733,2,2025-06-10,7304.93,Wire Transfer
4817,2037,426,1,2022-08-03,8880.02,Credit Card
4818,361,791,4,2025-08-19,1337.71,Debit Card
4819,601,782,2,2023-02-18,3700.16,Cash
4820,398,645,5,2025-08-06,4278.0,Credit Card
4821,1484,700,5,2025-02-28,9142.24,Wire Transfer
4822,860,526,4,2024-04-29,9582.08,Debit Card
4823,1976,521,5,2024-09-04,1643.61,Wire Transfer
4824,1271,703,3,2023-04-21,1631.52,Credit Card
4825,599,707,4,2024-04-18,9381.19,Debit Card
4826,1934,511,5,2023-03-03,3309.83,Wire Transfer
4827,1783,325,1,2023-08-11,2797.24,Debit Card
4828,278,316,5,2025-01-21,838.42,Cash
4829,324,482,3,2022-12-23,3118.16,Cash
4830,275,799,2,2025-05-09,7088.5,Debit Card
4831,2095,629,2,2023-07-03,4547.34,Wire Transfer
4832,337,429,5,2024-02-16,5410.27,Wire Transfer
4833,802,342,2,2025-10-07,9214.31,Wire Transfer
4834,1624,703,5,2024-09-21,1589.55,Cash
4835,1037,781,3,2024-07-31,1176.79,Credit Card
4836,1729,718,2,2024-11-04,8593.34,Credit Card
4837,700,636,1,2025-09-02,7861.13,Debit Card
4838,1797,536,5,2022-12-29,3005.47,Wire Transfer
4839,338,660,2,2024-06-14,3580.22,Debit Card
4840,250,739,3,2023-08-08,3447.64,Credit Card
4841,1995,702,3,2022-01-18,6654.18,Credit Card
4842,1173,334,1,2022-07-02,1081.51,Wire Transfer
4843,1843,645,3,2023-04-20,5149.32,Debit Card
4844,1849,681,3,2024-04-04,1771.79,Wire Transfer
4845,2086,345,2,2025-07-10,8287.52,Credit Card
4846,454,434,5,2025-03-01,4116.3,Credit Card
4847,1854,321,4,2024-03-18,5511.94,Wire Transfer
4848,910,422,3,2022-04-18,778.52,Debit Card
4849,2073,370,3,2023-02-22,1053.51,Cash
4850,2101,652,4,2023-06-20,6913.02,Wire Transfer
4851,763,661,3,2024-06-26,7784.32,Credit Card
4852,957,348,2,2022-04-05,7245.34,Cash
4853,2139,791,2,2024-02-14,7501.68,Wire Transfer
4854,1650,339,4,2025-08-09,1493.89,Cash
4855,747,587,3,2024-10-26,7087.78,Wire Transfer
4856,1526,790,3,2025-03-09,2226.6,Credit Card
4857,1122,310,5,2024-09-22,1431.15,Wire Transfer
4858,781,330,3,2022-10-29,7693.03,Cash
4859,1573,544,2,2022-06-11,8949.36,Debit Card
4860,2056,574,1,2025-04-26,7308.74,Credit Card
4861,2157,744,1,2024-10-12,8152.95,Credit Card
4862,249,388,1,2024-04-19,9915.34,Cash
4863,1117,544,1,2022-10-04,1780.18,Wire Transfer
4864,1298,681,3,2024-05-30,9668.95,Wire Transfer
4865,904,629,3,2022-02-15,6211.38,Wire Transfer
4866,461,779,5,2022-06-23,8225.9,Credit Card
4867,556,315,3,2023-04-01,6676.61,Credit Card
4868,1806,304,1,2023-10-10,5915.36,Cash
4869,1826,491,4,2022-06-26,7184.38,Wire Transfer
4870,1484,468,4,2022-06-25,3542.46,Wire Transfer
4871,838,309,2,2024-11-25,9280.58,Cash
4872,943,409,2,2024-04-11,1595.28,Credit Card
4873,1519,437,3,2024-02-19,3521.3,Credit Card
4874,1210,454,4,2023-10-23,796.04,Debit Card
4875,1131,688,1,2025-11-26,3077.57,Debit Card
4876,841,509,1,2022-03-14,2573.02,Wire Transfer
4877,992,572,1,2022-09-21,971.49,Credit Card
4878,1537,443,3,2024-08-03,5171.85,Wire Transfer
4879,812,399,3,2022-07-19,4952.04,Credit Card
4880,2062,677,5,2024-05-10,1238.58,Debit Card
4881,1009,608,1,2024-04-08,2987.58,Cash
4882,1406,369,1,2025-11-18,9556.56,Credit Card
4883,886,547,3,2025-07-13,1552.0,Debit Card
4884,2052,561,3,2025-10-12,3397.68,Debit Card
4885,1588,576,5,2022-06-15,840.69,Credit Card
4886,388,379,5,2025-06-21,1914.43,Wire Transfer
4887,1793,446,2,2022-07-08,7144.27,Credit Card
4888,1767,411,4,2024-07-13,3983.81,Debit Card
4889,1820,558,1,2024-11-17,4794.73,Credit Card
4890,1888,393,1,2022-08-23,1991.29,Cash
4891,1185,313,5,2024-07-12,6980.33,Wire Transfer
4892,748,560,5,2022-03-18,7639.46,Credit Card
4893,925,726,2,2023-03-05,2220.56,Debit Card
4894,1126,409,4,2025-09-06,927.44,Debit Card
4895,1632,630,2,2022-09-08,1268.94,Wire Transfer
4896,1076,489,4,2022-04-06,6741.93,Credit Card
4897,818,395,1,2023-10-10,1787.35,Debit Card
4898,614,405,2,2025-05-26,5192.23,Wire Transfer
4899,1566,308,5,2022-04-22,1950.09,Cash
4900,1444,367,2,2023-06-04,2116.41,Wire Transfer
4901,1103,796,2,2025-08-06,541.42,Credit Card
4902,363,491,1,2022-06-22,3547.83,Credit Card
4903,2175,666,5,2023-03-30,1353.07,Debit Card
4904,1444,556,5,2025-02-10,4242.63,Cash
4905,470,309,3,2024-03-04,6178.95,Credit Card
4906,832,778,3,2025-04-30,3991.55,Debit Card
4907,1106,417,3,2022-06-12,7198.28,Wire Transfer
4908,2072,567,1,2025-09-06,7543.79,Wire Transfer
4909,1624,399,2,2025-09-26,7117.76,Credit Card
4910,1406,785,5,2022-08-15,9398.78,Cash
4911,1842,598,5,2022-02-19,2754.3,Debit Card
4912,1953,697,2,2025-12-16,2299.84,Credit Card
4913,405,464,5,2023-12-06,6292.26,Debit Card
4914,782,676,2,2024-04-15,6151.33,Wire Transfer
4915,1780,441,1,2024-06-18,5345.93,Debit Card
4916,1041,568,1,2025-02-26,541.36,Wire Transfer
4917,2037,337,1,2025-03-31,5774.76,Cash
4918,1452,374,2,2022-10-11,9361.58,Cash
4919,1920,373,2,2022-12-12,3678.49,Wire Transfer
4920,1843,608,4,2025-07-04,9692.19,Credit Card
4921,796,499,5,2025-04-11,3889.19,Wire Transfer
4922,2074,430,5,2024-06-20,1828.62,Debit Card
4923,450,546,4,2025-12-23,4284.83,Debit Card
4924,1075,612,4,2024-12-09,5198.81,Debit Card
4925,1665,360,1,2022-11-12,6479.91,Credit Card
4926,1757,579,4,2025-05-21,5296.34,Cash
4927,396,403,2,2023-08-29,5598.83,Cash
4928,890,596,3,2022-02-22,728.64,Debit Card
4929,2153,620,2,2023-04-15,2909.39,Credit Card
4930,1743,787,4,2025-01-19,3451.62,Debit Card
4931,1294,641,5,2025-11-02,9877.34,Cash
4932,839,451,2,2023-02-08,3307.89,Wire Transfer
4933,1623,457,5,2022-12-26,9017.5,Debit Card
4934,872,506,2,2024-04-02,3394.99,Debit Card
4935,1984,774,5,2025-03-31,1413.05,Debit Card
4936,1427,479,2,2024-12-25,2852.37,Cash
4937,1372,497,5,2024-03-28,3091.87,Credit Card
4938,1696,523,3,2024-07-10,9793.36,Wire Transfer
4939,1879,389,1,2022-12-20,6905.77,Wire Transfer
4940,1144,587,2,2023-09-24,9350.97,Wire Transfer
4941,399,734,3,2023-01-08,8432.45,Debit Card
4942,2141,576,1,2025-07-15,5996.69,Cash
4943,1650,536,2,2022-06-14,6916.19,Wire Transfer
4944,1890,483,3,2024-09-19,6435.95,Debit Card
4945,692,509,3,2023-01-16,6829.5,Credit Card
4946,2112,793,3,2023-11-26,3015.35,Debit Card
4947,1096,430,4,2023-03-14,4377.19,Wire Transfer
4948,342,453,5,2023-04-17,6129.85,Wire Transfer
4949,1537,313,1,2023-01-16,841.32,Credit Card
4950,365,422,5,2025-01-04,5086.93,Cash
4951,514,659,5,2023-06-18,8667.41,Credit Card
4952,221,520,5,2024-11-26,5177.49,Credit Card
4953,1306,406,3,2023-10-28,5747.07,Wire Transfer
4954,1805,675,5,2024-03-09,2418.1,Wire Transfer
4955,1355,370,4,2024-03-04,8046.26,Cash
4956,1823,495,2,2025-11-25,3909.34,Wire Transfer
4957,1954,486,3,2023-06-20,9587.58,Credit Card
4958,2157,399,1,2022-10-31,9940.29,Credit Card
4959,1184,382,2,2025-08-24,9202.01,Cash
4960,505,375,2,2022-09-13,1306.33,Wire Transfer
4961,2139,674,2,2025-05-03,3665.24,Wire Transfer
4962,571,640,5,2022-08-08,9478.81,Credit Card
4963,2081,492,5,2024-08-19,8143.07,Credit Card
4964,1053,625,3,2022-08-08,9156.24,Wire Transfer
4965,584,767,5,2025-09-09,5939.26,Debit Card
4966,2132,514,5,2024-04-04,5063.78,Credit Card
4967,645,615,5,2023-04-26,1511.72,Credit Card
4968,625,744,3,2022-07-24,8474.98,Credit Card
4969,361,767,3,2023-06-26,7578.84,Cash
4970,1402,682,4,2024-10-26,1059.33,Wire Transfer
4971,829,667,4,2023-07-17,2489.44,Wire Transfer
4972,1932,618,4,2022-12-26,5794.14,Wire Transfer
4973,1095,444,4,2024-04-23,7001.82,Credit Card
4974,690,684,2,2023-09-03,1807.87,Wire Transfer
4975,1217,516,2,2022-08-31,2825.84,Wire Transfer
4976,527,661,4,2022-08-13,2334.55,Wire Transfer
4977,798,624,4,2024-10-29,2589.97,Cash
4978,1215,315,1,2025-11-24,9246.77,Cash
4979,489,517,2,2022-12-07,7300.29,Credit Card
4980,793,792,1,2025-02-02,7502.52,Wire Transfer
4981,1888,739,1,2022-05-08,8042.96,Credit Card
4982,1797,335,5,2023-07-12,3887.44,Credit Card
4983,773,483,3,2024-01-10,7788.25,Credit Card
4984,1578,570,2,2023-01-28,9794.93,Credit Card
4985,228,733,4,2024-02-13,7134.75,Credit Card
4986,1154,767,4,2025-07-12,4459.15,Credit Card
4987,243,658,3,2025-10-10,7305.42,Cash
4988,1905,400,2,2022-05-27,9057.55,Debit Card
4989,623,307,4,2023-02-01,1723.23,Cash
4990,1822,330,4,2025-11-30,3020.3,Credit Card
4991,377,767,5,2023-01-30,9233.31,Debit Card
4992,729,605,1,2024-10-08,9489.21,Debit Card
4993,1834,773,4,2023-01-06,5099.32,Wire Transfer
4994,1166,444,2,2023-06-05,4058.23,Credit Card
4995,1718,411,3,2022-10-07,3186.43,Credit Card
4996,398,532,5,2025-06-04,5238.14,Cash
4997,810,479,2,2025-07-12,9378.05,Debit Card
4998,1801,372,5,2023-03-10,1923.19,Debit Card
4999,1042,510,1,2025-04-17,4488.39,Credit Card
5000,1053,520,4,2023-06-08,9160.27,Wire Transfer
5001,1741,380,2,2022-05-25,3816.63,Credit Card
5002,1738,800,3,2025-01-11,7796.77,Debit Card
5003,222,383,1,2024-05-20,4197.97,Wire Transfer
5004,1336,342,1,2023-02-05,8146.8,Wire Transfer
5005,1281,573,5,2023-01-05,9819.52,Debit Card
5006,1290,491,1,2025-11-25,4184.31,Credit Card
5007,1042,473,2,2025-06-13,8528.44,Credit Card
5008,298,761,5,2025-03-28,9889.96,Credit Card
5009,1368,307,1,2022-07-06,9846.39,Cash
5010,2104,455,3,2025-01-07,4620.83,Cash
5011,635,310,2,2022-11-10,5114.73,Wire Transfer
5012,837,334,3,2025-11-27,3382.31,Credit Card
5013,1903,336,3,2022-03-18,3483.18,Cash
5014,1310,709,5,2023-05-30,5178.47,Wire Transfer
5015,788,306,4,2023-09-18,2404.93,Debit Card
5016,544,708,5,2025-04-18,7255.67,Debit Card
5017,2160,702,2,2025-01-23,5594.93,Credit Card
5018,1518,515,2,2023-07-02,9031.64,Debit Card
5019,2180,434,5,2024-04-05,8200.53,Debit Card
5020,771,585,4,2025-05-04,3563.48,Debit Card
5021,1874,426,5,2022-01-27,5305.14,Wire Transfer
5022,811,709,2,2025-03-17,7629.89,Debit Card
5023,1928,739,4,2025-10-14,2335.4,Debit Card
5024,443,637,2,2022-02-16,800.18,Wire Transfer
5025,2055,474,4,2022-03-08,8596.89,Cash
5026,761,452,4,2023-05-18,1806.73,Wire Transfer
5027,1160,631,5,2022-05-09,8949.41,Cash
5028,232,326,5,2023-12-01,9179.28,Wire Transfer
5029,591,683,5,2024-11-29,4876.65,Credit Card
5030,477,415,4,2024-04-07,8164.43,Debit Card
5031,732,682,4,2022-10-14,3950.32,Cash
5032,1378,782,2,2024-08-14,8653.51,Wire Transfer
5033,583,584,3,2024-09-26,8334.48,Cash
5034,1292,687,5,2025-09-23,1245.92,Cash
5035,2102,375,2,2022-08-03,6034.72,Debit Card
5036,1084,466,2,2024-10-07,6579.99,Cash
5037,414,489,1,2025-08-23,508.14,Wire Transfer
5038,1879,378,5,2024-01-03,9809.22,Credit Card
5039,576,735,2,2023-06-13,4362.39,Credit Card
5040,944,390,1,2022-09-07,5414.76,Debit Card
5041,413,476,5,2025-06-19,2350.64,Wire Transfer
5042,279,321,4,2023-07-30,6303.73,Wire Transfer
5043,1950,354,1,2025-09-12,8200.89,Credit Card
5044,828,484,4,2025-05-22,6065.98,Wire Transfer
5045,804,659,3,2023-07-04,7986.33,Cash
5046,982,522,3,2024-04-17,7445.53,Debit Card
5047,2147,615,3,2022-02-09,2757.75,Credit Card
5048,1605,628,3,2023-01-20,4640.22,Debit Card
5049,1201,479,2,2024-11-02,1911.96,Cash
5050,880,576,3,2024-09-16,898.39,Credit Card
5051,258,412,2,2023-05-31,1099.16,Wire Transfer
5052,2020,524,2,2025-03-26,9453.75,Wire Transfer
5053,1250,514,5,2022-12-11,9853.11,Cash
5054,1081,359,2,2023-11-05,1402.29,Credit Card
5055,647,627,2,2023-11-21,3684.34,Debit Card
5056,266,693,3,2023-05-13,1587.0,Credit Card
5057,2145,409,2,2025-10-25,8425.17,Wire Transfer
5058,1984,685,4,2024-10-14,5214.82,Credit Card
5059,1478,457,3,2024-02-27,6401.99,Credit Card
5060,2123,491,1,2024-01-16,5629.15,Wire Transfer
5061,2192,500,3,2022-08-21,7247.41,Wire Transfer
5062,1268,612,2,2023-06-28,3531.76,Debit Card
5063,1321,496,4,2024-09-09,1806.19,Credit Card
5064,1778,335,3,2025-09-11,667.39,Wire Transfer
5065,1212,679,4,2025-04-07,4734.08,Cash
5066,427,687,1,2023-03-15,9124.43,Wire Transfer
5067,974,546,1,2023-09-26,3400.03,Debit Card
5068,879,537,5,2022-05-02,2361.59,Debit Card
5069,1660,404,5,2022-05-30,9297.41,Cash
5070,2015,307,3,2023-11-18,1501.76,Debit Card
5071,801,583,5,2024-02-14,992.11,Credit Card
5072,579,301,4,2023-01-21,8854.43,Debit Card
5073,1402,519,5,2024-07-27,7158.64,Cash
5074,1651,764,4,2024-10-23,4509.65,Debit Card
5075,2139,530,5,2023-03-13,7647.27,Cash
5076,909,755,5,2025-01-12,7543.68,Debit Card
5077,507,472,5,2022-10-28,880.58,Wire Transfer
5078,979,387,2,2024-03-05,6924.34,Cash
5079,704,341,2,2025-03-20,6588.29,Debit Card
5080,468,423,5,2024-02-24,9655.9,Credit Card
5081,1810,631,4,2025-08-18,9682.91,Cash
5082,208,598,3,2022-03-27,4089.09,Cash
5083,2144,673,1,2024-05-08,6103.5,Debit Card
5084,708,717,2,2024-03-31,1842.9,Wire Transfer
5085,676,478,5,2024-08-22,1131.34,Wire Transfer
5086,1521,363,1,2025-05-01,4611.41,Debit Card
5087,364,784,2,2024-11-25,7053.88,Debit Card
5088,685,465,3,2025-02-27,5893.73,Credit Card
5089,1821,789,4,2023-02-26,4581.74,Debit Card
5090,1296,487,5,2023-07-20,8272.07,Cash
5091,767,683,3,2024-07-04,8047.06,Debit Card
5092,1105,509,2,2024-03-19,7453.45,Credit Card
5093,759,527,5,2025-11-04,1231.81,Debit Card
5094,2135,732,1,2022-09-30,8066.46,Debit Card
5095,2168,689,4,2023-05-28,9234.5,Cash
5096,438,348,2,2024-04-16,1064.7,Wire Transfer
5097,1328,524,4,2025-06-21,4315.88,Debit Card
5098,1434,303,5,2025-09-18,9889.38,Credit Card
5099,754,672,3,2023-05-06,6192.77,Debit Card
5100,1028,475,4,2022-04-08,5378.99,Debit Card
5101,668,746,1,2023-09-08,2185.74,Cash
5102,1678,399,2,2023-07-30,5872.12,Wire Transfer
5103,1492,416,1,2025-12-11,4670.91,Wire Transfer
5104,586,570,4,2023-09-22,1710.71,Wire Transfer
5105,975,747,3,2023-03-23,4911.16,Debit Card
5106,1048,668,3,2023-06-18,2061.79,Cash
5107,587,553,1,2023-08-03,7441.3,Cash
5108,1077,617,5,2025-04-14,9749.66,Debit Card
5109,459,715,5,2022-04-29,4960.98,Cash
5110,483,395,3,2023-04-08,6507.5,Wire Transfer
5111,1850,573,1,2025-11-11,4594.27,Cash
5112,2099,680,1,2022-08-12,1815.31,Debit Card
5113,240,324,1,2024-12-20,9720.28,Debit Card
5114,686,416,4,2023-06-05,1731.0,Credit Card
5115,1129,451,5,2024-04-29,1560.45,Credit Card
5116,420,638,5,2022-05-26,4862.14,Cash
5117,1353,350,4,2023-03-24,6759.43,Cash
5118,1215,506,2,2024-01-02,3871.77,Debit Card
5119,1224,798,4,2022-12-05,2328.91,Credit Card
5120,1744,635,1,2024-03-02,8280.15,Credit Card
5121,813,379,4,2022-11-17,3949.48,Wire Transfer
5122,1128,370,1,2024-08-07,2346.05,Wire Transfer
5123,2116,327,3,2025-08-13,3968.31,Debit Card
5124,888,571,1,2022-05-05,2538.26,Debit Card
5125,1843,350,5,2022-11-13,5434.75,Debit Card
5126,813,592,4,2025-05-17,6848.75,Debit Card
5127,460,547,1,2024-07-11,8095.8,Credit Card
5128,1190,564,2,2022-04-25,2661.84,Debit Card
5129,1166,379,3,2023-12-12,2086.06,Debit Card
5130,566,687,2,2022-11-03,686.23,Credit Card
5131,1982,490,2,2022-10-18,2666.83,Wire Transfer
5132,2011,347,2,2025-10-05,727.1,Debit Card
5133,744,761,3,2025-01-16,3782.0,Wire Transfer
5134,849,661,3,2024-10-13,1884.08,Credit Card
5135,1748,654,3,2022-12-15,6009.01,Wire Transfer
5136,2131,772,3,2022-06-23,4145.4,Credit Card
5137,1014,788,2,2025-06-25,1389.06,Debit Card
5138,2111,652,5,2022-01-09,4298.73,Wire Transfer
5139,1240,489,5,2023-07-21,2488.81,Debit Card
5140,1353,716,3,2023-02-10,6961.68,Cash
5141,775,556,4,2024-04-12,3962.14,Cash
5142,1333,522,1,2023-01-01,1896.79,Wire Transfer
5143,2111,672,4,2023-03-31,3821.22,Credit Card
5144,1213,541,4,2025-05-26,2631.59,Wire Transfer
5145,1757,569,4,2024-05-30,8059.9,Credit Card
5146,870,301,5,2022-08-01,9841.99,Cash
5147,469,334,1,2024-11-26,742.17,Credit Card
5148,1386,746,4,2022-10-30,7055.19,Cash
5149,1484,379,3,2023-09-25,3007.6,Wire Transfer
5150,1124,536,5,2024-08-02,1130.88,Debit Card
5151,1326,634,3,2023-02-02,636.34,Debit Card
5152,1730,677,3,2023-07-15,8869.59,Debit Card
5153,1959,649,4,2024-12-07,3859.26,Credit Card
5154,1795,398,3,2025-10-01,9948.17,Debit Card
5155,447,382,1,2024-02-12,4702.58,Credit Card
5156,1864,755,3,2022-01-15,2282.18,Debit Card
5157,2019,777,4,2023-05-10,7882.86,Credit Card
5158,2061,715,3,2023-08-06,9301.68,Credit Card
5159,1761,492,5,2023-05-11,8248.4,Cash
5160,331,553,5,2023-09-29,7579.39,Cash
5161,553,709,5,2024-07-12,3679.65,Wire Transfer
5162,396,338,2,2022-06-26,1112.66,Cash
5163,2017,314,5,2023-02-03,2412.34,Credit Card
5164,2140,692,5,2024-01-12,4744.7,Cash
5165,1130,647,2,2023-04-06,9583.9,Cash
5166,1890,610,5,2025-12-17,7367.11,Cash
5167,1606,686,4,2023-09-22,8368.69,Credit Card
5168,1222,509,5,2025-06-23,3134.29,Credit Card
5169,845,657,5,2025-08-01,6996.32,Wire Transfer
5170,427,762,2,2025-05-05,8693.16,Cash
5171,901,389,4,2022-03-10,5054.41,Cash
5172,1700,356,3,2025-10-15,4583.97,Credit Card
5173,1701,394,1,2022-07-07,7334.34,Wire Transfer
5174,465,393,4,2022-02-20,5819.16,Wire Transfer
5175,1596,640,3,2023-08-28,9935.13,Credit Card
5176,1710,385,4,2022-10-12,4538.48,Cash
5177,1658,745,3,2022-09-26,2171.46,Wire Transfer
5178,846,545,3,2023-02-25,4983.38,Wire Transfer
5179,411,322,4,2022-12-29,2734.45,Cash
5180,1796,591,2,2024-09-26,5831.91,Wire Transfer
5181,2164,785,4,2022-09-30,1695.07,Cash
5182,1601,572,4,2024-03-03,9524.77,Wire Transfer
5183,1619,606,3,2025-12-11,8668.32,Wire Transfer
5184,1674,422,1,2023-09-24,1977.87,Credit Card
5185,1143,428,3,2024-07-26,2137.73,Wire Transfer
5186,1588,413,5,2025-11-16,5368.17,Cash
5187,2100,727,4,2022-07-20,7842.37,Wire Transfer
5188,657,573,4,2023-09-04,2581.25,Credit Card
5189,925,636,2,2025-05-26,1079.23,Wire Transfer
5190,1952,742,3,2025-09-23,5682.58,Debit Card
5191,1450,430,2,2024-05-27,7070.17,Cash
5192,1182,432,4,2022-07-29,2821.47,Debit Card
5193,1355,385,3,2025-08-09,7527.79,Credit Card
5194,788,723,3,2022-09-12,9531.12,Debit Card
5195,676,782,5,2023-05-31,1802.21,Wire Transfer
5196,2022,650,5,2023-07-03,5354.78,Cash
5197,1186,690,1,2023-10-16,1040.0,Debit Card
5198,1501,381,5,2025-02-27,2463.28,Wire Transfer
5199,356,787,3,2025-03-17,1353.28,Debit Card
5200,1984,773,5,2024-11-16,4338.06,Wire Transfer
5201,1442,625,1,2022-02-02,8297.9,Wire Transfer
5202,390,369,4,2024-04-04,5982.74,Debit Card
5203,1641,448,5,2024-12-27,2614.56,Credit Card
5204,1181,748,3,2023-10-12,881.05,Cash
5205,1899,316,4,2025-10-11,5757.28,Credit Card
5206,1916,607,3,2025-04-17,1761.57,Debit Card
5207,746,405,4,2024-07-20,3755.97,Wire Transfer
5208,241,465,3,2022-04-02,5346.83,Debit Card
5209,507,788,5,2024-08-10,9085.46,Wire Transfer
5210,1143,501,5,2025-08-23,1277.32,Wire Transfer
5211,538,497,1,2023-07-08,6851.77,Credit Card
5212,1538,726,4,2025-05-08,633.77,Credit Card
5213,1299,485,1,2023-04-03,6484.13,Debit Card
5214,1153,622,2,2024-04-12,5739.56,Cash
5215,479,565,5,2024-08-04,8212.73,Credit Card
5216,1400,663,4,2024-09-16,5550.79,Wire Transfer
5217,1096,400,1,2025-07-12,3849.86,Debit Card
5218,1886,642,1,2022-12-09,2806.13,Debit Card
5219,473,620,2,2023-01-19,1309.87,Cash
5220,1037,514,1,2024-10-24,5578.82,Debit Card
5221,820,578,3,2022-09-16,8939.06,Credit Card
5222,1875,462,5,2023-11-09,5390.07,Wire Transfer
5223,1062,739,1,2022-01-30,7521.48,Debit Card
5224,2007,457,1,2022-07-25,3335.13,Debit Card
5225,2083,722,2,2024-09-18,4757.24,Wire Transfer
5226,1131,551,3,2024-12-27,3583.73,Debit Card
5227,489,666,1,2022-06-18,1538.03,Debit Card
5228,924,397,5,2022-11-29,4461.39,Cash
5229,1093,318,5,2022-05-25,7760.73,Credit Card
5230,472,627,1,2023-09-25,4252.26,Debit Card
5231,2154,749,3,2022-07-04,6676.7,Credit Card
5232,1290,683,5,2023-10-01,7706.85,Cash
5233,683,397,5,2024-12-04,3565.99,Credit Card
5234,1136,301,3,2024-09-24,8076.39,Cash
5235,448,516,3,2023-02-14,3719.79,Credit Card
5236,356,432,1,2024-09-10,2933.02,Credit Card
5237,1271,560,4,2025-09-16,2613.24,Debit Card
5238,2159,425,2,2023-05-23,2399.09,Credit Card
5239,654,382,4,2023-04-26,7502.68,Debit Card
5240,401,583,4,2024-04-14,8931.34,Debit Card
5241,1884,471,5,2022-12-25,2691.16,Credit Card
5242,324,359,3,2024-08-09,1309.78,Debit Card
5243,201,332,5,2025-04-30,3480.79,Credit Card
5244,1168,461,2,2023-11-02,6749.55,Wire Transfer
5245,1983,584,1,2024-09-19,4000.94,Debit Card
5246,1055,406,2,2024-08-09,5717.18,Wire Transfer
5247,840,405,5,2022-02-26,7570.9,Wire Transfer
5248,391,739,5,2022-09-25,4380.55,Debit Card
5249,1803,528,5,2025-07-28,9997.1,Cash
5250,716,488,5,2025-10-02,3330.52,Cash
5251,642,370,4,2025-02-13,9793.36,Wire Transfer
5252,2145,618,1,2025-09-07,2428.78,Wire Transfer
5253,2039,764,4,2023-03-23,1553.85,Credit Card
5254,2030,590,5,2022-12-28,7632.89,Wire Transfer
5255,343,387,3,2023-07-16,7171.94,Debit Card
5256,1415,670,4,2022-03-22,8206.11,Cash
5257,733,662,5,2025-03-28,3764.11,Cash
5258,427,772,5,2025-12-07,9342.67,Cash
5259,1537,356,1,2025-04-18,1635.07,Debit Card
5260,1853,413,2,2024-03-21,787.63,Credit Card
5261,1149,313,4,2023-03-08,3355.36,Debit Card
5262,1526,740,4,2022-10-16,8074.58,Debit Card
5263,1878,318,4,2023-06-16,6893.33,Cash
5264,660,482,5,2024-08-31,4643.98,Debit Card
5265,1625,761,1,2023-10-15,2934.41,Wire Transfer
5266,751,413,5,2025-09-25,1063.09,Debit Card
5267,593,529,5,2025-06-01,3706.3,Cash
5268,2091,471,3,2022-05-30,4870.19,Cash
5269,1988,595,1,2022-07-12,7026.73,Debit Card
5270,1045,489,4,2024-09-14,6636.73,Wire Transfer
5271,1431,726,2,2022-12-03,9499.78,Wire Transfer
5272,410,765,4,2025-02-28,1453.76,Cash
5273,1339,379,5,2024-05-13,3695.23,Wire Transfer
5274,1961,446,1,2022-12-02,5074.99,Wire Transfer
5275,846,707,1,2023-11-30,6871.61,Credit Card
5276,1475,482,1,2023-08-16,5206.79,Credit Card
5277,419,799,3,2025-06-28,9171.2,Wire Transfer
5278,607,586,4,2022-02-16,6282.39,Wire Transfer
5279,1667,550,3,2025-07-31,876.82,Credit Card
5280,1827,654,2,2024-08-10,1579.73,Credit Card
5281,1578,614,5,2024-12-12,7658.21,Credit Card
5282,1088,496,3,2022-01-04,7299.98,Cash
5283,758,623,3,2024-07-06,1958.22,Cash
5284,750,371,5,2024-05-09,1059.63,Credit Card
5285,342,548,1,2024-02-24,5997.82,Credit Card
5286,812,446,5,2025-02-21,6539.52,Credit Card
5287,701,406,4,2024-03-22,1785.35,Cash
5288,1040,563,5,2025-06-05,4999.38,Cash
5289,902,596,1,2022-12-06,3405.4,Wire Transfer
5290,1771,370,5,2025-03-22,9347.4,Debit Card
5291,1883,770,3,2022-09-19,2582.4,Wire Transfer
5292,1766,493,2,2025-04-02,7465.98,Debit Card
5293,2070,368,3,2025-10-05,5422.27,Debit Card
5294,1731,794,2,2023-05-06,609.45,Debit Card
5295,796,605,5,2024-02-13,5411.49,Wire Transfer
5296,2105,352,4,2024-08-19,1444.99,Cash
5297,481,670,5,2022-04-27,6761.09,Cash
5298,624,663,1,2023-12-23,5872.47,Cash
5299,1056,585,5,2023-06-11,599.06,Cash
5300,470,705,2,2025-06-27,2444.58,Wire Transfer
5301,354,774,3,2025-07-03,7874.14,Credit Card
5302,814,634,4,2024-10-20,3119.84,Debit Card
5303,1951,309,5,2024-08-15,5243.19,Cash
5304,862,551,5,2024-12-07,3463.99,Cash
5305,2168,731,3,2023-06-19,9254.51,Wire Transfer
5306,283,632,4,2023-08-14,5597.48,Debit Card
5307,1846,598,5,2024-03-19,7113.65,Cash
5308,1147,735,5,2025-10-01,1293.02,Credit Card
5309,1099,484,2,2024-11-23,883.19,Cash
5310,1650,479,2,2024-03-15,2962.67,Debit Card
5311,1499,498,1,2025-01-29,3436.78,Credit Card
5312,1937,428,3,2023-06-26,7032.97,Wire Transfer
5313,484,320,4,2024-12-02,5906.74,Credit Card
5314,1180,772,5,2023-08-23,4058.51,Debit Card
5315,373,711,5,2023-02-13,6714.12,Debit Card
5316,1551,722,1,2024-06-09,2053.87,Credit Card
5317,1942,628,5,2024-09-29,1103.15,Cash
5318,1287,365,3,2023-11-02,8617.8,Debit Card
5319,1297,482,1,2024-04-05,5857.49,Credit Card
5320,963,541,3,2024-10-10,6666.41,Debit Card
5321,1860,669,1,2025-01-25,3418.8,Cash
5322,1599,324,5,2025-07-31,4033.57,Cash
5323,833,684,1,2023-06-02,1282.49,Credit Card
5324,1732,731,2,2025-10-21,8641.39,Wire Transfer
5325,987,755,4,2024-07-19,6128.17,Wire Transfer
5326,1143,383,5,2025-02-24,1294.46,Cash
5327,1212,770,4,2024-10-18,8143.03,Wire Transfer
5328,598,619,5,2022-10-28,4719.1,Cash
5329,1344,485,4,2022-04-15,7768.46,Wire Transfer
5330,1134,739,2,2024-11-26,619.89,Cash
5331,1661,616,4,2024-01-17,773.03,Debit Card
5332,2053,399,1,2024-10-22,2122.44,Credit Card
5333,876,362,4,2023-11-28,2503.71,Credit Card
5334,1136,586,5,2023-04-01,7757.58,Wire Transfer
5335,665,777,3,2023-02-21,7213.59,Credit Card
5336,486,322,4,2024-12-02,6352.84,Wire Transfer
5337,465,759,4,2023-02-09,8906.16,Cash
5338,520,512,4,2024-11-09,2847.91,Debit Card
5339,873,426,5,2023-07-15,9091.85,Credit Card
5340,1600,713,4,2025-01-30,9139.98,Debit Card
5341,1020,799,5,2022-07-28,4625.47,Credit Card
5342,289,725,5,2022-10-27,1396.67,Cash
5343,1878,342,3,2024-09-28,7402.32,Credit Card
5344,1427,398,1,2024-03-28,3700.82,Credit Card
5345,1021,749,5,2022-10-25,8051.83,Cash
5346,1963,331,2,2025-08-11,2055.06,Wire Transfer
5347,1201,458,4,2023-02-07,5625.39,Wire Transfer
5348,2179,412,2,2023-09-07,5326.7,Cash
5349,534,702,4,2022-10-23,1452.99,Wire Transfer
5350,422,547,3,2023-07-21,3951.66,Credit Card
5351,241,422,5,2023-12-19,1305.18,Debit Card
5352,1932,573,1,2023-03-08,4915.03,Cash
5353,268,594,5,2025-01-27,8507.59,Credit Card
5354,1188,698,4,2023-07-30,3066.95,Cash
5355,2000,771,1,2024-12-01,7766.19,Debit Card
5356,714,773,5,2022-10-30,2242.56,Credit Card
5357,2097,507,1,2023-07-05,6900.48,Credit Card
5358,1861,410,4,2022-01-12,9197.61,Debit Card
5359,1846,740,3,2025-01-12,3577.32,Debit Card
5360,1822,578,3,2024-07-02,9053.91,Wire Transfer
5361,2161,751,5,2025-04-09,5301.5,Credit Card
5362,1856,356,2,2023-10-28,3509.65,Debit Card
5363,1351,675,4,2025-03-13,9016.83,Debit Card
5364,1479,703,5,2024-08-03,804.35,Credit Card
5365,895,357,5,2022-01-06,766.18,Wire Transfer
5366,1240,728,3,2023-01-06,6198.38,Cash
5367,677,782,1,2023-12-23,8069.13,Wire Transfer
5368,1286,591,4,2024-06-22,7639.69,Debit Card
5369,1081,414,1,2022-04-06,1254.96,Cash
5370,632,681,4,2024-10-26,9527.39,Cash
5371,1894,685,2,2024-03-04,7179.1,Wire Transfer
5372,468,608,3,2024-02-07,9516.56,Cash
5373,1259,641,2,2023-03-03,3626.43,Debit Card
5374,979,777,5,2024-05-18,7092.42,Credit Card
5375,1800,498,3,2022-02-10,8669.42,Credit Card
5376,694,721,5,2022-04-05,4114.41,Credit Card
5377,1786,621,2,2024-12-07,9666.17,Wire Transfer
5378,1693,479,4,2023-04-15,3017.43,Credit Card
5379,1991,685,5,2023-05-22,3498.33,Credit Card
5380,861,519,1,2022-11-01,9243.12,Credit Card
5381,1549,577,4,2023-10-13,9711.77,Cash
5382,1528,737,4,2022-03-17,3209.36,Cash
5383,1500,316,2,2023-03-15,1795.71,Cash
5384,2093,792,2,2024-02-09,7711.03,Debit Card
5385,2187,679,3,2023-11-11,9331.82,Debit Card
5386,1908,361,3,2025-12-30,6206.78,Debit Card
5387,2153,354,1,2023-07-22,6527.93,Credit Card
5388,1213,468,4,2023-07-20,7747.96,Cash
5389,1425,326,1,2024-01-06,1954.31,Debit Card
5390,1669,636,1,2022-10-05,9747.95,Wire Transfer
5391,2129,776,2,2025-07-03,3961.13,Cash
5392,1548,365,1,2024-04-15,6468.28,Credit Card
5393,1259,400,1,2022-10-08,4951.85,Cash
5394,1177,374,5,2025-03-04,4947.72,Credit Card
5395,682,492,3,2022-02-20,7176.07,Debit Card
5396,928,471,3,2025-12-05,9949.29,Credit Card
5397,680,573,4,2025-06-17,6761.07,Credit Card
5398,1289,677,3,2024-04-26,8043.56,Wire Transfer
5399,1232,487,4,2022-06-12,762.35,Cash
5400,1525,323,5,2022-11-11,8199.06,Credit Card
5401,543,691,3,2023-02-12,3349.77,Wire Transfer
5402,1655,728,5,2022-12-18,1703.67,Wire Transfer
5403,1648,481,3,2023-12-28,1576.67,Wire Transfer
5404,532,627,3,2025-10-11,6958.81,Debit Card
5405,638,408,5,2023-10-11,9977.36,Debit Card
5406,1812,635,1,2024-08-23,6828.85,Credit Card
5407,374,462,1,2024-10-02,2992.31,Cash
5408,759,602,1,2025-06-26,2431.41,Debit Card
5409,727,793,1,2022-02-19,5496.59,Debit Card
5410,2097,752,3,2023-08-14,1117.87,Credit Card
5411,859,506,2,2025-02-19,4293.64,Credit Card
5412,226,378,5,2025-04-04,6829.23,Debit Card
5413,1020,316,2,2025-09-15,9692.79,Credit Card
5414,805,627,2,2024-10-23,4543.71,Wire Transfer
5415,606,396,4,2022-12-24,2402.13,Credit Card
5416,432,447,1,2024-01-09,8264.94,Wire Transfer
5417,733,302,3,2022-02-17,7569.9,Debit Card
5418,2043,310,1,2024-08-02,8667.19,Cash
5419,1774,734,1,2024-03-20,2539.83,Wire Transfer
5420,2012,425,2,2024-08-31,4345.91,Cash
5421,705,381,4,2025-09-20,9824.77,Debit Card
5422,1893,785,1,2024-09-30,2001.4,Credit Card
5423,379,440,5,2023-04-13,6878.78,Wire Transfer
5424,332,626,5,2022-10-18,2753.25,Wire Transfer
5425,2047,450,1,2025-06-01,5251.51,Debit Card
5426,1679,588,2,2022-10-11,8104.84,Debit Card
5427,548,661,2,2022-08-24,5141.57,Credit Card
5428,740,640,3,2022-10-29,8152.08,Cash
5429,972,429,4,2024-01-13,4550.18,Wire Transfer
5430,1630,738,2,2022-07-01,9993.85,Cash
5431,276,539,3,2025-10-01,4640.37,Wire Transfer
5432,2165,358,5,2025-11-11,1919.11,Wire Transfer
5433,779,498,5,2025-11-22,4317.76,Credit Card
5434,1054,511,5,2022-02-27,7554.64,Wire Transfer
5435,1716,702,1,2025-10-13,8555.41,Wire Transfer
5436,394,690,4,2025-12-27,4870.98,Debit Card
5437,1386,345,3,2025-10-07,6147.53,Credit Card
5438,547,397,4,2024-09-06,8526.46,Debit Card
5439,1151,579,1,2024-10-20,8228.69,Wire Transfer
5440,1585,323,3,2022-06-28,6748.38,Credit Card
5441,1993,710,3,2025-06-30,8242.76,Wire Transfer
5442,1808,761,2,2022-03-29,5971.15,Credit Card
5443,1311,691,4,2023-04-09,544.16,Cash
5444,2158,635,4,2025-12-18,892.03,Cash
5445,1486,344,2,2023-09-09,9808.18,Credit Card
5446,414,327,5,2022-07-11,1877.42,Wire Transfer
5447,1889,582,1,2025-11-16,4342.91,Credit Card
5448,1946,397,4,2025-12-07,9371.21,Wire Transfer
5449,2137,763,2,2022-10-01,2352.88,Cash
5450,773,336,3,2025-06-16,8516.02,Wire Transfer
5451,980,409,2,2023-07-25,8273.54,Debit Card
5452,462,355,5,2023-07-11,9870.13,Cash
5453,930,492,1,2023-01-19,3175.98,Debit Card
5454,483,519,5,2022-03-07,3495.59,Cash
5455,1872,485,3,2023-01-27,9077.34,Cash
5456,1691,369,3,2022-03-20,2723.75,Debit Card
5457,1604,617,3,2025-09-11,5705.06,Credit Card
5458,562,430,3,2024-08-24,7219.78,Wire Transfer
5459,1673,355,2,2025-07-18,3082.9,Cash
5460,641,678,3,2024-11-13,9414.92,Wire Transfer
5461,293,397,3,2022-07-11,6824.13,Cash
5462,1845,636,2,2025-10-05,947.82,Wire Transfer
5463,953,387,3,2025-08-06,1789.51,Cash
5464,1067,594,5,2023-05-24,2312.42,Credit Card
5465,1648,419,5,2022-06-12,2827.09,Cash
5466,342,508,4,2024-10-25,7441.44,Credit Card
5467,1515,634,5,2024-11-29,1344.88,Cash
5468,1656,713,1,2025-08-02,3830.65,Wire Transfer
5469,949,454,1,2022-03-18,9158.14,Debit Card
5470,2076,335,1,2022-07-26,5788.34,Cash
5471,2048,379,2,2024-05-23,3022.22,Cash
5472,1913,367,5,2024-06-22,9592.03,Credit Card
5473,853,643,1,2022-02-19,2821.0,Wire Transfer
5474,901,713,4,2023-08-03,9098.45,Credit Card
5475,1198,334,2,2024-05-02,7394.81,Wire Transfer
5476,249,397,4,2024-12-13,7534.95,Wire Transfer
5477,1526,469,5,2023-04-07,7766.92,Credit Card
5478,1081,469,3,2023-12-08,5312.41,Debit Card
5479,1414,451,4,2025-04-03,8238.5,Wire Transfer
5480,1360,371,3,2025-10-24,8443.83,Debit Card
5481,755,303,2,2022-12-03,3924.62,Credit Card
5482,604,614,4,2023-01-05,4303.27,Debit Card
5483,1092,332,4,2025-10-04,8943.19,Wire Transfer
5484,1065,587,2,2023-08-02,5484.93,Credit Card
5485,802,382,2,2024-11-14,8735.96,Debit Card
5486,2031,343,1,2024-06-12,6454.31,Credit Card
5487,541,691,5,2023-02-21,6138.89,Credit Card
5488,1981,405,4,2024-08-12,794.32,Debit Card
5489,2169,301,4,2024-08-15,3140.0,Wire Transfer
5490,904,361,2,2024-05-14,5269.55,Wire Transfer
5491,518,570,2,2022-05-26,6079.51,Wire Transfer
5492,818,480,5,2025-12-23,6489.13,Wire Transfer
5493,1587,524,2,2023-08-08,7304.12,Cash
5494,2046,306,3,2024-07-20,6734.22,Credit Card
5495,582,403,3,2025-07-17,8561.48,Credit Card
5496,433,310,3,2023-09-11,3306.97,Cash
5497,2001,371,3,2025-02-03,6594.91,Credit Card
5498,1568,390,5,2025-11-19,986.02,Credit Card
5499,1773,526,4,2023-06-09,5061.81,Debit Card
5500,1017,458,3,2023-08-15,3046.31,Cash
5501,753,528,2,2025-08-15,4118.43,Credit Card
5502,1753,705,3,2022-08-22,3869.3,Credit Card
5503,1056,426,5,2022-02-11,1074.09,Cash
5504,2013,744,2,2025-08-19,4933.14,Cash
5505,1019,509,3,2025-04-14,9948.98,Debit Card
5506,1795,397,4,2025-11-20,3339.89,Debit Card
5507,2159,374,2,2022-03-27,7493.39,Wire Transfer
5508,383,415,2,2022-08-17,5703.99,Wire Transfer
5509,1265,491,4,2022-06-03,3589.64,Debit Card
5510,1775,795,2,2024-09-24,1351.27,Credit Card
5511,597,470,3,2024-06-03,2550.65,Cash
5512,1928,607,2,2023-06-09,7927.61,Debit Card
5513,979,748,3,2022-03-25,3150.69,Wire Transfer
5514,1718,504,4,2024-07-22,1870.87,Cash
5515,1883,356,1,2024-04-12,3647.33,Wire Transfer
5516,1107,508,4,2022-06-14,6048.41,Credit Card
5517,1557,341,3,2025-08-20,7182.9,Credit Card
5518,327,332,5,2022-10-18,4179.97,Wire Transfer
5519,1782,315,4,2024-12-21,5232.4,Cash
5520,1781,362,5,2025-07-16,4821.71,Wire Transfer
5521,201,455,5,2024-04-26,585.53,Cash
5522,1392,584,3,2022-12-27,4258.2,Debit Card
5523,1844,509,3,2023-03-28,6079.54,Wire Transfer
5524,219,620,1,2025-07-17,5914.47,Wire Transfer
5525,1556,794,2,2023-03-12,7622.79,Cash
5526,784,487,4,2024-12-25,6868.57,Debit Card
5527,656,798,3,2025-12-16,3129.66,Cash
5528,1157,742,4,2025-12-30,2928.61,Cash
5529,1333,430,5,2024-02-18,4909.35,Wire Transfer
5530,1492,427,2,2025-04-21,7463.21,Wire Transfer
5531,645,592,1,2025-12-16,1391.36,Cash
5532,1464,414,4,2023-07-02,9509.1,Credit Card
5533,2153,499,2,2023-01-04,5659.95,Credit Card
5534,1525,313,1,2022-06-16,3410.88,Credit Card
5535,802,571,4,2022-07-25,7087.22,Wire Transfer
5536,303,389,2,2025-05-31,924.9,Wire Transfer
5537,1188,515,3,2024-05-09,5101.77,Debit Card
5538,1474,744,4,2025-06-29,5116.71,Wire Transfer
5539,1677,578,2,2025-02-26,2038.77,Debit Card
5540,720,747,1,2024-09-10,8455.18,Wire Transfer
5541,1377,774,2,2024-06-08,8069.72,Credit Card
5542,1059,781,3,2022-03-12,1950.96,Credit Card
5543,374,503,4,2025-06-27,3956.36,Cash
5544,1567,374,4,2023-09-03,1454.08,Cash
5545,1894,325,4,2024-03-28,8561.78,Debit Card
5546,1205,401,3,2022-02-02,3571.54,Debit Card
5547,631,476,1,2025-09-28,4673.5,Cash
5548,927,727,4,2025-08-11,3576.78,Debit Card
5549,1913,417,1,2024-03-04,3445.25,Wire Transfer
5550,1911,466,2,2024-04-22,7599.37,Credit Card
5551,2076,341,1,2024-10-26,7601.88,Cash
5552,1050,729,1,2023-01-22,5418.99,Cash
5553,1882,644,4,2022-11-20,6747.36,Wire Transfer
5554,2186,724,5,2024-09-11,5360.8,Debit Card
5555,1548,666,5,2022-06-02,771.6,Cash
5556,1190,420,3,2023-10-25,1127.06,Cash
5557,1897,397,3,2023-12-21,4145.54,Wire Transfer
5558,839,445,5,2023-07-11,7622.59,Credit Card
5559,620,516,2,2022-09-28,9175.65,Cash
5560,794,529,4,2023-06-03,782.23,Cash
5561,685,613,4,2023-05-08,3996.29,Wire Transfer
5562,1883,430,2,2023-12-30,2625.93,Cash
5563,1975,652,2,2024-09-12,8244.45,Cash
5564,612,677,5,2025-11-14,8536.7,Credit Card
5565,1136,618,3,2022-07-30,2460.88,Cash
5566,1308,772,2,2025-06-28,7252.86,Wire Transfer
5567,1337,437,3,2023-02-19,7451.68,Credit Card
5568,1961,624,1,2024-05-13,2182.05,Credit Card
5569,532,637,4,2024-03-09,4620.11,Credit Card
5570,1602,573,5,2024-03-24,6393.21,Debit Card
5571,1979,417,4,2024-11-22,747.63,Wire Transfer
5572,855,606,5,2023-07-12,4343.62,Debit Card
5573,241,668,1,2023-04-11,1972.1,Cash
5574,2159,394,4,2025-05-30,5648.02,Credit Card
5575,1994,468,1,2022-11-18,8507.72,Debit Card
5576,1159,742,5,2022-09-21,5485.16,Cash
5577,2021,503,2,2022-01-23,841.84,Debit Card
5578,305,641,4,2022-11-04,781.74,Credit Card
5579,402,449,1,2024-01-28,6252.28,Cash
5580,650,702,4,2024-02-26,3615.82,Credit Card
5581,2043,483,4,2023-01-07,5940.33,Credit Card
5582,2067,713,4,2022-04-16,2054.55,Debit Card
5583,2197,452,3,2024-12-23,7880.19,Wire Transfer
5584,1490,374,1,2025-01-11,8676.84,Cash
5585,1110,665,1,2025-12-27,8947.64,Cash
5586,410,701,4,2025-08-07,3388.71,Wire Transfer
5587,763,574,2,2025-09-14,6776.99,Cash
5588,1342,342,4,2025-03-11,3150.9,Debit Card
5589,913,796,3,2024-06-17,7746.19,Cash
5590,1601,512,5,2022-07-07,1644.99,Debit Card
5591,1775,401,3,2024-06-27,7746.27,Cash
5592,1764,345,2,2022-03-23,4677.42,Debit Card
5593,971,382,4,2025-07-16,8627.72,Wire Transfer
5594,1308,317,1,2023-12-05,7519.84,Cash
5595,654,373,4,2024-10-15,4076.94,Debit Card
5596,867,314,2,2022-03-18,9083.62,Credit Card
5597,829,733,1,2024-02-20,3191.7,Credit Card
5598,1738,457,3,2023-03-16,9686.39,Credit Card
5599,1829,523,5,2023-02-21,7788.43,Cash
5600,1902,432,5,2023-07-23,9911.41,Debit Card
5601,587,638,4,2022-01-01,1012.09,Credit Card
5602,2136,704,3,2023-11-13,3103.34,Cash
5603,1574,676,2,2023-12-12,7542.01,Debit Card
5604,496,676,5,2025-06-14,9261.37,Credit Card
5605,458,347,3,2023-10-17,773.32,Credit Card
5606,1305,407,4,2023-06-15,500.09,Cash
5607,2161,408,1,2025-12-23,2934.3,Debit Card
5608,468,565,4,2024-04-13,8601.4,Cash
5609,619,505,4,2023-11-22,7787.95,Credit Card
5610,435,379,3,2023-12-26,3732.64,Cash
5611,2057,455,5,2025-03-27,519.11,Cash
5612,1535,571,3,2023-05-13,5769.7,Credit Card
5613,2037,776,1,2023-07-23,2760.58,Credit Card
5614,2199,785,3,2025-01-08,7583.28,Debit Card
5615,1186,547,2,2022-04-17,4740.32,Debit Card
5616,1581,319,4,2025-06-17,6946.72,Credit Card
5617,1437,646,5,2023-09-21,8596.93,Credit Card
5618,774,736,1,2024-04-28,5589.72,Wire Transfer
5619,249,326,4,2025-01-10,3691.58,Wire Transfer
5620,1351,517,3,2023-01-24,7810.66,Debit Card
5621,423,454,2,2025-07-23,3019.28,Cash
5622,1121,454,3,2025-11-30,8969.43,Credit Card
5623,1503,474,4,2023-12-23,1178.56,Credit Card
5624,1632,392,1,2025-09-29,8436.95,Cash
5625,1729,733,5,2022-01-02,1369.78,Debit Card
5626,1518,638,4,2025-07-29,1033.3,Wire Transfer
5627,2020,780,1,2023-03-31,3950.94,Debit Card
5628,477,481,4,2023-03-31,9587.22,Cash
5629,1662,431,2,2022-11-30,9843.12,Credit Card
5630,1331,750,3,2023-04-08,2419.67,Wire Transfer
5631,1882,781,5,2022-11-08,1912.06,Cash
5632,620,598,1,2025-08-15,3853.06,Credit Card
5633,811,575,5,2025-08-05,3702.32,Debit Card
5634,1653,573,5,2022-05-30,7716.13,Wire Transfer
5635,575,792,5,2022-07-28,4717.99,Credit Card
5636,273,717,1,2025-06-12,7908.89,Credit Card
5637,2173,376,1,2023-08-06,7612.77,Credit Card
5638,1858,477,5,2022-09-05,5993.95,Credit Card
5639,1254,484,3,2024-01-16,8418.36,Credit Card
5640,1412,619,4,2023-09-01,2358.65,Debit Card
5641,1588,431,5,2022-11-16,2037.2,Cash
5642,2090,663,2,2024-11-18,7631.18,Wire Transfer
5643,2024,349,5,2024-07-10,2825.57,Debit Card
5644,1675,355,1,2022-05-26,526.55,Wire Transfer
5645,395,454,4,2025-09-13,9163.62,Credit Card
5646,1380,655,2,2024-03-26,6417.9,Cash
5647,1396,500,4,2023-01-01,4726.91,Credit Card
5648,1047,608,4,2022-10-29,7394.5,Debit Card
5649,1265,656,2,2022-07-18,3666.65,Debit Card
5650,1287,673,5,2023-09-12,9559.83,Wire Transfer
5651,223,418,5,2022-07-17,1151.89,Credit Card
5652,560,563,5,2023-08-31,6589.01,Credit Card
5653,1299,346,3,2022-08-06,7884.25,Cash
5654,760,602,5,2024-08-16,4956.7,Cash
5655,872,656,2,2025-02-20,7672.2,Credit Card
5656,2049,700,3,2024-03-13,9305.65,Wire Transfer
5657,1342,708,5,2024-09-19,7567.94,Cash
5658,1836,489,3,2025-10-02,3438.99,Credit Card
5659,1604,610,2,2024-07-21,5837.54,Credit Card
5660,2153,618,5,2023-06-16,9160.23,Credit Card
5661,2144,429,1,2023-10-19,4766.43,Debit Card
5662,879,349,2,2025-06-10,6976.14,Wire Transfer
5663,1514,325,4,2022-07-10,4922.39,Credit Card
5664,640,566,4,2023-04-21,1652.77,Credit Card
5665,1892,418,2,2024-04-22,1056.68,Credit Card
5666,1133,764,4,2024-09-14,9546.6,Cash
5667,207,444,2,2025-01-19,6319.15,Credit Card
5668,1420,742,1,2023-04-10,1486.24,Debit Card
5669,621,500,2,2022-08-01,8645.67,Debit Card
5670,1792,457,5,2025-10-26,5465.58,Wire Transfer
5671,1033,787,5,2022-04-22,7833.36,Credit Card
5672,1417,648,3,2022-05-20,1704.18,Credit Card
5673,759,434,4,2023-12-24,9115.65,Credit Card
5674,1372,700,4,2025-04-11,6110.09,Debit Card
5675,2011,448,2,2025-02-04,7513.48,Cash
5676,1893,636,4,2025-10-01,798.11,Cash
5677,1426,371,5,2022-07-26,3495.4,Credit Card
5678,1668,533,1,2023-07-03,3040.73,Cash
5679,1114,634,2,2023-02-16,9521.15,Wire Transfer
5680,1643,599,4,2025-06-10,2260.72,Debit Card
5681,1651,454,5,2023-12-14,7216.99,Credit Card
5682,1207,390,3,2022-02-09,906.16,Cash
5683,1703,634,4,2024-10-30,2378.0,Credit Card
5684,1699,499,1,2023-07-22,3716.67,Credit Card
5685,326,461,1,2024-02-15,8047.81,Debit Card
5686,595,326,4,2025-07-28,8004.78,Debit Card
5687,1017,421,4,2023-01-10,9549.72,Cash
5688,1081,601,5,2022-12-17,9209.29,Debit Card
5689,2030,512,4,2023-01-20,1274.39,Wire Transfer
5690,776,363,3,2023-05-09,8383.74,Credit Card
5691,525,751,5,2022-06-06,4786.15,Debit Card
5692,1616,736,2,2024-10-14,8725.92,Cash
5693,1130,368,3,2022-10-30,1348.22,Cash
5694,1912,553,5,2025-09-14,8316.31,Cash
5695,1852,710,5,2022-11-11,2016.6,Wire Transfer
5696,1664,759,1,2023-01-09,3671.5,Debit Card
5697,1428,302,5,2023-03-10,774.06,Debit Card
5698,1710,698,3,2025-01-27,1675.42,Wire Transfer
5699,1033,408,4,2023-09-17,4734.4,Debit Card
5700,1255,586,3,2025-04-11,8274.21,Debit Card
5701,1612,349,2,2025-02-19,7849.86,Debit Card
5702,1849,440,5,2025-09-19,2735.33,Wire Transfer
5703,2101,518,5,2025-01-09,1941.06,Wire Transfer
5704,1658,344,5,2022-03-17,4198.0,Cash
5705,1037,717,5,2025-05-07,8891.05,Wire Transfer
5706,1126,569,1,2025-10-01,1368.54,Wire Transfer
5707,1600,378,1,2025-12-21,5657.68,Cash
5708,1568,516,4,2022-07-02,1343.67,Wire Transfer
5709,643,682,5,2024-06-14,4967.02,Debit Card
5710,1803,398,2,2022-10-19,1704.52,Credit Card
5711,275,536,4,2023-01-19,1263.2,Cash
5712,757,582,5,2024-12-24,2313.07,Credit Card
5713,1996,449,1,2025-11-28,2924.93,Credit Card
5714,1890,712,2,2024-05-18,3124.52,Cash
5715,1379,604,4,2025-05-26,6630.05,Credit Card
5716,1654,784,2,2022-01-13,1022.33,Credit Card
5717,563,724,5,2022-02-23,1267.69,Cash
5718,648,366,3,2024-05-21,2292.71,Cash
5719,1458,534,2,2023-07-22,8784.6,Debit Card
5720,1787,757,2,2025-07-23,6471.75,Cash
5721,2042,387,1,2023-03-17,7438.51,Wire Transfer
5722,462,379,5,2023-09-23,4018.44,Credit Card
5723,2051,505,2,2024-02-10,2525.59,Cash
5724,325,579,5,2023-02-03,860.63,Debit Card
5725,1111,637,1,2025-08-19,5141.09,Cash
5726,445,554,5,2023-11-10,5955.67,Credit Card
5727,742,604,1,2023-09-12,9021.53,Cash
5728,2162,680,1,2025-05-25,8879.88,Credit Card
5729,685,430,4,2023-04-01,4534.51,Cash
5730,322,384,5,2025-04-08,4523.99,Debit Card
5731,325,576,3,2022-06-28,2030.67,Wire Transfer
5732,1773,487,4,2022-09-24,2945.77,Debit Card
5733,370,346,1,2025-10-20,9293.8,Cash
5734,324,687,3,2025-05-14,1839.84,Credit Card
5735,2093,483,2,2023-07-21,9702.65,Debit Card
5736,1259,568,2,2024-07-21,5295.02,Wire Transfer
5737,1311,596,4,2025-10-08,4837.76,Wire Transfer
5738,846,622,3,2022-11-06,2159.06,Credit Card
5739,1932,400,5,2022-03-28,6784.64,Cash
5740,986,378,3,2024-02-24,4868.53,Debit Card
5741,401,572,4,2022-07-28,4021.3,Debit Card
5742,569,639,5,2022-10-01,3012.9,Credit Card
5743,997,462,5,2025-07-25,1131.62,Debit Card
5744,277,344,2,2022-01-11,5433.62,Credit Card
5745,259,538,3,2025-04-07,3472.63,Credit Card
5746,631,434,5,2024-01-25,7224.72,Cash
5747,838,761,4,2024-03-27,7373.46,Credit Card
5748,1724,492,2,2024-09-07,3655.02,Debit Card
5749,2137,656,5,2023-09-22,6856.65,Credit Card
5750,309,578,3,2022-06-18,2957.41,Debit Card
5751,1960,318,2,2022-05-31,7408.15,Credit Card
5752,1208,312,3,2025-01-06,652.73,Cash
5753,1502,480,3,2022-11-19,1940.28,Cash
5754,268,423,3,2022-02-11,2827.58,Credit Card
5755,1293,546,2,2025-12-01,7842.89,Credit Card
5756,1389,522,5,2025-12-02,1130.57,Credit Card
5757,1713,673,1,2023-07-07,2286.54,Cash
5758,505,351,5,2022-02-07,3906.93,Wire Transfer
5759,2133,788,2,2024-11-27,587.16,Credit Card
5760,874,371,1,2025-04-28,7740.15,Wire Transfer
5761,565,780,1,2022-07-02,5821.0,Credit Card
5762,2078,348,1,2022-07-17,9056.45,Debit Card
5763,1021,319,4,2025-04-15,794.79,Cash
5764,1603,562,2,2025-09-07,3078.21,Wire Transfer
5765,543,384,4,2025-02-28,7446.89,Wire Transfer
5766,1147,455,1,2022-10-21,6913.92,Cash
5767,1099,353,4,2023-08-24,2809.05,Wire Transfer
5768,1778,407,4,2024-05-27,6159.03,Credit Card
5769,1578,657,2,2022-08-23,8040.7,Wire Transfer
5770,1640,604,3,2022-11-04,817.12,Credit Card
5771,1333,435,4,2023-02-18,7317.47,Wire Transfer
5772,1787,743,4,2024-01-14,2894.92,Debit Card
5773,962,369,1,2024-01-16,9504.59,Wire Transfer
5774,1721,311,1,2025-04-03,5613.09,Wire Transfer
5775,541,443,1,2025-01-04,817.17,Credit Card
5776,1142,492,5,2025-08-27,4332.59,Cash
5777,583,687,4,2025-05-01,9679.96,Debit Card
5778,1204,678,1,2023-01-06,7438.54,Cash
5779,1757,369,2,2023-04-29,3354.55,Credit Card
5780,500,323,5,2024-01-01,5965.04,Debit Card
5781,339,481,3,2022-01-21,6191.46,Wire Transfer
5782,559,593,4,2025-08-12,721.81,Cash
5783,1036,309,4,2022-03-06,2198.92,Cash
5784,1723,571,2,2023-04-16,5741.88,Cash
5785,1609,687,3,2024-04-10,4326.15,Wire Transfer
5786,1828,393,3,2024-01-27,2305.36,Credit Card
5787,2183,754,5,2024-08-13,7840.35,Wire Transfer
5788,1504,317,4,2024-02-10,5145.45,Wire Transfer
5789,1861,454,1,2022-12-01,3444.74,Credit Card
5790,683,705,2,2022-10-21,2035.93,Credit Card
5791,1109,628,2,2025-08-17,6306.05,Wire Transfer
5792,1335,449,2,2023-01-21,6829.48,Credit Card
5793,1066,677,2,2023-02-15,6861.17,Cash
5794,339,567,1,2023-08-26,2592.73,Debit Card
5795,1196,722,1,2022-07-23,6155.71,Credit Card
5796,635,628,5,2024-01-11,9101.36,Debit Card
5797,709,406,4,2024-08-28,3855.28,Cash
5798,473,772,1,2025-02-21,2502.29,Credit Card
5799,1323,681,5,2024-11-04,7835.42,Wire Transfer
5800,1988,335,3,2022-08-04,2180.39,Wire Transfer
5801,2074,419,4,2023-10-28,2910.61,Cash
5802,304,314,1,2022-02-26,1456.12,Credit Card
5803,1438,314,3,2022-01-26,3044.81,Wire Transfer
5804,1985,566,5,2023-10-05,4398.18,Credit Card
5805,1888,440,1,2023-01-05,1109.5,Debit Card
5806,962,594,1,2024-09-24,8781.23,Wire Transfer
5807,987,664,3,2024-11-23,5379.91,Cash
5808,365,419,1,2025-07-31,6086.98,Wire Transfer
5809,1199,538,2,2025-01-15,4027.21,Cash
5810,2077,334,1,2022-03-12,6863.43,Cash
5811,720,469,4,2023-06-27,4601.93,Debit Card
5812,1508,310,3,2023-02-03,7732.48,Debit Card
5813,717,422,4,2023-07-18,8303.32,Cash
5814,857,701,5,2022-08-22,6882.57,Wire Transfer
5815,813,445,4,2022-05-23,5167.69,Cash
5816,364,751,2,2024-01-31,7931.56,Credit Card
5817,2110,746,2,2024-11-17,5195.71,Credit Card
5818,1883,523,4,2024-10-21,1559.34,Wire Transfer
5819,264,671,5,2023-10-21,1605.23,Wire Transfer
5820,1315,557,1,2024-02-02,9511.54,Debit Card
5821,1341,568,2,2024-01-24,2528.85,Credit Card
5822,2090,659,4,2024-10-06,8251.29,Cash
5823,467,304,4,2022-03-11,2843.7,Cash
5824,2046,726,4,2024-11-02,4592.41,Credit Card
5825,1909,697,1,2024-04-30,6722.01,Credit Card
5826,1783,654,3,2022-10-17,2009.24,Debit Card
5827,1364,406,5,2022-03-13,7503.84,Credit Card
5828,446,385,3,2022-06-08,7054.17,Debit Card
5829,1885,514,5,2024-02-06,5659.29,Wire Transfer
5830,1982,421,5,2025-01-12,5875.95,Wire Transfer
5831,595,432,4,2023-05-04,1504.83,Credit Card
5832,1711,638,2,2023-07-08,4641.52,Credit Card
5833,676,497,4,2025-09-25,1322.43,Credit Card
5834,1741,319,1,2022-11-07,3424.7,Credit Card
5835,1177,430,5,2022-06-01,9052.97,Cash
5836,1408,312,2,2023-05-17,5958.07,Cash
5837,1244,381,5,2024-12-25,7555.68,Wire Transfer
5838,2161,630,5,2024-07-03,5951.92,Cash
5839,758,654,4,2023-08-31,2345.25,Credit Card
5840,1218,562,2,2025-11-09,6150.68,Debit Card
5841,1748,692,2,2024-12-09,7676.19,Wire Transfer
5842,1806,425,5,2022-04-01,1814.85,Credit Card
5843,1753,607,2,2024-12-23,8260.61,Cash
5844,1083,567,2,2022-02-05,5776.23,Debit Card
5845,347,747,4,2024-08-07,540.61,Debit Card
5846,866,741,3,2022-11-04,5437.9,Cash
5847,1528,683,1,2024-10-13,4258.88,Credit Card
5848,820,440,3,2023-03-29,3316.24,Debit Card
5849,1972,629,2,2025-06-28,7826.94,Debit Card
5850,1020,302,5,2023-05-07,9045.25,Cash
5851,1064,308,1,2024-06-23,7745.2,Debit Card
5852,782,550,1,2023-02-22,8544.34,Debit Card
5853,1223,439,5,2025-09-01,9133.42,Debit Card
5854,895,424,1,2025-02-14,9169.98,Wire Transfer
5855,1986,609,5,2022-12-22,1589.06,Credit Card
5856,1452,528,1,2025-10-17,4835.66,Credit Card
5857,1326,310,3,2023-06-06,502.72,Cash
5858,1811,769,1,2024-08-09,5311.39,Credit Card
5859,1641,512,4,2024-12-20,9280.32,Debit Card
5860,2182,412,5,2022-02-03,2391.47,Credit Card
5861,1440,308,1,2025-11-01,6577.97,Wire Transfer
5862,607,592,5,2023-05-18,6621.6,Debit Card
5863,599,777,4,2022-10-05,2023.36,Debit Card
5864,2147,662,1,2025-05-27,2766.01,Wire Transfer
5865,915,760,1,2024-10-23,4889.21,Wire Transfer
5866,904,553,4,2022-05-07,2287.99,Credit Card
5867,961,314,4,2022-06-20,6057.44,Credit Card
5868,699,540,4,2024-11-10,5103.15,Credit Card
5869,1978,738,5,2022-04-20,5432.38,Wire Transfer
5870,1689,542,4,2025-09-01,1777.44,Credit Card
5871,1915,769,5,2024-12-18,5413.89,Cash
5872,2173,642,3,2023-05-05,970.04,Credit Card
5873,1174,449,1,2023-06-14,8874.59,Wire Transfer
5874,1955,536,1,2024-01-10,3760.87,Wire Transfer
5875,282,606,2,2023-06-12,8635.2,Cash
5876,804,778,3,2025-02-17,7165.74,Debit Card
5877,2171,467,4,2025-11-24,7778.64,Cash
5878,1911,320,4,2024-05-03,3488.17,Wire Transfer
5879,1975,516,3,2023-10-14,2663.57,Debit Card
5880,972,643,4,2022-11-22,4364.04,Cash
5881,1103,435,2,2024-08-12,730.15,Cash
5882,565,693,5,2024-09-27,9228.18,Debit Card
5883,363,429,1,2024-09-27,4176.64,Cash
5884,1272,710,3,2022-02-09,9891.29,Debit Card
5885,711,722,1,2025-08-05,7733.77,Credit Card
5886,1553,594,5,2023-05-09,1264.89,Debit Card
5887,2064,546,3,2024-12-22,6771.79,Cash
5888,316,489,5,2025-01-14,3072.97,Credit Card
5889,1141,344,4,2024-08-07,2815.33,Wire Transfer
5890,2073,386,4,2023-07-31,2937.35,Wire Transfer
5891,537,344,4,2024-06-07,9202.71,Wire Transfer
5892,1081,630,5,2022-02-28,5249.81,Cash
5893,937,675,5,2025-01-17,6859.97,Credit Card
5894,2088,746,5,2022-05-26,3169.0,Debit Card
5895,1040,678,1,2023-08-03,5468.07,Wire Transfer
5896,347,690,5,2022-06-01,3825.95,Wire Transfer
5897,1799,445,4,2025-05-07,3550.82,Credit Card
5898,2030,351,2,2024-03-14,2846.2,Credit Card
5899,1547,542,5,2024-10-05,4385.57,Credit Card
5900,643,594,2,2024-09-23,6770.29,Cash
5901,1037,708,4,2025-05-13,2609.42,Credit Card
5902,1237,351,5,2022-07-13,9671.72,Debit Card
5903,1143,566,1,2024-08-21,1683.81,Debit Card
5904,1718,420,1,2024-04-19,5061.97,Wire Transfer
5905,1925,500,2,2022-02-15,1307.77,Debit Card
5906,487,705,1,2022-10-22,715.32,Credit Card
5907,920,548,1,2023-01-26,9265.43,Debit Card
5908,1338,370,1,2022-04-16,8198.66,Wire Transfer
5909,680,641,4,2023-06-02,7094.48,Cash
5910,222,357,1,2022-02-09,8719.31,Debit Card
5911,1573,682,3,2024-03-18,8127.06,Wire Transfer
5912,1950,339,5,2022-11-05,6648.76,Wire Transfer
5913,883,772,1,2023-02-24,8549.75,Credit Card
5914,2059,589,1,2025-08-22,4212.61,Wire Transfer
5915,1790,743,1,2024-01-05,5751.14,Debit Card
5916,1106,318,3,2023-01-28,7874.95,Wire Transfer
5917,2034,740,1,2024-05-23,1305.58,Wire Transfer
5918,520,520,1,2022-10-22,8657.13,Credit Card
5919,326,613,5,2022-04-19,1989.89,Credit Card
5920,477,544,3,2022-01-31,8713.14,Debit Card
5921,1428,652,3,2025-10-21,3457.66,Wire Transfer
5922,394,760,1,2024-11-23,3604.44,Cash
5923,1905,604,3,2025-03-13,1202.51,Wire Transfer
5924,1888,598,2,2025-12-03,8916.05,Cash
5925,1771,583,3,2025-09-22,2157.85,Debit Card
5926,896,374,3,2024-12-11,6485.47,Credit Card
5927,1510,410,3,2024-10-10,6617.69,Debit Card
5928,257,480,4,2023-05-07,3170.94,Credit Card
5929,1958,726,4,2022-06-01,9863.78,Credit Card
5930,1527,332,4,2024-04-17,1109.58,Wire Transfer
5931,1387,534,3,2024-04-21,6274.78,Wire Transfer
5932,219,582,2,2025-10-22,5055.67,Credit Card
5933,1594,325,3,2023-10-09,2832.1,Cash
5934,464,631,1,2024-10-05,2053.74,Cash
5935,994,579,2,2024-04-19,7502.3,Wire Transfer
5936,313,526,4,2022-09-16,9204.99,Debit Card
5937,1712,357,5,2024-05-14,1521.69,Cash
5938,1551,480,2,2024-02-28,2342.81,Credit Card
5939,742,532,4,2023-12-23,9869.56,Wire Transfer
5940,847,682,2,2024-01-20,642.72,Wire Transfer
5941,779,643,2,2022-08-28,5328.39,Credit Card
5942,1289,777,3,2023-11-08,5403.07,Debit Card
5943,1516,587,1,2024-06-03,3000.03,Credit Card
5944,225,364,5,2023-12-16,6798.77,Debit Card
5945,1773,755,4,2023-12-15,9476.94,Wire Transfer
5946,201,532,2,2022-04-24,4777.03,Debit Card
5947,1111,589,5,2022-10-06,7619.49,Credit Card
5948,1773,513,2,2023-04-14,6637.67,Wire Transfer
5949,341,558,1,2023-09-05,4992.95,Cash
5950,1968,318,5,2024-05-17,973.22,Wire Transfer
5951,848,475,4,2025-06-14,7546.62,Credit Card
5952,2125,717,2,2022-08-21,3950.89,Credit Card
5953,388,529,1,2022-01-23,2632.7,Wire Transfer
5954,1352,526,5,2023-10-18,9508.55,Wire Transfer
5955,401,384,2,2023-09-23,7848.28,Wire Transfer
5956,1351,591,2,2024-03-16,9641.55,Debit Card
5957,457,735,4,2025-05-01,2934.06,Cash
5958,1900,670,1,2025-03-17,8440.04,Debit Card
5959,747,546,3,2022-05-27,6273.35,Credit Card
5960,394,702,2,2025-09-25,9824.29,Wire Transfer
5961,903,410,5,2022-06-11,9490.01,Debit Card
5962,1328,554,4,2024-07-15,9743.2,Debit Card
5963,1759,388,4,2024-09-08,9541.79,Credit Card
5964,1489,372,2,2024-09-19,572.78,Debit Card
5965,1002,681,2,2023-01-23,7540.31,Credit Card
5966,1142,330,2,2023-04-28,3083.38,Debit Card
5967,2198,472,3,2024-03-12,7197.76,Cash
5968,1608,609,2,2022-10-19,9815.81,Credit Card
5969,1484,694,1,2022-01-30,873.91,Cash
5970,614,643,5,2024-03-31,5886.38,Debit Card
5971,1582,736,2,2023-11-11,7482.06,Cash
5972,1299,477,3,2024-08-16,2906.91,Cash
5973,1579,439,5,2022-08-03,2638.66,Cash
5974,1808,494,4,2025-05-12,1073.28,Debit Card
5975,1995,486,2,2022-08-02,1392.24,Credit Card
5976,1110,518,5,2025-07-25,6739.12,Debit Card
5977,388,464,4,2023-10-19,5299.5,Debit Card
5978,2197,461,3,2024-03-13,785.69,Debit Card
5979,1909,731,1,2025-08-02,9711.79,Credit Card
5980,1514,313,2,2023-03-14,6732.44,Wire Transfer
5981,245,596,1,2022-09-23,5396.95,Debit Card
5982,1797,389,3,2023-10-13,3090.88,Debit Card
5983,283,624,5,2022-12-23,6751.94,Credit Card
5984,1347,342,5,2024-02-10,3959.59,Wire Transfer
5985,558,703,3,2023-02-06,7173.69,Wire Transfer
5986,1752,510,3,2025-06-16,6984.43,Wire Transfer
5987,1290,529,2,2024-06-05,1381.07,Wire Transfer
5988,1136,650,4,2022-01-01,9137.98,Credit Card
5989,1881,575,1,2025-03-21,5126.26,Credit Card
5990,575,742,1,2023-04-28,4232.98,Wire Transfer
5991,362,579,5,2023-04-13,9576.89,Cash
5992,1970,551,5,2023-07-14,4662.99,Credit
5993,1604,610,2,2024-07-09,7351.6,Cash
5994,1880,508,3,2025-12-01,16723.8,Cash
5994,1880,508,3,2025-12-01,16723.8,Cash
5994,1880,508,3,2025-12-01,16723.8,Cash
5995,1582,621,1,2024-07-06,2068.83,Wire Transfer
5996,1412,440,2,2022-08-03,9915.86,Wire Transfer
5997,522,580,5,2025-11-17,4904.24,Debit Card
5998,650,334,5,2024-12-01,4250.43,Cash
5999,1698,609,1,2023-01-01,9236.33,Debit Card
6000,1237,692,5,2024-11-23,5527.76,Wire Transfer
